Country,Category,Description,Units,Year,Month,Quantity,Value,M2
_ANDEAN (ATPA),1,M2 TOTAL APPAREL IMPORTS (MFA),SME,2026,1,63124,175525,63124
_ANDEAN (ATPA),1,M2 TOTAL APPAREL IMPORTS (MFA),SME,2026,2,55595,143339,55595
_ANDEAN (ATPA),1,M2 TOTAL APPAREL IMPORTS (MFA),SME,2026,3,72383,402860,72383
_ANDEAN (ATPA),1,M2 TOTAL APPAREL IMPORTS (MFA),SME,2026,4,92512,248077,92512
_ANDEAN (ATPA),1,M2 TOTAL APPAREL IMPORTS (MFA),SME,2026,5,149566,273024,149566
_ANDEAN (ATPA),1,M2 TOTAL APPAREL IMPORTS (MFA),SME,2026,6,180212,385035,180212
_ASEAN,1,M2 TOTAL APPAREL IMPORTS (MFA),SME,2026,1,704166952,2495506579,704166952
_ASEAN,1,M2 TOTAL APPAREL IMPORTS (MFA),SME,2026,2,621000280,2010496050,621000280
_ASEAN,1,M2 TOTAL APPAREL IMPORTS (MFA),SME,2026,3,694452311,2230782468,694452311
_ASEAN,1,M2 TOTAL APPAREL IMPORTS (MFA),SME,2026,4,610438035,2056336046,610438035
_ASEAN,1,M2 TOTAL APPAREL IMPORTS (MFA),SME,2026,5,600207187,2011626948,600207187
_ASEAN,1,M2 TOTAL APPAREL IMPORTS (MFA),SME,2026,6,651540825,2365122436,651540825
_CAFTA-DR,1,M2 TOTAL APPAREL IMPORTS (MFA),SME,2026,1,128043166,438989294,128043166
_CAFTA-DR,1,M2 TOTAL APPAREL IMPORTS (MFA),SME,2026,2,156912959,546638129,156912959
_CAFTA-DR,1,M2 TOTAL APPAREL IMPORTS (MFA),SME,2026,3,171208283,603088008,171208283
_CAFTA-DR,1,M2 TOTAL APPAREL IMPORTS (MFA),SME,2026,4,141198860,516478956,141198860
_CAFTA-DR,1,M2 TOTAL APPAREL IMPORTS (MFA),SME,2026,5,161878849,591648065,161878849
_CAFTA-DR,1,M2 TOTAL APPAREL IMPORTS (MFA),SME,2026,6,160278772,602645989,160278772
_CBI,1,M2 TOTAL APPAREL IMPORTS (MFA),SME,2026,1,8449329,21263335,8449329
_CBI,1,M2 TOTAL APPAREL IMPORTS (MFA),SME,2026,2,12873168,31081233,12873168
_CBI,1,M2 TOTAL APPAREL IMPORTS (MFA),SME,2026,3,21831302,52480968,21831302
_CBI,1,M2 TOTAL APPAREL IMPORTS (MFA),SME,2026,4,12937881,32621433,12937881
_CBI,1,M2 TOTAL APPAREL IMPORTS (MFA),SME,2026,5,10915552,25459445,10915552
_CBI,1,M2 TOTAL APPAREL IMPORTS (MFA),SME,2026,6,15499411,35401454,15499411
_EU (2020-present),1,M2 TOTAL APPAREL IMPORTS (MFA),SME,2026,1,9285575,229301736,9285575
_EU (2020-present),1,M2 TOTAL APPAREL IMPORTS (MFA),SME,2026,2,11838630,278574447,11838630
_EU (2020-present),1,M2 TOTAL APPAREL IMPORTS (MFA),SME,2026,3,13691229,294706068,13691229
_EU (2020-present),1,M2 TOTAL APPAREL IMPORTS (MFA),SME,2026,4,12997513,266108250,12997513
_EU (2020-present),1,M2 TOTAL APPAREL IMPORTS (MFA),SME,2026,5,13104555,270538957,13104555
_EU (2020-present),1,M2 TOTAL APPAREL IMPORTS (MFA),SME,2026,6,11991265,267027670,11991265
_EU27 (2007-2012),1,M2 TOTAL APPAREL IMPORTS (MFA),SME,2026,1,10195972,239863708,10195972
_EU27 (2007-2012),1,M2 TOTAL APPAREL IMPORTS (MFA),SME,2026,2,12847381,289183785,12847381
_EU27 (2007-2012),1,M2 TOTAL APPAREL IMPORTS (MFA),SME,2026,3,15103166,307324338,15103166
_EU27 (2007-2012),1,M2 TOTAL APPAREL IMPORTS (MFA),SME,2026,4,14292873,278047747,14292873
_EU27 (2007-2012),1,M2 TOTAL APPAREL IMPORTS (MFA),SME,2026,5,15214758,289816752,15214758
_EU27 (2007-2012),1,M2 TOTAL APPAREL IMPORTS (MFA),SME,2026,6,12928424,280005559,12928424
_EU28 (2013-2019),1,M2 TOTAL APPAREL IMPORTS (MFA),SME,2026,1,10233158,240452788,10233158
_EU28 (2013-2019),1,M2 TOTAL APPAREL IMPORTS (MFA),SME,2026,2,12872577,289753495,12872577
_EU28 (2013-2019),1,M2 TOTAL APPAREL IMPORTS (MFA),SME,2026,3,15146645,307888412,15146645
_EU28 (2013-2019),1,M2 TOTAL APPAREL IMPORTS (MFA),SME,2026,4,14306319,278426194,14306319
_EU28 (2013-2019),1,M2 TOTAL APPAREL IMPORTS (MFA),SME,2026,5,15227632,290119647,15227632
_EU28 (2013-2019),1,M2 TOTAL APPAREL IMPORTS (MFA),SME,2026,6,13168704,280400477,13168704
_SUB-SAHARA,1,M2 TOTAL APPAREL IMPORTS (MFA),SME,2026,1,44431973,118566563,44431973
_SUB-SAHARA,1,M2 TOTAL APPAREL IMPORTS (MFA),SME,2026,2,42523076,111228529,42523076
_SUB-SAHARA,1,M2 TOTAL APPAREL IMPORTS (MFA),SME,2026,3,42509442,111764280,42509442
_SUB-SAHARA,1,M2 TOTAL APPAREL IMPORTS (MFA),SME,2026,4,33338428,93966022,33338428
_SUB-SAHARA,1,M2 TOTAL APPAREL IMPORTS (MFA),SME,2026,5,46863778,120179060,46863778
_SUB-SAHARA,1,M2 TOTAL APPAREL IMPORTS (MFA),SME,2026,6,32068057,92494633,32068057
_USMCA,1,M2 TOTAL APPAREL IMPORTS (MFA),SME,2026,1,43464811,213474332,43464811
_USMCA,1,M2 TOTAL APPAREL IMPORTS (MFA),SME,2026,2,49758181,243929725,49758181
_USMCA,1,M2 TOTAL APPAREL IMPORTS (MFA),SME,2026,3,49926618,253795062,49926618
_USMCA,1,M2 TOTAL APPAREL IMPORTS (MFA),SME,2026,4,43739096,217014584,43739096
_USMCA,1,M2 TOTAL APPAREL IMPORTS (MFA),SME,2026,5,45214575,227476378,45214575
_USMCA,1,M2 TOTAL APPAREL IMPORTS (MFA),SME,2026,6,46501251,238718173,46501251
_W HEMI,1,M2 TOTAL APPAREL IMPORTS (MFA),SME,2026,1,190185087,770207590,190185087
_W HEMI,1,M2 TOTAL APPAREL IMPORTS (MFA),SME,2026,2,228176754,898348559,228176754
_W HEMI,1,M2 TOTAL APPAREL IMPORTS (MFA),SME,2026,3,254782783,993954784,254782783
_W HEMI,1,M2 TOTAL APPAREL IMPORTS (MFA),SME,2026,4,207199065,850691408,207199065
_W HEMI,1,M2 TOTAL APPAREL IMPORTS (MFA),SME,2026,5,228785368,927317910,228785368
_W HEMI,1,M2 TOTAL APPAREL IMPORTS (MFA),SME,2026,6,232382686,959995552,232382686
Afghanistan,1,M2 TOTAL APPAREL IMPORTS (MFA),SME,2026,1,4788,43806,4788
Afghanistan,1,M2 TOTAL APPAREL IMPORTS (MFA),SME,2026,2,7828,39770,7828
Afghanistan,1,M2 TOTAL APPAREL IMPORTS (MFA),SME,2026,3,3157,34746,3157
Afghanistan,1,M2 TOTAL APPAREL IMPORTS (MFA),SME,2026,4,3602,21108,3602
Afghanistan,1,M2 TOTAL APPAREL IMPORTS (MFA),SME,2026,5,11899,81002,11899
Afghanistan,1,M2 TOTAL APPAREL IMPORTS (MFA),SME,2026,6,1595,15147,1595
Albania,1,M2 TOTAL APPAREL IMPORTS (MFA),SME,2026,1,161253,1946877,161253
Albania,1,M2 TOTAL APPAREL IMPORTS (MFA),SME,2026,2,187057,2963005,187057
Albania,1,M2 TOTAL APPAREL IMPORTS (MFA),SME,2026,3,409984,4898313,409984
Albania,1,M2 TOTAL APPAREL IMPORTS (MFA),SME,2026,4,400617,4328976,400617
Albania,1,M2 TOTAL APPAREL IMPORTS (MFA),SME,2026,5,257712,3666546,257712
Albania,1,M2 TOTAL APPAREL IMPORTS (MFA),SME,2026,6,222128,2660785,222128
Algeria,1,M2 TOTAL APPAREL IMPORTS (MFA),SME,2026,6,6,350,6
Angola,1,M2 TOTAL APPAREL IMPORTS (MFA),SME,2026,4,15,733,15
Antigua and Barbuda,1,M2 TOTAL APPAREL IMPORTS (MFA),SME,2026,2,38,500,38
Antigua and Barbuda,1,M2 TOTAL APPAREL IMPORTS (MFA),SME,2026,3,15,692,15
Antigua and Barbuda,1,M2 TOTAL APPAREL IMPORTS (MFA),SME,2026,5,20,1440,20
Antigua and Barbuda,1,M2 TOTAL APPAREL IMPORTS (MFA),SME,2026,6,15,450,15
Argentina,1,M2 TOTAL APPAREL IMPORTS (MFA),SME,2026,1,1561,25878,1561
Argentina,1,M2 TOTAL APPAREL IMPORTS (MFA),SME,2026,2,1918,33062,1918
Argentina,1,M2 TOTAL APPAREL IMPORTS (MFA),SME,2026,3,12142,80676,12142
Argentina,1,M2 TOTAL APPAREL IMPORTS (MFA),SME,2026,4,4347,27348,4347
Argentina,1,M2 TOTAL APPAREL IMPORTS (MFA),SME,2026,5,5800,75760,5800
Argentina,1,M2 TOTAL APPAREL IMPORTS (MFA),SME,2026,6,2969,22784,2969
Armenia,1,M2 TOTAL APPAREL IMPORTS (MFA),SME,2026,1,32344,507985,32344
Armenia,1,M2 TOTAL APPAREL IMPORTS (MFA),SME,2026,2,34038,567613,34038
Armenia,1,M2 TOTAL APPAREL IMPORTS (MFA),SME,2026,3,20851,352878,20851
Armenia,1,M2 TOTAL APPAREL IMPORTS (MFA),SME,2026,4,28810,482224,28810
Armenia,1,M2 TOTAL APPAREL IMPORTS (MFA),SME,2026,5,40399,833937,40399
Armenia,1,M2 TOTAL APPAREL IMPORTS (MFA),SME,2026,6,39091,897263,39091
Aruba,1,M2 TOTAL APPAREL IMPORTS (MFA),SME,2026,5,57,1399,57
Australia,1,M2 TOTAL APPAREL IMPORTS (MFA),SME,2026,1,89867,1418150,89867
Australia,1,M2 TOTAL APPAREL IMPORTS (MFA),SME,2026,2,102917,1209438,102917
Australia,1,M2 TOTAL APPAREL IMPORTS (MFA),SME,2026,3,158685,1927452,158685
Australia,1,M2 TOTAL APPAREL IMPORTS (MFA),SME,2026,4,191219,1872842,191219
Australia,1,M2 TOTAL APPAREL IMPORTS (MFA),SME,2026,5,417910,2786752,417910
Australia,1,M2 TOTAL APPAREL IMPORTS (MFA),SME,2026,6,337668,2114933,337668
Austria,1,M2 TOTAL APPAREL IMPORTS (MFA),SME,2026,1,25769,379752,25769
Austria,1,M2 TOTAL APPAREL IMPORTS (MFA),SME,2026,2,43436,581705,43436
Austria,1,M2 TOTAL APPAREL IMPORTS (MFA),SME,2026,3,73316,891785,73316
Austria,1,M2 TOTAL APPAREL IMPORTS (MFA),SME,2026,4,14120,382115,14120
Austria,1,M2 TOTAL APPAREL IMPORTS (MFA),SME,2026,5,43639,472371,43639
Austria,1,M2 TOTAL APPAREL IMPORTS (MFA),SME,2026,6,45556,514568,45556
Azerbaijan,1,M2 TOTAL APPAREL IMPORTS (MFA),SME,2026,1,38,283,38
Azerbaijan,1,M2 TOTAL APPAREL IMPORTS (MFA),SME,2026,2,76,566,76
Azerbaijan,1,M2 TOTAL APPAREL IMPORTS (MFA),SME,2026,3,15,584,15
Azerbaijan,1,M2 TOTAL APPAREL IMPORTS (MFA),SME,2026,4,107,2353,107
Azerbaijan,1,M2 TOTAL APPAREL IMPORTS (MFA),SME,2026,5,92,3207,92
Azerbaijan,1,M2 TOTAL APPAREL IMPORTS (MFA),SME,2026,6,152,3131,152
Bahamas,1,M2 TOTAL APPAREL IMPORTS (MFA),SME,2026,1,112,2880,112
Bahamas,1,M2 TOTAL APPAREL IMPORTS (MFA),SME,2026,2,186,3346,186
Bahamas,1,M2 TOTAL APPAREL IMPORTS (MFA),SME,2026,3,217,3582,217
Bahamas,1,M2 TOTAL APPAREL IMPORTS (MFA),SME,2026,4,88,1880,88
Bahamas,1,M2 TOTAL APPAREL IMPORTS (MFA),SME,2026,5,12,1460,12
Bahamas,1,M2 TOTAL APPAREL IMPORTS (MFA),SME,2026,6,45,2050,45
Bahrain,1,M2 TOTAL APPAREL IMPORTS (MFA),SME,2026,1,173,3836,173
Bahrain,1,M2 TOTAL APPAREL IMPORTS (MFA),SME,2026,2,145,6561,145
Bahrain,1,M2 TOTAL APPAREL IMPORTS (MFA),SME,2026,3,164,3670,164
Bahrain,1,M2 TOTAL APPAREL IMPORTS (MFA),SME,2026,4,16,893,16
Bahrain,1,M2 TOTAL APPAREL IMPORTS (MFA),SME,2026,5,170,3133,170
Bahrain,1,M2 TOTAL APPAREL IMPORTS (MFA),SME,2026,6,816,5994,816
Bangladesh,1,M2 TOTAL APPAREL IMPORTS (MFA),SME,2026,1,262550735,787986832,262550735
Bangladesh,1,M2 TOTAL APPAREL IMPORTS (MFA),SME,2026,2,194037095,582250536,194037095
Bangladesh,1,M2 TOTAL APPAREL IMPORTS (MFA),SME,2026,3,232373287,664557813,232373287
Bangladesh,1,M2 TOTAL APPAREL IMPORTS (MFA),SME,2026,4,204201827,627510267,204201827
Bangladesh,1,M2 TOTAL APPAREL IMPORTS (MFA),SME,2026,5,191034726,581944354,191034726
Bangladesh,1,M2 TOTAL APPAREL IMPORTS (MFA),SME,2026,6,241498498,763565753,241498498
Barbados,1,M2 TOTAL APPAREL IMPORTS (MFA),SME,2026,1,15,378,15
Barbados,1,M2 TOTAL APPAREL IMPORTS (MFA),SME,2026,2,50,3349,50
Barbados,1,M2 TOTAL APPAREL IMPORTS (MFA),SME,2026,3,13,720,13
Barbados,1,M2 TOTAL APPAREL IMPORTS (MFA),SME,2026,5,30,1000,30
Barbados,1,M2 TOTAL APPAREL IMPORTS (MFA),SME,2026,6,112,2008,112
Belarus,1,M2 TOTAL APPAREL IMPORTS (MFA),SME,2026,2,369,1755,369
Belarus,1,M2 TOTAL APPAREL IMPORTS (MFA),SME,2026,3,50207,85498,50207
Belarus,1,M2 TOTAL APPAREL IMPORTS (MFA),SME,2026,4,6,300,6
Belarus,1,M2 TOTAL APPAREL IMPORTS (MFA),SME,2026,5,30312,53695,30312
Belgium,1,M2 TOTAL APPAREL IMPORTS (MFA),SME,2026,1,8697,215954,8697
Belgium,1,M2 TOTAL APPAREL IMPORTS (MFA),SME,2026,2,66957,376293,66957
Belgium,1,M2 TOTAL APPAREL IMPORTS (MFA),SME,2026,3,19240,703994,19240
Belgium,1,M2 TOTAL APPAREL IMPORTS (MFA),SME,2026,4,15918,607909,15918
Belgium,1,M2 TOTAL APPAREL IMPORTS (MFA),SME,2026,5,12179,303903,12179
Belgium,1,M2 TOTAL APPAREL IMPORTS (MFA),SME,2026,6,11932,288692,11932
Belize,1,M2 TOTAL APPAREL IMPORTS (MFA),SME,2026,1,67,894,67
Belize,1,M2 TOTAL APPAREL IMPORTS (MFA),SME,2026,3,636,12162,636
Belize,1,M2 TOTAL APPAREL IMPORTS (MFA),SME,2026,5,19,516,19
Belize,1,M2 TOTAL APPAREL IMPORTS (MFA),SME,2026,6,38,524,38
Benin,1,M2 TOTAL APPAREL IMPORTS (MFA),SME,2026,1,6228,32497,6228
Benin,1,M2 TOTAL APPAREL IMPORTS (MFA),SME,2026,3,169714,324966,169714
Benin,1,M2 TOTAL APPAREL IMPORTS (MFA),SME,2026,4,25165,75988,25165
Benin,1,M2 TOTAL APPAREL IMPORTS (MFA),SME,2026,5,237490,624024,237490
Bermuda,1,M2 TOTAL APPAREL IMPORTS (MFA),SME,2026,1,81,2376,81
Bermuda,1,M2 TOTAL APPAREL IMPORTS (MFA),SME,2026,2,50,656,50
Bermuda,1,M2 TOTAL APPAREL IMPORTS (MFA),SME,2026,3,15,2625,15
Bermuda,1,M2 TOTAL APPAREL IMPORTS (MFA),SME,2026,4,53866,70723,53866
Bermuda,1,M2 TOTAL APPAREL IMPORTS (MFA),SME,2026,5,232,6788,232
Bermuda,1,M2 TOTAL APPAREL IMPORTS (MFA),SME,2026,6,15,325,15
Bhutan,1,M2 TOTAL APPAREL IMPORTS (MFA),SME,2026,4,26,280,26
Bolivia,1,M2 TOTAL APPAREL IMPORTS (MFA),SME,2026,1,8819,198962,8819
Bolivia,1,M2 TOTAL APPAREL IMPORTS (MFA),SME,2026,2,20831,63238,20831
Bolivia,1,M2 TOTAL APPAREL IMPORTS (MFA),SME,2026,3,19253,355819,19253
Bolivia,1,M2 TOTAL APPAREL IMPORTS (MFA),SME,2026,4,2847,18783,2847
Bolivia,1,M2 TOTAL APPAREL IMPORTS (MFA),SME,2026,5,28752,394109,28752
Bolivia,1,M2 TOTAL APPAREL IMPORTS (MFA),SME,2026,6,9965,173367,9965
Bosnia-Hercegovina,1,M2 TOTAL APPAREL IMPORTS (MFA),SME,2026,1,38124,660276,38124
Bosnia-Hercegovina,1,M2 TOTAL APPAREL IMPORTS (MFA),SME,2026,2,94560,1167060,94560
Bosnia-Hercegovina,1,M2 TOTAL APPAREL IMPORTS (MFA),SME,2026,3,43638,943171,43638
Bosnia-Hercegovina,1,M2 TOTAL APPAREL IMPORTS (MFA),SME,2026,4,37236,664293,37236
Bosnia-Hercegovina,1,M2 TOTAL APPAREL IMPORTS (MFA),SME,2026,5,48807,981959,48807
Bosnia-Hercegovina,1,M2 TOTAL APPAREL IMPORTS (MFA),SME,2026,6,26577,468448,26577
Botswana,1,M2 TOTAL APPAREL IMPORTS (MFA),SME,2026,5,15,288,15
Brazil,1,M2 TOTAL APPAREL IMPORTS (MFA),SME,2026,1,108673,779774,108673
Brazil,1,M2 TOTAL APPAREL IMPORTS (MFA),SME,2026,2,121698,804364,121698
Brazil,1,M2 TOTAL APPAREL IMPORTS (MFA),SME,2026,3,286703,1799263,286703
Brazil,1,M2 TOTAL APPAREL IMPORTS (MFA),SME,2026,4,240462,1715174,240462
Brazil,1,M2 TOTAL APPAREL IMPORTS (MFA),SME,2026,5,320167,2120142,320167
Brazil,1,M2 TOTAL APPAREL IMPORTS (MFA),SME,2026,6,307783,1874670,307783
British Virgin Isls.,1,M2 TOTAL APPAREL IMPORTS (MFA),SME,2026,1,27,900,27
British Virgin Isls.,1,M2 TOTAL APPAREL IMPORTS (MFA),SME,2026,2,4,1220,4
British Virgin Isls.,1,M2 TOTAL APPAREL IMPORTS (MFA),SME,2026,5,25,480,25
British Virgin Isls.,1,M2 TOTAL APPAREL IMPORTS (MFA),SME,2026,6,197,1425,197
Brunei,1,M2 TOTAL APPAREL IMPORTS (MFA),SME,2026,1,14742,103619,14742
Brunei,1,M2 TOTAL APPAREL IMPORTS (MFA),SME,2026,2,47496,280279,47496
Brunei,1,M2 TOTAL APPAREL IMPORTS (MFA),SME,2026,3,37627,259431,37627
Brunei,1,M2 TOTAL APPAREL IMPORTS (MFA),SME,2026,4,55740,302415,55740
Brunei,1,M2 TOTAL APPAREL IMPORTS (MFA),SME,2026,5,30412,179676,30412
Brunei,1,M2 TOTAL APPAREL IMPORTS (MFA),SME,2026,6,7241,36001,7241
Bulgaria,1,M2 TOTAL APPAREL IMPORTS (MFA),SME,2026,1,390328,5732604,390328
Bulgaria,1,M2 TOTAL APPAREL IMPORTS (MFA),SME,2026,2,460545,6333383,460545
Bulgaria,1,M2 TOTAL APPAREL IMPORTS (MFA),SME,2026,3,423568,6950997,423568
Bulgaria,1,M2 TOTAL APPAREL IMPORTS (MFA),SME,2026,4,416857,6965773,416857
Bulgaria,1,M2 TOTAL APPAREL IMPORTS (MFA),SME,2026,5,507158,4988822,507158
Bulgaria,1,M2 TOTAL APPAREL IMPORTS (MFA),SME,2026,6,430481,5461532,430481
Burkina Faso,1,M2 TOTAL APPAREL IMPORTS (MFA),SME,2026,2,101,300,101
Burkina Faso,1,M2 TOTAL APPAREL IMPORTS (MFA),SME,2026,6,161,300,161
Burma (Myanmar),1,M2 TOTAL APPAREL IMPORTS (MFA),SME,2026,1,10598165,21161556,10598165
Burma (Myanmar),1,M2 TOTAL APPAREL IMPORTS (MFA),SME,2026,2,6434693,12993190,6434693
Burma (Myanmar),1,M2 TOTAL APPAREL IMPORTS (MFA),SME,2026,3,10469792,18854115,10469792
Burma (Myanmar),1,M2 TOTAL APPAREL IMPORTS (MFA),SME,2026,4,7407337,14033135,7407337
Burma (Myanmar),1,M2 TOTAL APPAREL IMPORTS (MFA),SME,2026,5,8177875,15941296,8177875
Burma (Myanmar),1,M2 TOTAL APPAREL IMPORTS (MFA),SME,2026,6,5594090,11883279,5594090
Burundi,1,M2 TOTAL APPAREL IMPORTS (MFA),SME,2026,5,1149,512,1149
Cabo Verde,1,M2 TOTAL APPAREL IMPORTS (MFA),SME,2026,1,2460,31551,2460
Cabo Verde,1,M2 TOTAL APPAREL IMPORTS (MFA),SME,2026,3,1331,49334,1331
Cabo Verde,1,M2 TOTAL APPAREL IMPORTS (MFA),SME,2026,5,1305,1048,1305
Cambodia,1,M2 TOTAL APPAREL IMPORTS (MFA),SME,2026,1,130180952,405257937,130180952
Cambodia,1,M2 TOTAL APPAREL IMPORTS (MFA),SME,2026,2,103952150,304391960,103952150
Cambodia,1,M2 TOTAL APPAREL IMPORTS (MFA),SME,2026,3,130553516,380313023,130553516
Cambodia,1,M2 TOTAL APPAREL IMPORTS (MFA),SME,2026,4,112774829,316838653,112774829
Cambodia,1,M2 TOTAL APPAREL IMPORTS (MFA),SME,2026,5,118753895,330228748,118753895
Cambodia,1,M2 TOTAL APPAREL IMPORTS (MFA),SME,2026,6,120879929,394662964,120879929
Cameroon,1,M2 TOTAL APPAREL IMPORTS (MFA),SME,2026,1,38,282,38
Cameroon,1,M2 TOTAL APPAREL IMPORTS (MFA),SME,2026,2,630,3299,630
Cameroon,1,M2 TOTAL APPAREL IMPORTS (MFA),SME,2026,3,281,4334,281
Cameroon,1,M2 TOTAL APPAREL IMPORTS (MFA),SME,2026,4,150,2970,150
Cameroon,1,M2 TOTAL APPAREL IMPORTS (MFA),SME,2026,5,303,1288,303
Cameroon,1,M2 TOTAL APPAREL IMPORTS (MFA),SME,2026,6,36,1453,36
Canada,1,M2 TOTAL APPAREL IMPORTS (MFA),SME,2026,1,3934344,40220608,3934344
Canada,1,M2 TOTAL APPAREL IMPORTS (MFA),SME,2026,2,3412863,41648472,3412863
Canada,1,M2 TOTAL APPAREL IMPORTS (MFA),SME,2026,3,2944104,41755146,2944104
Canada,1,M2 TOTAL APPAREL IMPORTS (MFA),SME,2026,4,2459542,31974876,2459542
Canada,1,M2 TOTAL APPAREL IMPORTS (MFA),SME,2026,5,2402071,31566532,2402071
Canada,1,M2 TOTAL APPAREL IMPORTS (MFA),SME,2026,6,3046684,33824540,3046684
Cayman Islands,1,M2 TOTAL APPAREL IMPORTS (MFA),SME,2026,1,31005,68119,31005
Cayman Islands,1,M2 TOTAL APPAREL IMPORTS (MFA),SME,2026,3,53,2444,53
Cayman Islands,1,M2 TOTAL APPAREL IMPORTS (MFA),SME,2026,4,49,781,49
Cayman Islands,1,M2 TOTAL APPAREL IMPORTS (MFA),SME,2026,5,97,1957,97
Chad,1,M2 TOTAL APPAREL IMPORTS (MFA),SME,2026,1,100,1576,100
Chile,1,M2 TOTAL APPAREL IMPORTS (MFA),SME,2026,1,8965,460307,8965
Chile,1,M2 TOTAL APPAREL IMPORTS (MFA),SME,2026,2,31188,810506,31188
Chile,1,M2 TOTAL APPAREL IMPORTS (MFA),SME,2026,3,18648,724211,18648
Chile,1,M2 TOTAL APPAREL IMPORTS (MFA),SME,2026,4,21238,916123,21238
Chile,1,M2 TOTAL APPAREL IMPORTS (MFA),SME,2026,5,18719,731909,18719
Chile,1,M2 TOTAL APPAREL IMPORTS (MFA),SME,2026,6,18854,804181,18854
China,1,M2 TOTAL APPAREL IMPORTS (MFA),SME,2026,1,418164649,600828235,418164649
China,1,M2 TOTAL APPAREL IMPORTS (MFA),SME,2026,2,402647301,570314189,402647301
China,1,M2 TOTAL APPAREL IMPORTS (MFA),SME,2026,3,355864462,524929805,355864462
China,1,M2 TOTAL APPAREL IMPORTS (MFA),SME,2026,4,344013375,483706965,344013375
China,1,M2 TOTAL APPAREL IMPORTS (MFA),SME,2026,5,446041940,624572168,446041940
China,1,M2 TOTAL APPAREL IMPORTS (MFA),SME,2026,6,518603392,765841079,518603392
Colombia,1,M2 TOTAL APPAREL IMPORTS (MFA),SME,2026,1,1404336,13125051,1404336
Colombia,1,M2 TOTAL APPAREL IMPORTS (MFA),SME,2026,2,1717169,15691086,1717169
Colombia,1,M2 TOTAL APPAREL IMPORTS (MFA),SME,2026,3,2440214,20599841,2440214
Colombia,1,M2 TOTAL APPAREL IMPORTS (MFA),SME,2026,4,2137128,19026144,2137128
Colombia,1,M2 TOTAL APPAREL IMPORTS (MFA),SME,2026,5,2473074,20503563,2473074
Colombia,1,M2 TOTAL APPAREL IMPORTS (MFA),SME,2026,6,1956494,18552397,1956494
"Congo, Democratic Republic of",1,M2 TOTAL APPAREL IMPORTS (MFA),SME,2026,2,4,735,4
"Congo, Democratic Republic of",1,M2 TOTAL APPAREL IMPORTS (MFA),SME,2026,3,983,3505,983
"Congo, Democratic Republic of",1,M2 TOTAL APPAREL IMPORTS (MFA),SME,2026,6,49,970,49
"Congo, Republic of",1,M2 TOTAL APPAREL IMPORTS (MFA),SME,2026,3,30,479,30
"Congo, Republic of",1,M2 TOTAL APPAREL IMPORTS (MFA),SME,2026,5,45,1111,45
Cook Islands,1,M2 TOTAL APPAREL IMPORTS (MFA),SME,2026,4,1766,22873,1766
Costa Rica,1,M2 TOTAL APPAREL IMPORTS (MFA),SME,2026,1,104607,708436,104607
Costa Rica,1,M2 TOTAL APPAREL IMPORTS (MFA),SME,2026,2,123250,706828,123250
Costa Rica,1,M2 TOTAL APPAREL IMPORTS (MFA),SME,2026,3,182826,1214558,182826
Costa Rica,1,M2 TOTAL APPAREL IMPORTS (MFA),SME,2026,4,83376,566128,83376
Costa Rica,1,M2 TOTAL APPAREL IMPORTS (MFA),SME,2026,5,164075,1058269,164075
Costa Rica,1,M2 TOTAL APPAREL IMPORTS (MFA),SME,2026,6,123005,803545,123005
Cote D’Ivoire,1,M2 TOTAL APPAREL IMPORTS (MFA),SME,2026,1,581,2455,581
Cote D’Ivoire,1,M2 TOTAL APPAREL IMPORTS (MFA),SME,2026,2,161,900,161
Cote D’Ivoire,1,M2 TOTAL APPAREL IMPORTS (MFA),SME,2026,3,114,761,114
Cote D’Ivoire,1,M2 TOTAL APPAREL IMPORTS (MFA),SME,2026,4,606,1259,606
Cote D’Ivoire,1,M2 TOTAL APPAREL IMPORTS (MFA),SME,2026,5,14772,48770,14772
Cote D’Ivoire,1,M2 TOTAL APPAREL IMPORTS (MFA),SME,2026,6,12,400,12
Croatia,1,M2 TOTAL APPAREL IMPORTS (MFA),SME,2026,1,37186,589080,37186
Croatia,1,M2 TOTAL APPAREL IMPORTS (MFA),SME,2026,2,25195,569710,25195
Croatia,1,M2 TOTAL APPAREL IMPORTS (MFA),SME,2026,3,43478,564074,43478
Croatia,1,M2 TOTAL APPAREL IMPORTS (MFA),SME,2026,4,13446,378447,13446
Croatia,1,M2 TOTAL APPAREL IMPORTS (MFA),SME,2026,5,12873,302895,12873
Croatia,1,M2 TOTAL APPAREL IMPORTS (MFA),SME,2026,6,240280,394918,240280
Curacao,1,M2 TOTAL APPAREL IMPORTS (MFA),SME,2026,5,27,1225,27
Curacao,1,M2 TOTAL APPAREL IMPORTS (MFA),SME,2026,6,20,335,20
Cyprus,1,M2 TOTAL APPAREL IMPORTS (MFA),SME,2026,1,114,6752,114
Cyprus,1,M2 TOTAL APPAREL IMPORTS (MFA),SME,2026,3,175,5187,175
Cyprus,1,M2 TOTAL APPAREL IMPORTS (MFA),SME,2026,4,38,1425,38
Cyprus,1,M2 TOTAL APPAREL IMPORTS (MFA),SME,2026,5,62,2254,62
Cyprus,1,M2 TOTAL APPAREL IMPORTS (MFA),SME,2026,6,1015,8823,1015
Czech Republic,1,M2 TOTAL APPAREL IMPORTS (MFA),SME,2026,1,23315,386756,23315
Czech Republic,1,M2 TOTAL APPAREL IMPORTS (MFA),SME,2026,2,13784,242540,13784
Czech Republic,1,M2 TOTAL APPAREL IMPORTS (MFA),SME,2026,3,19042,333062,19042
Czech Republic,1,M2 TOTAL APPAREL IMPORTS (MFA),SME,2026,4,31762,328868,31762
Czech Republic,1,M2 TOTAL APPAREL IMPORTS (MFA),SME,2026,5,31079,280134,31079
Czech Republic,1,M2 TOTAL APPAREL IMPORTS (MFA),SME,2026,6,14244,212619,14244
Denmark,1,M2 TOTAL APPAREL IMPORTS (MFA),SME,2026,1,18287,341343,18287
Denmark,1,M2 TOTAL APPAREL IMPORTS (MFA),SME,2026,2,15951,340142,15951
Denmark,1,M2 TOTAL APPAREL IMPORTS (MFA),SME,2026,3,31243,571502,31243
Denmark,1,M2 TOTAL APPAREL IMPORTS (MFA),SME,2026,4,36479,501205,36479
Denmark,1,M2 TOTAL APPAREL IMPORTS (MFA),SME,2026,5,45478,1102906,45478
Denmark,1,M2 TOTAL APPAREL IMPORTS (MFA),SME,2026,6,187685,622941,187685
Djibouti,1,M2 TOTAL APPAREL IMPORTS (MFA),SME,2026,1,3220,14251,3220
Djibouti,1,M2 TOTAL APPAREL IMPORTS (MFA),SME,2026,2,94506,46856,94506
Djibouti,1,M2 TOTAL APPAREL IMPORTS (MFA),SME,2026,3,70146,303719,70146
Djibouti,1,M2 TOTAL APPAREL IMPORTS (MFA),SME,2026,4,2310,11795,2310
Djibouti,1,M2 TOTAL APPAREL IMPORTS (MFA),SME,2026,6,38,280,38
Dominica,1,M2 TOTAL APPAREL IMPORTS (MFA),SME,2026,5,13,310,13
Dominican Republic,1,M2 TOTAL APPAREL IMPORTS (MFA),SME,2026,1,15736801,34808744,15736801
Dominican Republic,1,M2 TOTAL APPAREL IMPORTS (MFA),SME,2026,2,18522386,42219896,18522386
Dominican Republic,1,M2 TOTAL APPAREL IMPORTS (MFA),SME,2026,3,24055342,58423311,24055342
Dominican Republic,1,M2 TOTAL APPAREL IMPORTS (MFA),SME,2026,4,18273584,45791219,18273584
Dominican Republic,1,M2 TOTAL APPAREL IMPORTS (MFA),SME,2026,5,18865598,46730300,18865598
Dominican Republic,1,M2 TOTAL APPAREL IMPORTS (MFA),SME,2026,6,21502250,50083904,21502250
Ecuador,1,M2 TOTAL APPAREL IMPORTS (MFA),SME,2026,1,63124,175525,63124
Ecuador,1,M2 TOTAL APPAREL IMPORTS (MFA),SME,2026,2,55595,143339,55595
Ecuador,1,M2 TOTAL APPAREL IMPORTS (MFA),SME,2026,3,72383,402860,72383
Ecuador,1,M2 TOTAL APPAREL IMPORTS (MFA),SME,2026,4,92512,248077,92512
Ecuador,1,M2 TOTAL APPAREL IMPORTS (MFA),SME,2026,5,149566,273024,149566
Ecuador,1,M2 TOTAL APPAREL IMPORTS (MFA),SME,2026,6,180212,385035,180212
Egypt,1,M2 TOTAL APPAREL IMPORTS (MFA),SME,2026,1,37767793,135089598,37767793
Egypt,1,M2 TOTAL APPAREL IMPORTS (MFA),SME,2026,2,32111958,108950323,32111958
Egypt,1,M2 TOTAL APPAREL IMPORTS (MFA),SME,2026,3,35887970,122990461,35887970
Egypt,1,M2 TOTAL APPAREL IMPORTS (MFA),SME,2026,4,32392154,106717928,32392154
Egypt,1,M2 TOTAL APPAREL IMPORTS (MFA),SME,2026,5,30944937,118043502,30944937
Egypt,1,M2 TOTAL APPAREL IMPORTS (MFA),SME,2026,6,26482952,104671326,26482952
El Salvador,1,M2 TOTAL APPAREL IMPORTS (MFA),SME,2026,1,22528840,73724426,22528840
El Salvador,1,M2 TOTAL APPAREL IMPORTS (MFA),SME,2026,2,33234408,100571495,33234408
El Salvador,1,M2 TOTAL APPAREL IMPORTS (MFA),SME,2026,3,30787657,101042636,30787657
El Salvador,1,M2 TOTAL APPAREL IMPORTS (MFA),SME,2026,4,29968051,94267375,29968051
El Salvador,1,M2 TOTAL APPAREL IMPORTS (MFA),SME,2026,5,37749584,115062062,37749584
El Salvador,1,M2 TOTAL APPAREL IMPORTS (MFA),SME,2026,6,37350820,123402271,37350820
Eritrea,1,M2 TOTAL APPAREL IMPORTS (MFA),SME,2026,3,3344,17310,3344
Eritrea,1,M2 TOTAL APPAREL IMPORTS (MFA),SME,2026,4,379,1927,379
Eritrea,1,M2 TOTAL APPAREL IMPORTS (MFA),SME,2026,5,569,2836,569
Eritrea,1,M2 TOTAL APPAREL IMPORTS (MFA),SME,2026,6,493,2106,493
Estonia,1,M2 TOTAL APPAREL IMPORTS (MFA),SME,2026,1,17976,343221,17976
Estonia,1,M2 TOTAL APPAREL IMPORTS (MFA),SME,2026,2,16417,356766,16417
Estonia,1,M2 TOTAL APPAREL IMPORTS (MFA),SME,2026,3,11967,301030,11967
Estonia,1,M2 TOTAL APPAREL IMPORTS (MFA),SME,2026,4,11281,257581,11281
Estonia,1,M2 TOTAL APPAREL IMPORTS (MFA),SME,2026,5,11093,235722,11093
Estonia,1,M2 TOTAL APPAREL IMPORTS (MFA),SME,2026,6,11387,198619,11387
Eswatini (formerly Swaziland),1,M2 TOTAL APPAREL IMPORTS (MFA),SME,2026,1,148269,756911,148269
Eswatini (formerly Swaziland),1,M2 TOTAL APPAREL IMPORTS (MFA),SME,2026,2,178155,770573,178155
Eswatini (formerly Swaziland),1,M2 TOTAL APPAREL IMPORTS (MFA),SME,2026,3,51005,209075,51005
Eswatini (formerly Swaziland),1,M2 TOTAL APPAREL IMPORTS (MFA),SME,2026,4,230988,409555,230988
Eswatini (formerly Swaziland),1,M2 TOTAL APPAREL IMPORTS (MFA),SME,2026,5,186841,840362,186841
Eswatini (formerly Swaziland),1,M2 TOTAL APPAREL IMPORTS (MFA),SME,2026,6,317893,1261149,317893
Ethiopia,1,M2 TOTAL APPAREL IMPORTS (MFA),SME,2026,1,9659889,13289936,9659889
Ethiopia,1,M2 TOTAL APPAREL IMPORTS (MFA),SME,2026,2,8803184,19711741,8803184
Ethiopia,1,M2 TOTAL APPAREL IMPORTS (MFA),SME,2026,3,10477444,22640207,10477444
Ethiopia,1,M2 TOTAL APPAREL IMPORTS (MFA),SME,2026,4,5127788,11469646,5127788
Ethiopia,1,M2 TOTAL APPAREL IMPORTS (MFA),SME,2026,5,9354741,19262180,9354741
Ethiopia,1,M2 TOTAL APPAREL IMPORTS (MFA),SME,2026,6,4760811,12679128,4760811
Fiji,1,M2 TOTAL APPAREL IMPORTS (MFA),SME,2026,3,1045,28808,1045
Fiji,1,M2 TOTAL APPAREL IMPORTS (MFA),SME,2026,4,6267,30583,6267
Fiji,1,M2 TOTAL APPAREL IMPORTS (MFA),SME,2026,5,8266,55241,8266
Fiji,1,M2 TOTAL APPAREL IMPORTS (MFA),SME,2026,6,29830,111282,29830
Finland,1,M2 TOTAL APPAREL IMPORTS (MFA),SME,2026,1,4874,62690,4874
Finland,1,M2 TOTAL APPAREL IMPORTS (MFA),SME,2026,2,2871,38490,2871
Finland,1,M2 TOTAL APPAREL IMPORTS (MFA),SME,2026,3,10776,79468,10776
Finland,1,M2 TOTAL APPAREL IMPORTS (MFA),SME,2026,4,8177,61183,8177
Finland,1,M2 TOTAL APPAREL IMPORTS (MFA),SME,2026,5,3115,46172,3115
Finland,1,M2 TOTAL APPAREL IMPORTS (MFA),SME,2026,6,12568,55215,12568
France,1,M2 TOTAL APPAREL IMPORTS (MFA),SME,2026,1,757497,18780719,757497
France,1,M2 TOTAL APPAREL IMPORTS (MFA),SME,2026,2,772152,18599760,772152
France,1,M2 TOTAL APPAREL IMPORTS (MFA),SME,2026,3,1186295,20991029,1186295
France,1,M2 TOTAL APPAREL IMPORTS (MFA),SME,2026,4,921169,21061165,921169
France,1,M2 TOTAL APPAREL IMPORTS (MFA),SME,2026,5,875155,18543613,875155
France,1,M2 TOTAL APPAREL IMPORTS (MFA),SME,2026,6,718068,16611557,718068
French Guiana,1,M2 TOTAL APPAREL IMPORTS (MFA),SME,2026,4,240,2867,240
French Indian Ocean Areas,1,M2 TOTAL APPAREL IMPORTS (MFA),SME,2026,1,65,592,65
French Indian Ocean Areas,1,M2 TOTAL APPAREL IMPORTS (MFA),SME,2026,3,38,308,38
French Indian Ocean Areas,1,M2 TOTAL APPAREL IMPORTS (MFA),SME,2026,5,15,803,15
French Polynesia,1,M2 TOTAL APPAREL IMPORTS (MFA),SME,2026,2,38,288,38
French Polynesia,1,M2 TOTAL APPAREL IMPORTS (MFA),SME,2026,4,758,3285,758
French Polynesia,1,M2 TOTAL APPAREL IMPORTS (MFA),SME,2026,6,118,3291,118
French West Indies,1,M2 TOTAL APPAREL IMPORTS (MFA),SME,2026,1,12,3147,12
French West Indies,1,M2 TOTAL APPAREL IMPORTS (MFA),SME,2026,2,44,1383,44
French West Indies,1,M2 TOTAL APPAREL IMPORTS (MFA),SME,2026,3,400,8980,400
French West Indies,1,M2 TOTAL APPAREL IMPORTS (MFA),SME,2026,4,115,2527,115
French West Indies,1,M2 TOTAL APPAREL IMPORTS (MFA),SME,2026,5,1431,8832,1431
French West Indies,1,M2 TOTAL APPAREL IMPORTS (MFA),SME,2026,6,21,1449,21
Gabon,1,M2 TOTAL APPAREL IMPORTS (MFA),SME,2026,1,35,1602,35
Gabon,1,M2 TOTAL APPAREL IMPORTS (MFA),SME,2026,2,12,431,12
Gabon,1,M2 TOTAL APPAREL IMPORTS (MFA),SME,2026,3,170,16568,170
Gabon,1,M2 TOTAL APPAREL IMPORTS (MFA),SME,2026,5,162,7321,162
Gabon,1,M2 TOTAL APPAREL IMPORTS (MFA),SME,2026,6,44,4342,44
Gambia,1,M2 TOTAL APPAREL IMPORTS (MFA),SME,2026,3,811,4691,811
Gambia,1,M2 TOTAL APPAREL IMPORTS (MFA),SME,2026,4,2160,6750,2160
Gambia,1,M2 TOTAL APPAREL IMPORTS (MFA),SME,2026,5,4140,18528,4140
Gambia,1,M2 TOTAL APPAREL IMPORTS (MFA),SME,2026,6,542,4430,542
Georgia,1,M2 TOTAL APPAREL IMPORTS (MFA),SME,2026,1,79410,866071,79410
Georgia,1,M2 TOTAL APPAREL IMPORTS (MFA),SME,2026,2,30594,369411,30594
Georgia,1,M2 TOTAL APPAREL IMPORTS (MFA),SME,2026,3,123786,1040899,123786
Georgia,1,M2 TOTAL APPAREL IMPORTS (MFA),SME,2026,4,102473,1124389,102473
Georgia,1,M2 TOTAL APPAREL IMPORTS (MFA),SME,2026,5,107075,1271194,107075
Georgia,1,M2 TOTAL APPAREL IMPORTS (MFA),SME,2026,6,41596,612496,41596
Germany,1,M2 TOTAL APPAREL IMPORTS (MFA),SME,2026,1,125061,1821550,125061
Germany,1,M2 TOTAL APPAREL IMPORTS (MFA),SME,2026,2,292554,2557792,292554
Germany,1,M2 TOTAL APPAREL IMPORTS (MFA),SME,2026,3,317472,3973449,317472
Germany,1,M2 TOTAL APPAREL IMPORTS (MFA),SME,2026,4,216724,2582390,216724
Germany,1,M2 TOTAL APPAREL IMPORTS (MFA),SME,2026,5,378756,2868550,378756
Germany,1,M2 TOTAL APPAREL IMPORTS (MFA),SME,2026,6,241284,2042176,241284
Ghana,1,M2 TOTAL APPAREL IMPORTS (MFA),SME,2026,1,1729566,5694000,1729566
Ghana,1,M2 TOTAL APPAREL IMPORTS (MFA),SME,2026,2,984862,3670357,984862
Ghana,1,M2 TOTAL APPAREL IMPORTS (MFA),SME,2026,3,1262004,2719211,1262004
Ghana,1,M2 TOTAL APPAREL IMPORTS (MFA),SME,2026,4,1461285,3912455,1461285
Ghana,1,M2 TOTAL APPAREL IMPORTS (MFA),SME,2026,5,2539098,6264045,2539098
Ghana,1,M2 TOTAL APPAREL IMPORTS (MFA),SME,2026,6,1592375,3073777,1592375
Greece,1,M2 TOTAL APPAREL IMPORTS (MFA),SME,2026,1,38181,740000,38181
Greece,1,M2 TOTAL APPAREL IMPORTS (MFA),SME,2026,2,41246,1002045,41246
Greece,1,M2 TOTAL APPAREL IMPORTS (MFA),SME,2026,3,55356,1201037,55356
Greece,1,M2 TOTAL APPAREL IMPORTS (MFA),SME,2026,4,46656,996451,46656
Greece,1,M2 TOTAL APPAREL IMPORTS (MFA),SME,2026,5,38605,1089447,38605
Greece,1,M2 TOTAL APPAREL IMPORTS (MFA),SME,2026,6,42259,947621,42259
Greenland,1,M2 TOTAL APPAREL IMPORTS (MFA),SME,2026,3,3,605,3
Guatemala,1,M2 TOTAL APPAREL IMPORTS (MFA),SME,2026,1,21802636,108560857,21802636
Guatemala,1,M2 TOTAL APPAREL IMPORTS (MFA),SME,2026,2,26931204,131225413,26931204
Guatemala,1,M2 TOTAL APPAREL IMPORTS (MFA),SME,2026,3,21564408,117650599,21564408
Guatemala,1,M2 TOTAL APPAREL IMPORTS (MFA),SME,2026,4,23381177,120946806,23381177
Guatemala,1,M2 TOTAL APPAREL IMPORTS (MFA),SME,2026,5,23480203,133102522,23480203
Guatemala,1,M2 TOTAL APPAREL IMPORTS (MFA),SME,2026,6,25038156,145662714,25038156
Guinea,1,M2 TOTAL APPAREL IMPORTS (MFA),SME,2026,1,2372,1760,2372
Guinea,1,M2 TOTAL APPAREL IMPORTS (MFA),SME,2026,2,3866,7469,3866
Guinea,1,M2 TOTAL APPAREL IMPORTS (MFA),SME,2026,3,3749,6916,3749
Guinea,1,M2 TOTAL APPAREL IMPORTS (MFA),SME,2026,4,568,4200,568
Guinea,1,M2 TOTAL APPAREL IMPORTS (MFA),SME,2026,5,3489,19032,3489
Guinea,1,M2 TOTAL APPAREL IMPORTS (MFA),SME,2026,6,606,595,606
Guinea-Bissau,1,M2 TOTAL APPAREL IMPORTS (MFA),SME,2026,3,7786,3810,7786
Guinea-Bissau,1,M2 TOTAL APPAREL IMPORTS (MFA),SME,2026,5,6689,3228,6689
Haiti,1,M2 TOTAL APPAREL IMPORTS (MFA),SME,2026,1,8448563,21252619,8448563
Haiti,1,M2 TOTAL APPAREL IMPORTS (MFA),SME,2026,2,12872743,31068127,12872743
Haiti,1,M2 TOTAL APPAREL IMPORTS (MFA),SME,2026,3,21830182,52454896,21830182
Haiti,1,M2 TOTAL APPAREL IMPORTS (MFA),SME,2026,4,12937619,32616637,12937619
Haiti,1,M2 TOTAL APPAREL IMPORTS (MFA),SME,2026,5,10914527,25442832,10914527
Haiti,1,M2 TOTAL APPAREL IMPORTS (MFA),SME,2026,6,15498724,35390952,15498724
Honduras,1,M2 TOTAL APPAREL IMPORTS (MFA),SME,2026,1,27133790,92963461,27133790
Honduras,1,M2 TOTAL APPAREL IMPORTS (MFA),SME,2026,2,43252583,152317191,43252583
Honduras,1,M2 TOTAL APPAREL IMPORTS (MFA),SME,2026,3,46392937,170546071,46392937
Honduras,1,M2 TOTAL APPAREL IMPORTS (MFA),SME,2026,4,37780626,144158963,37780626
Honduras,1,M2 TOTAL APPAREL IMPORTS (MFA),SME,2026,5,48228016,177569758,48228016
Honduras,1,M2 TOTAL APPAREL IMPORTS (MFA),SME,2026,6,42444177,158760394,42444177
Hong Kong,1,M2 TOTAL APPAREL IMPORTS (MFA),SME,2026,1,757772,1072806,757772
Hong Kong,1,M2 TOTAL APPAREL IMPORTS (MFA),SME,2026,2,516918,1943157,516918
Hong Kong,1,M2 TOTAL APPAREL IMPORTS (MFA),SME,2026,3,534394,2164822,534394
Hong Kong,1,M2 TOTAL APPAREL IMPORTS (MFA),SME,2026,4,444439,2372045,444439
Hong Kong,1,M2 TOTAL APPAREL IMPORTS (MFA),SME,2026,5,340404,2933379,340404
Hong Kong,1,M2 TOTAL APPAREL IMPORTS (MFA),SME,2026,6,580427,4017588,580427
Hungary,1,M2 TOTAL APPAREL IMPORTS (MFA),SME,2026,1,102424,723812,102424
Hungary,1,M2 TOTAL APPAREL IMPORTS (MFA),SME,2026,2,223684,1167466,223684
Hungary,1,M2 TOTAL APPAREL IMPORTS (MFA),SME,2026,3,98844,1215884,98844
Hungary,1,M2 TOTAL APPAREL IMPORTS (MFA),SME,2026,4,36971,796760,36971
Hungary,1,M2 TOTAL APPAREL IMPORTS (MFA),SME,2026,5,219554,1215893,219554
Hungary,1,M2 TOTAL APPAREL IMPORTS (MFA),SME,2026,6,142161,917630,142161
Iceland,1,M2 TOTAL APPAREL IMPORTS (MFA),SME,2026,1,541,11386,541
Iceland,1,M2 TOTAL APPAREL IMPORTS (MFA),SME,2026,2,368,8867,368
Iceland,1,M2 TOTAL APPAREL IMPORTS (MFA),SME,2026,3,3258,19597,3258
Iceland,1,M2 TOTAL APPAREL IMPORTS (MFA),SME,2026,4,114,3008,114
Iceland,1,M2 TOTAL APPAREL IMPORTS (MFA),SME,2026,5,2095,19628,2095
Iceland,1,M2 TOTAL APPAREL IMPORTS (MFA),SME,2026,6,144,1532,144
India,1,M2 TOTAL APPAREL IMPORTS (MFA),SME,2026,1,109219500,385267240,109219500
India,1,M2 TOTAL APPAREL IMPORTS (MFA),SME,2026,2,101599013,341903464,101599013
India,1,M2 TOTAL APPAREL IMPORTS (MFA),SME,2026,3,112042441,372032992,112042441
India,1,M2 TOTAL APPAREL IMPORTS (MFA),SME,2026,4,100078860,342049669,100078860
India,1,M2 TOTAL APPAREL IMPORTS (MFA),SME,2026,5,103758491,355474587,103758491
India,1,M2 TOTAL APPAREL IMPORTS (MFA),SME,2026,6,92045446,325296818,92045446
Indonesia,1,M2 TOTAL APPAREL IMPORTS (MFA),SME,2026,1,111134732,445400662,111134732
Indonesia,1,M2 TOTAL APPAREL IMPORTS (MFA),SME,2026,2,99855061,366862786,99855061
Indonesia,1,M2 TOTAL APPAREL IMPORTS (MFA),SME,2026,3,115242235,412728781,115242235
Indonesia,1,M2 TOTAL APPAREL IMPORTS (MFA),SME,2026,4,107495890,417610529,107495890
Indonesia,1,M2 TOTAL APPAREL IMPORTS (MFA),SME,2026,5,88726347,329458828,88726347
Indonesia,1,M2 TOTAL APPAREL IMPORTS (MFA),SME,2026,6,93665367,363925712,93665367
Iran,1,M2 TOTAL APPAREL IMPORTS (MFA),SME,2026,4,35,300,35
Iraq,1,M2 TOTAL APPAREL IMPORTS (MFA),SME,2026,1,279,1368,279
Iraq,1,M2 TOTAL APPAREL IMPORTS (MFA),SME,2026,2,420,890,420
Iraq,1,M2 TOTAL APPAREL IMPORTS (MFA),SME,2026,4,84,768,84
Iraq,1,M2 TOTAL APPAREL IMPORTS (MFA),SME,2026,5,1109,3851,1109
Ireland,1,M2 TOTAL APPAREL IMPORTS (MFA),SME,2026,1,37160,848530,37160
Ireland,1,M2 TOTAL APPAREL IMPORTS (MFA),SME,2026,2,76546,1598825,76546
Ireland,1,M2 TOTAL APPAREL IMPORTS (MFA),SME,2026,3,48003,563471,48003
Ireland,1,M2 TOTAL APPAREL IMPORTS (MFA),SME,2026,4,64053,631328,64053
Ireland,1,M2 TOTAL APPAREL IMPORTS (MFA),SME,2026,5,159053,1254480,159053
Ireland,1,M2 TOTAL APPAREL IMPORTS (MFA),SME,2026,6,54350,756908,54350
Israel,1,M2 TOTAL APPAREL IMPORTS (MFA),SME,2026,1,144335,3046144,144335
Israel,1,M2 TOTAL APPAREL IMPORTS (MFA),SME,2026,2,188202,2927119,188202
Israel,1,M2 TOTAL APPAREL IMPORTS (MFA),SME,2026,3,129604,2124461,129604
Israel,1,M2 TOTAL APPAREL IMPORTS (MFA),SME,2026,4,103415,2510995,103415
Israel,1,M2 TOTAL APPAREL IMPORTS (MFA),SME,2026,5,194073,3177437,194073
Israel,1,M2 TOTAL APPAREL IMPORTS (MFA),SME,2026,6,135865,2424429,135865
Italy,1,M2 TOTAL APPAREL IMPORTS (MFA),SME,2026,1,4998370,145858169,4998370
Italy,1,M2 TOTAL APPAREL IMPORTS (MFA),SME,2026,2,6480732,180308251,6480732
Italy,1,M2 TOTAL APPAREL IMPORTS (MFA),SME,2026,3,7421173,182554816,7421173
Italy,1,M2 TOTAL APPAREL IMPORTS (MFA),SME,2026,4,7323691,162408789,7323691
Italy,1,M2 TOTAL APPAREL IMPORTS (MFA),SME,2026,5,7045968,172515313,7045968
Italy,1,M2 TOTAL APPAREL IMPORTS (MFA),SME,2026,6,6485099,172751988,6485099
Jamaica,1,M2 TOTAL APPAREL IMPORTS (MFA),SME,2026,1,257,1950,257
Jamaica,1,M2 TOTAL APPAREL IMPORTS (MFA),SME,2026,2,75,725,75
Jamaica,1,M2 TOTAL APPAREL IMPORTS (MFA),SME,2026,3,138,1980,138
Jamaica,1,M2 TOTAL APPAREL IMPORTS (MFA),SME,2026,4,122,2074,122
Jamaica,1,M2 TOTAL APPAREL IMPORTS (MFA),SME,2026,5,699,7485,699
Jamaica,1,M2 TOTAL APPAREL IMPORTS (MFA),SME,2026,6,274,3550,274
Japan,1,M2 TOTAL APPAREL IMPORTS (MFA),SME,2026,1,513364,10177012,513364
Japan,1,M2 TOTAL APPAREL IMPORTS (MFA),SME,2026,2,400702,10165963,400702
Japan,1,M2 TOTAL APPAREL IMPORTS (MFA),SME,2026,3,473950,12483072,473950
Japan,1,M2 TOTAL APPAREL IMPORTS (MFA),SME,2026,4,552947,9793527,552947
Japan,1,M2 TOTAL APPAREL IMPORTS (MFA),SME,2026,5,596824,11108456,596824
Japan,1,M2 TOTAL APPAREL IMPORTS (MFA),SME,2026,6,472830,9778719,472830
Jordan,1,M2 TOTAL APPAREL IMPORTS (MFA),SME,2026,1,38307400,172342339,38307400
Jordan,1,M2 TOTAL APPAREL IMPORTS (MFA),SME,2026,2,31488347,141925468,31488347
Jordan,1,M2 TOTAL APPAREL IMPORTS (MFA),SME,2026,3,35091650,171584493,35091650
Jordan,1,M2 TOTAL APPAREL IMPORTS (MFA),SME,2026,4,37850412,167194996,37850412
Jordan,1,M2 TOTAL APPAREL IMPORTS (MFA),SME,2026,5,31271011,146771410,31271011
Jordan,1,M2 TOTAL APPAREL IMPORTS (MFA),SME,2026,6,26209926,136683801,26209926
Kazakhstan,1,M2 TOTAL APPAREL IMPORTS (MFA),SME,2026,1,76,1129,76
Kazakhstan,1,M2 TOTAL APPAREL IMPORTS (MFA),SME,2026,2,27,833,27
Kazakhstan,1,M2 TOTAL APPAREL IMPORTS (MFA),SME,2026,3,246,8257,246
Kazakhstan,1,M2 TOTAL APPAREL IMPORTS (MFA),SME,2026,4,332,6428,332
Kazakhstan,1,M2 TOTAL APPAREL IMPORTS (MFA),SME,2026,5,90,2075,90
Kazakhstan,1,M2 TOTAL APPAREL IMPORTS (MFA),SME,2026,6,391,3361,391
Kenya,1,M2 TOTAL APPAREL IMPORTS (MFA),SME,2026,1,17795170,53408976,17795170
Kenya,1,M2 TOTAL APPAREL IMPORTS (MFA),SME,2026,2,20709705,53868111,20709705
Kenya,1,M2 TOTAL APPAREL IMPORTS (MFA),SME,2026,3,17240982,44283907,17240982
Kenya,1,M2 TOTAL APPAREL IMPORTS (MFA),SME,2026,4,16642568,45168322,16642568
Kenya,1,M2 TOTAL APPAREL IMPORTS (MFA),SME,2026,5,23524001,57659578,23524001
Kenya,1,M2 TOTAL APPAREL IMPORTS (MFA),SME,2026,6,14781172,38750023,14781172
Kiribati (Gilbert Isl),1,M2 TOTAL APPAREL IMPORTS (MFA),SME,2026,5,79,1097,79
Kosovo,1,M2 TOTAL APPAREL IMPORTS (MFA),SME,2026,1,5647,158592,5647
Kosovo,1,M2 TOTAL APPAREL IMPORTS (MFA),SME,2026,2,7125,200620,7125
Kosovo,1,M2 TOTAL APPAREL IMPORTS (MFA),SME,2026,3,9827,290194,9827
Kosovo,1,M2 TOTAL APPAREL IMPORTS (MFA),SME,2026,4,7571,236080,7571
Kosovo,1,M2 TOTAL APPAREL IMPORTS (MFA),SME,2026,5,3229,114522,3229
Kosovo,1,M2 TOTAL APPAREL IMPORTS (MFA),SME,2026,6,12456,337043,12456
Kuwait,1,M2 TOTAL APPAREL IMPORTS (MFA),SME,2026,1,1147,9230,1147
Kuwait,1,M2 TOTAL APPAREL IMPORTS (MFA),SME,2026,2,2621,3533,2621
Kuwait,1,M2 TOTAL APPAREL IMPORTS (MFA),SME,2026,3,1931,6347,1931
Kuwait,1,M2 TOTAL APPAREL IMPORTS (MFA),SME,2026,4,1231,8053,1231
Kuwait,1,M2 TOTAL APPAREL IMPORTS (MFA),SME,2026,5,6114,14673,6114
Kuwait,1,M2 TOTAL APPAREL IMPORTS (MFA),SME,2026,6,2737,10242,2737
Kyrgyzstan,1,M2 TOTAL APPAREL IMPORTS (MFA),SME,2026,1,2452,27821,2452
Kyrgyzstan,1,M2 TOTAL APPAREL IMPORTS (MFA),SME,2026,2,12717,88875,12717
Kyrgyzstan,1,M2 TOTAL APPAREL IMPORTS (MFA),SME,2026,3,1135,10705,1135
Kyrgyzstan,1,M2 TOTAL APPAREL IMPORTS (MFA),SME,2026,4,6636,19464,6636
Kyrgyzstan,1,M2 TOTAL APPAREL IMPORTS (MFA),SME,2026,5,5645,10446,5645
Kyrgyzstan,1,M2 TOTAL APPAREL IMPORTS (MFA),SME,2026,6,3889,7740,3889
Laos,1,M2 TOTAL APPAREL IMPORTS (MFA),SME,2026,1,2491295,5601909,2491295
Laos,1,M2 TOTAL APPAREL IMPORTS (MFA),SME,2026,2,1320510,3875968,1320510
Laos,1,M2 TOTAL APPAREL IMPORTS (MFA),SME,2026,3,750416,3620708,750416
Laos,1,M2 TOTAL APPAREL IMPORTS (MFA),SME,2026,4,1111155,2182914,1111155
Laos,1,M2 TOTAL APPAREL IMPORTS (MFA),SME,2026,5,506998,1495244,506998
Laos,1,M2 TOTAL APPAREL IMPORTS (MFA),SME,2026,6,1247526,3636445,1247526
Latvia,1,M2 TOTAL APPAREL IMPORTS (MFA),SME,2026,1,32577,293699,32577
Latvia,1,M2 TOTAL APPAREL IMPORTS (MFA),SME,2026,2,28002,325924,28002
Latvia,1,M2 TOTAL APPAREL IMPORTS (MFA),SME,2026,3,29838,486966,29838
Latvia,1,M2 TOTAL APPAREL IMPORTS (MFA),SME,2026,4,9699,155858,9699
Latvia,1,M2 TOTAL APPAREL IMPORTS (MFA),SME,2026,5,13076,153212,13076
Latvia,1,M2 TOTAL APPAREL IMPORTS (MFA),SME,2026,6,11037,214952,11037
Lebanon,1,M2 TOTAL APPAREL IMPORTS (MFA),SME,2026,1,52078,1096937,52078
Lebanon,1,M2 TOTAL APPAREL IMPORTS (MFA),SME,2026,2,68692,1298347,68692
Lebanon,1,M2 TOTAL APPAREL IMPORTS (MFA),SME,2026,3,53451,1133391,53451
Lebanon,1,M2 TOTAL APPAREL IMPORTS (MFA),SME,2026,4,156062,1947890,156062
Lebanon,1,M2 TOTAL APPAREL IMPORTS (MFA),SME,2026,5,117290,1688792,117290
Lebanon,1,M2 TOTAL APPAREL IMPORTS (MFA),SME,2026,6,86442,1391514,86442
Lesotho,1,M2 TOTAL APPAREL IMPORTS (MFA),SME,2026,1,3957176,15417390,3957176
Lesotho,1,M2 TOTAL APPAREL IMPORTS (MFA),SME,2026,2,1988211,5425815,1988211
Lesotho,1,M2 TOTAL APPAREL IMPORTS (MFA),SME,2026,3,2788463,8831693,2788463
Lesotho,1,M2 TOTAL APPAREL IMPORTS (MFA),SME,2026,4,2183685,8617647,2183685
Lesotho,1,M2 TOTAL APPAREL IMPORTS (MFA),SME,2026,5,873450,3945943,873450
Lesotho,1,M2 TOTAL APPAREL IMPORTS (MFA),SME,2026,6,2023747,8140568,2023747
Liberia,1,M2 TOTAL APPAREL IMPORTS (MFA),SME,2026,2,12,260,12
Liberia,1,M2 TOTAL APPAREL IMPORTS (MFA),SME,2026,6,6,300,6
Libya,1,M2 TOTAL APPAREL IMPORTS (MFA),SME,2026,3,156,986,156
Libya,1,M2 TOTAL APPAREL IMPORTS (MFA),SME,2026,4,12,500,12
Lithuania,1,M2 TOTAL APPAREL IMPORTS (MFA),SME,2026,1,86518,1605259,86518
Lithuania,1,M2 TOTAL APPAREL IMPORTS (MFA),SME,2026,2,117319,2007133,117319
Lithuania,1,M2 TOTAL APPAREL IMPORTS (MFA),SME,2026,3,119910,2216253,119910
Lithuania,1,M2 TOTAL APPAREL IMPORTS (MFA),SME,2026,4,100269,2057644,100269
Lithuania,1,M2 TOTAL APPAREL IMPORTS (MFA),SME,2026,5,134469,2550908,134469
Lithuania,1,M2 TOTAL APPAREL IMPORTS (MFA),SME,2026,6,91806,1810856,91806
Luxembourg,1,M2 TOTAL APPAREL IMPORTS (MFA),SME,2026,1,332,10274,332
Luxembourg,1,M2 TOTAL APPAREL IMPORTS (MFA),SME,2026,2,240,6810,240
Luxembourg,1,M2 TOTAL APPAREL IMPORTS (MFA),SME,2026,4,14,261,14
Luxembourg,1,M2 TOTAL APPAREL IMPORTS (MFA),SME,2026,5,1448,2939,1448
Luxembourg,1,M2 TOTAL APPAREL IMPORTS (MFA),SME,2026,6,109,4591,109
Macau,1,M2 TOTAL APPAREL IMPORTS (MFA),SME,2026,1,66497,611001,66497
Macau,1,M2 TOTAL APPAREL IMPORTS (MFA),SME,2026,2,124096,1432246,124096
Macau,1,M2 TOTAL APPAREL IMPORTS (MFA),SME,2026,3,23699,416161,23699
Macau,1,M2 TOTAL APPAREL IMPORTS (MFA),SME,2026,4,117222,966201,117222
Macau,1,M2 TOTAL APPAREL IMPORTS (MFA),SME,2026,5,93296,884203,93296
Macau,1,M2 TOTAL APPAREL IMPORTS (MFA),SME,2026,6,218831,3328746,218831
Madagascar,1,M2 TOTAL APPAREL IMPORTS (MFA),SME,2026,1,6247465,18008868,6247465
Madagascar,1,M2 TOTAL APPAREL IMPORTS (MFA),SME,2026,2,5696637,18570388,5696637
Madagascar,1,M2 TOTAL APPAREL IMPORTS (MFA),SME,2026,3,7525105,24894457,7525105
Madagascar,1,M2 TOTAL APPAREL IMPORTS (MFA),SME,2026,4,4897035,16218510,4897035
Madagascar,1,M2 TOTAL APPAREL IMPORTS (MFA),SME,2026,5,7633509,24352656,7633509
Madagascar,1,M2 TOTAL APPAREL IMPORTS (MFA),SME,2026,6,6005173,20195653,6005173
Malawi,1,M2 TOTAL APPAREL IMPORTS (MFA),SME,2026,4,35090,44802,35090
Malawi,1,M2 TOTAL APPAREL IMPORTS (MFA),SME,2026,5,63683,91599,63683
Malawi,1,M2 TOTAL APPAREL IMPORTS (MFA),SME,2026,6,20031,37434,20031
Malaysia,1,M2 TOTAL APPAREL IMPORTS (MFA),SME,2026,1,2668678,11675623,2668678
Malaysia,1,M2 TOTAL APPAREL IMPORTS (MFA),SME,2026,2,1602481,9231337,1602481
Malaysia,1,M2 TOTAL APPAREL IMPORTS (MFA),SME,2026,3,2024670,10651112,2024670
Malaysia,1,M2 TOTAL APPAREL IMPORTS (MFA),SME,2026,4,2781414,13638278,2781414
Malaysia,1,M2 TOTAL APPAREL IMPORTS (MFA),SME,2026,5,2613918,17322169,2613918
Malaysia,1,M2 TOTAL APPAREL IMPORTS (MFA),SME,2026,6,2585799,15692635,2585799
Maldive Islands,1,M2 TOTAL APPAREL IMPORTS (MFA),SME,2026,1,35,550,35
Maldive Islands,1,M2 TOTAL APPAREL IMPORTS (MFA),SME,2026,3,38,1036,38
Maldive Islands,1,M2 TOTAL APPAREL IMPORTS (MFA),SME,2026,4,140,863,140
Maldive Islands,1,M2 TOTAL APPAREL IMPORTS (MFA),SME,2026,5,44,546,44
Maldive Islands,1,M2 TOTAL APPAREL IMPORTS (MFA),SME,2026,6,29,388,29
Mali,1,M2 TOTAL APPAREL IMPORTS (MFA),SME,2026,1,12112,9838,12112
Mali,1,M2 TOTAL APPAREL IMPORTS (MFA),SME,2026,2,531,340,531
Mali,1,M2 TOTAL APPAREL IMPORTS (MFA),SME,2026,3,3657,4263,3657
Mali,1,M2 TOTAL APPAREL IMPORTS (MFA),SME,2026,5,6149,3800,6149
Mali,1,M2 TOTAL APPAREL IMPORTS (MFA),SME,2026,6,3228,2058,3228
Malta,1,M2 TOTAL APPAREL IMPORTS (MFA),SME,2026,1,216,4657,216
Malta,1,M2 TOTAL APPAREL IMPORTS (MFA),SME,2026,2,193,5245,193
Malta,1,M2 TOTAL APPAREL IMPORTS (MFA),SME,2026,3,151,2281,151
Malta,1,M2 TOTAL APPAREL IMPORTS (MFA),SME,2026,4,68,776,68
Malta,1,M2 TOTAL APPAREL IMPORTS (MFA),SME,2026,5,180,1891,180
Malta,1,M2 TOTAL APPAREL IMPORTS (MFA),SME,2026,6,204,2631,204
Marshall islands,1,M2 TOTAL APPAREL IMPORTS (MFA),SME,2026,3,23,902,23
Marshall islands,1,M2 TOTAL APPAREL IMPORTS (MFA),SME,2026,5,3629,4082,3629
Marshall islands,1,M2 TOTAL APPAREL IMPORTS (MFA),SME,2026,6,38,333,38
Mauritania,1,M2 TOTAL APPAREL IMPORTS (MFA),SME,2026,1,1933,1704,1933
Mauritania,1,M2 TOTAL APPAREL IMPORTS (MFA),SME,2026,2,4169,868,4169
Mauritania,1,M2 TOTAL APPAREL IMPORTS (MFA),SME,2026,3,4055,535,4055
Mauritania,1,M2 TOTAL APPAREL IMPORTS (MFA),SME,2026,4,455,317,455
Mauritania,1,M2 TOTAL APPAREL IMPORTS (MFA),SME,2026,5,4700,2042,4700
Mauritius,1,M2 TOTAL APPAREL IMPORTS (MFA),SME,2026,1,211297,1644801,211297
Mauritius,1,M2 TOTAL APPAREL IMPORTS (MFA),SME,2026,2,410040,1612219,410040
Mauritius,1,M2 TOTAL APPAREL IMPORTS (MFA),SME,2026,3,380207,2237290,380207
Mauritius,1,M2 TOTAL APPAREL IMPORTS (MFA),SME,2026,4,729369,2693714,729369
Mauritius,1,M2 TOTAL APPAREL IMPORTS (MFA),SME,2026,5,445307,1746352,445307
Mauritius,1,M2 TOTAL APPAREL IMPORTS (MFA),SME,2026,6,392962,1869987,392962
Mexico,1,M2 TOTAL APPAREL IMPORTS (MFA),SME,2026,1,39530468,173253724,39530468
Mexico,1,M2 TOTAL APPAREL IMPORTS (MFA),SME,2026,2,46345317,202281253,46345317
Mexico,1,M2 TOTAL APPAREL IMPORTS (MFA),SME,2026,3,46982514,212039916,46982514
Mexico,1,M2 TOTAL APPAREL IMPORTS (MFA),SME,2026,4,41279554,185039708,41279554
Mexico,1,M2 TOTAL APPAREL IMPORTS (MFA),SME,2026,5,42812504,195909846,42812504
Mexico,1,M2 TOTAL APPAREL IMPORTS (MFA),SME,2026,6,43454567,204893633,43454567
Moldova,1,M2 TOTAL APPAREL IMPORTS (MFA),SME,2026,1,56863,1250741,56863
Moldova,1,M2 TOTAL APPAREL IMPORTS (MFA),SME,2026,2,71392,1253576,71392
Moldova,1,M2 TOTAL APPAREL IMPORTS (MFA),SME,2026,3,60772,1097345,60772
Moldova,1,M2 TOTAL APPAREL IMPORTS (MFA),SME,2026,4,93132,1436918,93132
Moldova,1,M2 TOTAL APPAREL IMPORTS (MFA),SME,2026,5,150924,2332970,150924
Moldova,1,M2 TOTAL APPAREL IMPORTS (MFA),SME,2026,6,188875,2279354,188875
Mongolia,1,M2 TOTAL APPAREL IMPORTS (MFA),SME,2026,1,13184,242054,13184
Mongolia,1,M2 TOTAL APPAREL IMPORTS (MFA),SME,2026,2,6643,141205,6643
Mongolia,1,M2 TOTAL APPAREL IMPORTS (MFA),SME,2026,3,4122,119558,4122
Mongolia,1,M2 TOTAL APPAREL IMPORTS (MFA),SME,2026,4,5948,269612,5948
Mongolia,1,M2 TOTAL APPAREL IMPORTS (MFA),SME,2026,5,2780,178317,2780
Mongolia,1,M2 TOTAL APPAREL IMPORTS (MFA),SME,2026,6,2782,187510,2782
Montenegro,1,M2 TOTAL APPAREL IMPORTS (MFA),SME,2026,2,20,260,20
Montenegro,1,M2 TOTAL APPAREL IMPORTS (MFA),SME,2026,3,1124,1162,1124
Montenegro,1,M2 TOTAL APPAREL IMPORTS (MFA),SME,2026,4,442,10147,442
Morocco,1,M2 TOTAL APPAREL IMPORTS (MFA),SME,2026,1,1306291,11993135,1306291
Morocco,1,M2 TOTAL APPAREL IMPORTS (MFA),SME,2026,2,1708247,14466785,1708247
Morocco,1,M2 TOTAL APPAREL IMPORTS (MFA),SME,2026,3,2649466,20601179,2649466
Morocco,1,M2 TOTAL APPAREL IMPORTS (MFA),SME,2026,4,2445621,19226586,2445621
Morocco,1,M2 TOTAL APPAREL IMPORTS (MFA),SME,2026,5,3489131,26208426,3489131
Morocco,1,M2 TOTAL APPAREL IMPORTS (MFA),SME,2026,6,1862036,13380625,1862036
Namibia,1,M2 TOTAL APPAREL IMPORTS (MFA),SME,2026,1,35,603,35
Namibia,1,M2 TOTAL APPAREL IMPORTS (MFA),SME,2026,3,41,7321,41
Namibia,1,M2 TOTAL APPAREL IMPORTS (MFA),SME,2026,4,253,4828,253
Namibia,1,M2 TOTAL APPAREL IMPORTS (MFA),SME,2026,5,2864,4619,2864
Nauru,1,M2 TOTAL APPAREL IMPORTS (MFA),SME,2026,3,14,1163,14
Nauru,1,M2 TOTAL APPAREL IMPORTS (MFA),SME,2026,5,41,1578,41
Nepal,1,M2 TOTAL APPAREL IMPORTS (MFA),SME,2026,1,228183,820391,228183
Nepal,1,M2 TOTAL APPAREL IMPORTS (MFA),SME,2026,2,116327,645394,116327
Nepal,1,M2 TOTAL APPAREL IMPORTS (MFA),SME,2026,3,311824,1106239,311824
Nepal,1,M2 TOTAL APPAREL IMPORTS (MFA),SME,2026,4,311753,985995,311753
Nepal,1,M2 TOTAL APPAREL IMPORTS (MFA),SME,2026,5,221452,1100403,221452
Nepal,1,M2 TOTAL APPAREL IMPORTS (MFA),SME,2026,6,263535,1144627,263535
Netherlands,1,M2 TOTAL APPAREL IMPORTS (MFA),SME,2026,1,24324,319056,24324
Netherlands,1,M2 TOTAL APPAREL IMPORTS (MFA),SME,2026,2,47229,681964,47229
Netherlands,1,M2 TOTAL APPAREL IMPORTS (MFA),SME,2026,3,104065,519642,104065
Netherlands,1,M2 TOTAL APPAREL IMPORTS (MFA),SME,2026,4,111291,932080,111291
Netherlands,1,M2 TOTAL APPAREL IMPORTS (MFA),SME,2026,5,81155,901931,81155
Netherlands,1,M2 TOTAL APPAREL IMPORTS (MFA),SME,2026,6,75834,576470,75834
New Zealand,1,M2 TOTAL APPAREL IMPORTS (MFA),SME,2026,1,6420,47598,6420
New Zealand,1,M2 TOTAL APPAREL IMPORTS (MFA),SME,2026,2,8506,65039,8506
New Zealand,1,M2 TOTAL APPAREL IMPORTS (MFA),SME,2026,3,19567,84983,19567
New Zealand,1,M2 TOTAL APPAREL IMPORTS (MFA),SME,2026,4,24629,264496,24629
New Zealand,1,M2 TOTAL APPAREL IMPORTS (MFA),SME,2026,5,28338,147716,28338
New Zealand,1,M2 TOTAL APPAREL IMPORTS (MFA),SME,2026,6,25777,173912,25777
Nicaragua,1,M2 TOTAL APPAREL IMPORTS (MFA),SME,2026,1,40736491,128223370,40736491
Nicaragua,1,M2 TOTAL APPAREL IMPORTS (MFA),SME,2026,2,34849128,119597306,34849128
Nicaragua,1,M2 TOTAL APPAREL IMPORTS (MFA),SME,2026,3,48225113,154210833,48225113
Nicaragua,1,M2 TOTAL APPAREL IMPORTS (MFA),SME,2026,4,31712047,110748465,31712047
Nicaragua,1,M2 TOTAL APPAREL IMPORTS (MFA),SME,2026,5,33391374,118125154,33391374
Nicaragua,1,M2 TOTAL APPAREL IMPORTS (MFA),SME,2026,6,33820363,123933161,33820363
Niger,1,M2 TOTAL APPAREL IMPORTS (MFA),SME,2026,1,118,2400,118
Niger,1,M2 TOTAL APPAREL IMPORTS (MFA),SME,2026,2,12,317,12
Niger,1,M2 TOTAL APPAREL IMPORTS (MFA),SME,2026,3,37,2558,37
Niger,1,M2 TOTAL APPAREL IMPORTS (MFA),SME,2026,4,544,17354,544
Niger,1,M2 TOTAL APPAREL IMPORTS (MFA),SME,2026,5,477,16579,477
Niger,1,M2 TOTAL APPAREL IMPORTS (MFA),SME,2026,6,305,8796,305
Nigeria,1,M2 TOTAL APPAREL IMPORTS (MFA),SME,2026,1,21936,40573,21936
Nigeria,1,M2 TOTAL APPAREL IMPORTS (MFA),SME,2026,2,22797,61381,22797
Nigeria,1,M2 TOTAL APPAREL IMPORTS (MFA),SME,2026,3,24752,80454,24752
Nigeria,1,M2 TOTAL APPAREL IMPORTS (MFA),SME,2026,4,30546,62299,30546
Nigeria,1,M2 TOTAL APPAREL IMPORTS (MFA),SME,2026,5,46146,117257,46146
Nigeria,1,M2 TOTAL APPAREL IMPORTS (MFA),SME,2026,6,30960,105427,30960
North Macedonia,1,M2 TOTAL APPAREL IMPORTS (MFA),SME,2026,1,7288,136803,7288
North Macedonia,1,M2 TOTAL APPAREL IMPORTS (MFA),SME,2026,2,9167,245040,9167
North Macedonia,1,M2 TOTAL APPAREL IMPORTS (MFA),SME,2026,3,15728,334945,15728
North Macedonia,1,M2 TOTAL APPAREL IMPORTS (MFA),SME,2026,4,11735,286092,11735
North Macedonia,1,M2 TOTAL APPAREL IMPORTS (MFA),SME,2026,5,5863,171767,5863
North Macedonia,1,M2 TOTAL APPAREL IMPORTS (MFA),SME,2026,6,4173,138384,4173
Norway,1,M2 TOTAL APPAREL IMPORTS (MFA),SME,2026,1,6649,215276,6649
Norway,1,M2 TOTAL APPAREL IMPORTS (MFA),SME,2026,2,2828,111923,2828
Norway,1,M2 TOTAL APPAREL IMPORTS (MFA),SME,2026,3,1615,111235,1615
Norway,1,M2 TOTAL APPAREL IMPORTS (MFA),SME,2026,4,5505,82895,5505
Norway,1,M2 TOTAL APPAREL IMPORTS (MFA),SME,2026,5,7640,79422,7640
Norway,1,M2 TOTAL APPAREL IMPORTS (MFA),SME,2026,6,813,31320,813
Oman,1,M2 TOTAL APPAREL IMPORTS (MFA),SME,2026,1,76,563,76
Oman,1,M2 TOTAL APPAREL IMPORTS (MFA),SME,2026,2,76,5646,76
Oman,1,M2 TOTAL APPAREL IMPORTS (MFA),SME,2026,3,1781,5139,1781
Oman,1,M2 TOTAL APPAREL IMPORTS (MFA),SME,2026,4,531,1136,531
Oman,1,M2 TOTAL APPAREL IMPORTS (MFA),SME,2026,5,1160,2585,1160
Oman,1,M2 TOTAL APPAREL IMPORTS (MFA),SME,2026,6,60629,13614,60629
Pakistan,1,M2 TOTAL APPAREL IMPORTS (MFA),SME,2026,1,60180396,172275892,60180396
Pakistan,1,M2 TOTAL APPAREL IMPORTS (MFA),SME,2026,2,67167443,171297624,67167443
Pakistan,1,M2 TOTAL APPAREL IMPORTS (MFA),SME,2026,3,67124146,174806728,67124146
Pakistan,1,M2 TOTAL APPAREL IMPORTS (MFA),SME,2026,4,57277362,141958799,57277362
Pakistan,1,M2 TOTAL APPAREL IMPORTS (MFA),SME,2026,5,69822745,172949903,69822745
Pakistan,1,M2 TOTAL APPAREL IMPORTS (MFA),SME,2026,6,79286618,233554351,79286618
Panama,1,M2 TOTAL APPAREL IMPORTS (MFA),SME,2026,1,355,6156,355
Panama,1,M2 TOTAL APPAREL IMPORTS (MFA),SME,2026,2,4526,291173,4526
Panama,1,M2 TOTAL APPAREL IMPORTS (MFA),SME,2026,3,1562,25092,1562
Panama,1,M2 TOTAL APPAREL IMPORTS (MFA),SME,2026,4,1841,17630,1841
Panama,1,M2 TOTAL APPAREL IMPORTS (MFA),SME,2026,5,19339,26911,19339
Panama,1,M2 TOTAL APPAREL IMPORTS (MFA),SME,2026,6,404,8705,404
Papua New Guinea,1,M2 TOTAL APPAREL IMPORTS (MFA),SME,2026,2,12,361,12
Papua New Guinea,1,M2 TOTAL APPAREL IMPORTS (MFA),SME,2026,3,15,290,15
Papua New Guinea,1,M2 TOTAL APPAREL IMPORTS (MFA),SME,2026,5,62,1772,62
Papua New Guinea,1,M2 TOTAL APPAREL IMPORTS (MFA),SME,2026,6,345,5662,345
Paraguay,1,M2 TOTAL APPAREL IMPORTS (MFA),SME,2026,1,44375,519603,44375
Paraguay,1,M2 TOTAL APPAREL IMPORTS (MFA),SME,2026,2,47275,673848,47275
Paraguay,1,M2 TOTAL APPAREL IMPORTS (MFA),SME,2026,3,43778,601439,43778
Paraguay,1,M2 TOTAL APPAREL IMPORTS (MFA),SME,2026,4,37631,478646,37631
Paraguay,1,M2 TOTAL APPAREL IMPORTS (MFA),SME,2026,5,53220,748894,53220
Paraguay,1,M2 TOTAL APPAREL IMPORTS (MFA),SME,2026,6,27102,393362,27102
Peru,1,M2 TOTAL APPAREL IMPORTS (MFA),SME,2026,1,8556038,81064636,8556038
Peru,1,M2 TOTAL APPAREL IMPORTS (MFA),SME,2026,2,6626785,58077360,6626785
Peru,1,M2 TOTAL APPAREL IMPORTS (MFA),SME,2026,3,8915544,59816115,8915544
Peru,1,M2 TOTAL APPAREL IMPORTS (MFA),SME,2026,4,6692728,61724216,6692728
Peru,1,M2 TOTAL APPAREL IMPORTS (MFA),SME,2026,5,7703902,57794377,7703902
Peru,1,M2 TOTAL APPAREL IMPORTS (MFA),SME,2026,6,7594311,60900496,7594311
Philippines,1,M2 TOTAL APPAREL IMPORTS (MFA),SME,2026,1,10291735,38440522,10291735
Philippines,1,M2 TOTAL APPAREL IMPORTS (MFA),SME,2026,2,6096083,29230043,6096083
Philippines,1,M2 TOTAL APPAREL IMPORTS (MFA),SME,2026,3,7778512,35146618,7778512
Philippines,1,M2 TOTAL APPAREL IMPORTS (MFA),SME,2026,4,7915952,34422393,7915952
Philippines,1,M2 TOTAL APPAREL IMPORTS (MFA),SME,2026,5,7873619,26887861,7873619
Philippines,1,M2 TOTAL APPAREL IMPORTS (MFA),SME,2026,6,8379501,29032635,8379501
Poland,1,M2 TOTAL APPAREL IMPORTS (MFA),SME,2026,1,173180,3351164,173180
Poland,1,M2 TOTAL APPAREL IMPORTS (MFA),SME,2026,2,280473,4188081,280473
Poland,1,M2 TOTAL APPAREL IMPORTS (MFA),SME,2026,3,319304,5794441,319304
Poland,1,M2 TOTAL APPAREL IMPORTS (MFA),SME,2026,4,234879,4124157,234879
Poland,1,M2 TOTAL APPAREL IMPORTS (MFA),SME,2026,5,330175,4084824,330175
Poland,1,M2 TOTAL APPAREL IMPORTS (MFA),SME,2026,6,172743,3727749,172743
Portugal,1,M2 TOTAL APPAREL IMPORTS (MFA),SME,2026,1,1490641,29043386,1490641
Portugal,1,M2 TOTAL APPAREL IMPORTS (MFA),SME,2026,2,1813103,34466382,1813103
Portugal,1,M2 TOTAL APPAREL IMPORTS (MFA),SME,2026,3,2333861,43628205,2333861
Portugal,1,M2 TOTAL APPAREL IMPORTS (MFA),SME,2026,4,2269945,39524201,2269945
Portugal,1,M2 TOTAL APPAREL IMPORTS (MFA),SME,2026,5,2026726,34973690,2026726
Portugal,1,M2 TOTAL APPAREL IMPORTS (MFA),SME,2026,6,1678849,32134914,1678849
Qatar,1,M2 TOTAL APPAREL IMPORTS (MFA),SME,2026,1,263,5929,263
Qatar,1,M2 TOTAL APPAREL IMPORTS (MFA),SME,2026,2,148,639,148
Qatar,1,M2 TOTAL APPAREL IMPORTS (MFA),SME,2026,3,229,2767,229
Qatar,1,M2 TOTAL APPAREL IMPORTS (MFA),SME,2026,4,1131,10896,1131
Qatar,1,M2 TOTAL APPAREL IMPORTS (MFA),SME,2026,5,50,1296,50
Qatar,1,M2 TOTAL APPAREL IMPORTS (MFA),SME,2026,6,134,3578,134
Romania,1,M2 TOTAL APPAREL IMPORTS (MFA),SME,2026,1,506497,12585551,506497
Romania,1,M2 TOTAL APPAREL IMPORTS (MFA),SME,2026,2,689918,18044634,689918
Romania,1,M2 TOTAL APPAREL IMPORTS (MFA),SME,2026,3,647320,15170785,647320
Romania,1,M2 TOTAL APPAREL IMPORTS (MFA),SME,2026,4,662336,15248644,662336
Romania,1,M2 TOTAL APPAREL IMPORTS (MFA),SME,2026,5,608664,16639315,608664
Romania,1,M2 TOTAL APPAREL IMPORTS (MFA),SME,2026,6,717193,21064785,717193
Russia,1,M2 TOTAL APPAREL IMPORTS (MFA),SME,2026,1,19417,39234,19417
Russia,1,M2 TOTAL APPAREL IMPORTS (MFA),SME,2026,2,15870,43034,15870
Russia,1,M2 TOTAL APPAREL IMPORTS (MFA),SME,2026,3,15786,50147,15786
Russia,1,M2 TOTAL APPAREL IMPORTS (MFA),SME,2026,4,13538,35410,13538
Russia,1,M2 TOTAL APPAREL IMPORTS (MFA),SME,2026,5,17499,41725,17499
Russia,1,M2 TOTAL APPAREL IMPORTS (MFA),SME,2026,6,15344,41036,15344
Rwanda,1,M2 TOTAL APPAREL IMPORTS (MFA),SME,2026,1,3485,1512,3485
Rwanda,1,M2 TOTAL APPAREL IMPORTS (MFA),SME,2026,2,30,990,30
Rwanda,1,M2 TOTAL APPAREL IMPORTS (MFA),SME,2026,4,85,418,85
Rwanda,1,M2 TOTAL APPAREL IMPORTS (MFA),SME,2026,5,659,506,659
Rwanda,1,M2 TOTAL APPAREL IMPORTS (MFA),SME,2026,6,983,918,983
Saudi Arabia,1,M2 TOTAL APPAREL IMPORTS (MFA),SME,2026,1,5957,21868,5957
Saudi Arabia,1,M2 TOTAL APPAREL IMPORTS (MFA),SME,2026,2,1656,11759,1656
Saudi Arabia,1,M2 TOTAL APPAREL IMPORTS (MFA),SME,2026,3,1459,17681,1459
Saudi Arabia,1,M2 TOTAL APPAREL IMPORTS (MFA),SME,2026,4,6914,32488,6914
Saudi Arabia,1,M2 TOTAL APPAREL IMPORTS (MFA),SME,2026,5,2959,21119,2959
Saudi Arabia,1,M2 TOTAL APPAREL IMPORTS (MFA),SME,2026,6,1250,10883,1250
Senegal,1,M2 TOTAL APPAREL IMPORTS (MFA),SME,2026,1,20115,36400,20115
Senegal,1,M2 TOTAL APPAREL IMPORTS (MFA),SME,2026,2,52180,88601,52180
Senegal,1,M2 TOTAL APPAREL IMPORTS (MFA),SME,2026,3,78166,120582,78166
Senegal,1,M2 TOTAL APPAREL IMPORTS (MFA),SME,2026,4,50252,68267,50252
Senegal,1,M2 TOTAL APPAREL IMPORTS (MFA),SME,2026,5,142362,184531,142362
Senegal,1,M2 TOTAL APPAREL IMPORTS (MFA),SME,2026,6,36675,55171,36675
Serbia,1,M2 TOTAL APPAREL IMPORTS (MFA),SME,2026,1,39753,418486,39753
Serbia,1,M2 TOTAL APPAREL IMPORTS (MFA),SME,2026,2,34224,334887,34224
Serbia,1,M2 TOTAL APPAREL IMPORTS (MFA),SME,2026,3,47644,426388,47644
Serbia,1,M2 TOTAL APPAREL IMPORTS (MFA),SME,2026,4,23835,336561,23835
Serbia,1,M2 TOTAL APPAREL IMPORTS (MFA),SME,2026,5,45121,356775,45121
Serbia,1,M2 TOTAL APPAREL IMPORTS (MFA),SME,2026,6,32546,403921,32546
Sierra Leone,1,M2 TOTAL APPAREL IMPORTS (MFA),SME,2026,1,10837,29939,10837
Sierra Leone,1,M2 TOTAL APPAREL IMPORTS (MFA),SME,2026,2,1135,10322,1135
Sierra Leone,1,M2 TOTAL APPAREL IMPORTS (MFA),SME,2026,3,1349,8224,1349
Sierra Leone,1,M2 TOTAL APPAREL IMPORTS (MFA),SME,2026,4,2172,6315,2172
Sierra Leone,1,M2 TOTAL APPAREL IMPORTS (MFA),SME,2026,5,82,1247,82
Sierra Leone,1,M2 TOTAL APPAREL IMPORTS (MFA),SME,2026,6,1852,12626,1852
Singapore,1,M2 TOTAL APPAREL IMPORTS (MFA),SME,2026,1,40354,363675,40354
Singapore,1,M2 TOTAL APPAREL IMPORTS (MFA),SME,2026,2,81013,353347,81013
Singapore,1,M2 TOTAL APPAREL IMPORTS (MFA),SME,2026,3,15770,107264,15770
Singapore,1,M2 TOTAL APPAREL IMPORTS (MFA),SME,2026,4,21405,95578,21405
Singapore,1,M2 TOTAL APPAREL IMPORTS (MFA),SME,2026,5,88813,219254,88813
Singapore,1,M2 TOTAL APPAREL IMPORTS (MFA),SME,2026,6,39796,114684,39796
Sint Maarten,1,M2 TOTAL APPAREL IMPORTS (MFA),SME,2026,1,30,800,30
Sint Maarten,1,M2 TOTAL APPAREL IMPORTS (MFA),SME,2026,3,35,500,35
Sint Maarten,1,M2 TOTAL APPAREL IMPORTS (MFA),SME,2026,4,75,895,75
Slovakia,1,M2 TOTAL APPAREL IMPORTS (MFA),SME,2026,1,15169,387661,15169
Slovakia,1,M2 TOTAL APPAREL IMPORTS (MFA),SME,2026,2,22208,473862,22208
Slovakia,1,M2 TOTAL APPAREL IMPORTS (MFA),SME,2026,3,39945,870746,39945
Slovakia,1,M2 TOTAL APPAREL IMPORTS (MFA),SME,2026,4,51643,1116628,51643
Slovakia,1,M2 TOTAL APPAREL IMPORTS (MFA),SME,2026,5,30026,832317,30026
Slovakia,1,M2 TOTAL APPAREL IMPORTS (MFA),SME,2026,6,33028,719175,33028
Slovenia,1,M2 TOTAL APPAREL IMPORTS (MFA),SME,2026,1,21967,243947,21967
Slovenia,1,M2 TOTAL APPAREL IMPORTS (MFA),SME,2026,2,16200,190774,16200
Slovenia,1,M2 TOTAL APPAREL IMPORTS (MFA),SME,2026,3,30804,303279,30804
Slovenia,1,M2 TOTAL APPAREL IMPORTS (MFA),SME,2026,4,27162,380452,27162
Slovenia,1,M2 TOTAL APPAREL IMPORTS (MFA),SME,2026,5,43017,348563,43017
Slovenia,1,M2 TOTAL APPAREL IMPORTS (MFA),SME,2026,6,59636,665783,59636
Solomon Islands,1,M2 TOTAL APPAREL IMPORTS (MFA),SME,2026,1,19,900,19
Solomon Islands,1,M2 TOTAL APPAREL IMPORTS (MFA),SME,2026,6,38,432,38
South Africa,1,M2 TOTAL APPAREL IMPORTS (MFA),SME,2026,1,28673,290761,28673
South Africa,1,M2 TOTAL APPAREL IMPORTS (MFA),SME,2026,2,67826,687073,67826
South Africa,1,M2 TOTAL APPAREL IMPORTS (MFA),SME,2026,3,12029,54475,12029
South Africa,1,M2 TOTAL APPAREL IMPORTS (MFA),SME,2026,4,39918,323673,39918
South Africa,1,M2 TOTAL APPAREL IMPORTS (MFA),SME,2026,5,36783,346060,36783
South Africa,1,M2 TOTAL APPAREL IMPORTS (MFA),SME,2026,6,56733,407128,56733
South Korea,1,M2 TOTAL APPAREL IMPORTS (MFA),SME,2026,1,2654224,15972195,2654224
South Korea,1,M2 TOTAL APPAREL IMPORTS (MFA),SME,2026,2,1706500,10435950,1706500
South Korea,1,M2 TOTAL APPAREL IMPORTS (MFA),SME,2026,3,3088749,18054151,3088749
South Korea,1,M2 TOTAL APPAREL IMPORTS (MFA),SME,2026,4,1674631,9340166,1674631
South Korea,1,M2 TOTAL APPAREL IMPORTS (MFA),SME,2026,5,2809374,17451779,2809374
South Korea,1,M2 TOTAL APPAREL IMPORTS (MFA),SME,2026,6,2211231,15602035,2211231
Spain,1,M2 TOTAL APPAREL IMPORTS (MFA),SME,2026,1,322615,4410450,322615
Spain,1,M2 TOTAL APPAREL IMPORTS (MFA),SME,2026,2,281769,3931044,281769
Spain,1,M2 TOTAL APPAREL IMPORTS (MFA),SME,2026,3,292911,4558672,292911
Spain,1,M2 TOTAL APPAREL IMPORTS (MFA),SME,2026,4,351867,4307131,351867
Spain,1,M2 TOTAL APPAREL IMPORTS (MFA),SME,2026,5,425461,4369387,425461
Spain,1,M2 TOTAL APPAREL IMPORTS (MFA),SME,2026,6,474736,3836400,474736
Sri Lanka,1,M2 TOTAL APPAREL IMPORTS (MFA),SME,2026,1,41424725,160653149,41424725
Sri Lanka,1,M2 TOTAL APPAREL IMPORTS (MFA),SME,2026,2,40723576,139062933,40723576
Sri Lanka,1,M2 TOTAL APPAREL IMPORTS (MFA),SME,2026,3,42068563,155292318,42068563
Sri Lanka,1,M2 TOTAL APPAREL IMPORTS (MFA),SME,2026,4,34150075,130707585,34150075
Sri Lanka,1,M2 TOTAL APPAREL IMPORTS (MFA),SME,2026,5,30468630,112750519,30468630
Sri Lanka,1,M2 TOTAL APPAREL IMPORTS (MFA),SME,2026,6,30917219,125591626,30917219
St Kitts and Nevis,1,M2 TOTAL APPAREL IMPORTS (MFA),SME,2026,1,9,370,9
St Kitts and Nevis,1,M2 TOTAL APPAREL IMPORTS (MFA),SME,2026,2,47,3392,47
St Kitts and Nevis,1,M2 TOTAL APPAREL IMPORTS (MFA),SME,2026,3,102,6936,102
St Kitts and Nevis,1,M2 TOTAL APPAREL IMPORTS (MFA),SME,2026,5,56,1178,56
St Lucia,1,M2 TOTAL APPAREL IMPORTS (MFA),SME,2026,2,13,280,13
St Vincent/Grenadines,1,M2 TOTAL APPAREL IMPORTS (MFA),SME,2026,1,120,1533,120
St Vincent/Grenadines,1,M2 TOTAL APPAREL IMPORTS (MFA),SME,2026,2,13,294,13
Suriname,1,M2 TOTAL APPAREL IMPORTS (MFA),SME,2026,2,105,4323,105
Suriname,1,M2 TOTAL APPAREL IMPORTS (MFA),SME,2026,3,15,339,15
Suriname,1,M2 TOTAL APPAREL IMPORTS (MFA),SME,2026,4,24096,64071,24096
Suriname,1,M2 TOTAL APPAREL IMPORTS (MFA),SME,2026,5,62,2088,62
Suriname,1,M2 TOTAL APPAREL IMPORTS (MFA),SME,2026,6,15,1076,15
Sweden,1,M2 TOTAL APPAREL IMPORTS (MFA),SME,2026,1,26300,215700,26300
Sweden,1,M2 TOTAL APPAREL IMPORTS (MFA),SME,2026,2,9908,179426,9908
Sweden,1,M2 TOTAL APPAREL IMPORTS (MFA),SME,2026,3,13171,254013,13171
Sweden,1,M2 TOTAL APPAREL IMPORTS (MFA),SME,2026,4,20998,299029,20998
Sweden,1,M2 TOTAL APPAREL IMPORTS (MFA),SME,2026,5,26392,457505,26392
Sweden,1,M2 TOTAL APPAREL IMPORTS (MFA),SME,2026,6,37723,483557,37723
Switzerland,1,M2 TOTAL APPAREL IMPORTS (MFA),SME,2026,1,27030,726500,27030
Switzerland,1,M2 TOTAL APPAREL IMPORTS (MFA),SME,2026,2,177977,1041705,177977
Switzerland,1,M2 TOTAL APPAREL IMPORTS (MFA),SME,2026,3,63455,1501607,63455
Switzerland,1,M2 TOTAL APPAREL IMPORTS (MFA),SME,2026,4,49687,1243591,49687
Switzerland,1,M2 TOTAL APPAREL IMPORTS (MFA),SME,2026,5,91161,2575033,91161
Switzerland,1,M2 TOTAL APPAREL IMPORTS (MFA),SME,2026,6,42431,1415644,42431
Syria,1,M2 TOTAL APPAREL IMPORTS (MFA),SME,2026,1,341,600,341
Taiwan,1,M2 TOTAL APPAREL IMPORTS (MFA),SME,2026,1,2574305,8149095,2574305
Taiwan,1,M2 TOTAL APPAREL IMPORTS (MFA),SME,2026,2,3757735,7910456,3757735
Taiwan,1,M2 TOTAL APPAREL IMPORTS (MFA),SME,2026,3,2789563,7997367,2789563
Taiwan,1,M2 TOTAL APPAREL IMPORTS (MFA),SME,2026,4,2250349,6372474,2250349
Taiwan,1,M2 TOTAL APPAREL IMPORTS (MFA),SME,2026,5,3019162,7475352,3019162
Taiwan,1,M2 TOTAL APPAREL IMPORTS (MFA),SME,2026,6,2913816,10181267,2913816
Tanzania,1,M2 TOTAL APPAREL IMPORTS (MFA),SME,2026,1,4468621,9218658,4468621
Tanzania,1,M2 TOTAL APPAREL IMPORTS (MFA),SME,2026,2,3405975,6145695,3405975
Tanzania,1,M2 TOTAL APPAREL IMPORTS (MFA),SME,2026,3,2366533,4711603,2366533
Tanzania,1,M2 TOTAL APPAREL IMPORTS (MFA),SME,2026,4,1841051,4634010,1841051
Tanzania,1,M2 TOTAL APPAREL IMPORTS (MFA),SME,2026,5,1672041,4240153,1672041
Tanzania,1,M2 TOTAL APPAREL IMPORTS (MFA),SME,2026,6,1925812,5648320,1925812
Thailand,1,M2 TOTAL APPAREL IMPORTS (MFA),SME,2026,1,23397702,85542755,23397702
Thailand,1,M2 TOTAL APPAREL IMPORTS (MFA),SME,2026,2,26411781,67785785,26411781
Thailand,1,M2 TOTAL APPAREL IMPORTS (MFA),SME,2026,3,37614236,87956834,37614236
Thailand,1,M2 TOTAL APPAREL IMPORTS (MFA),SME,2026,4,22933069,69275891,22933069
Thailand,1,M2 TOTAL APPAREL IMPORTS (MFA),SME,2026,5,12739134,65642330,12739134
Thailand,1,M2 TOTAL APPAREL IMPORTS (MFA),SME,2026,6,17297046,83855434,17297046
Togo,1,M2 TOTAL APPAREL IMPORTS (MFA),SME,2026,1,98439,616559,98439
Togo,1,M2 TOTAL APPAREL IMPORTS (MFA),SME,2026,2,67301,429963,67301
Togo,1,M2 TOTAL APPAREL IMPORTS (MFA),SME,2026,3,32430,207154,32430
Togo,1,M2 TOTAL APPAREL IMPORTS (MFA),SME,2026,4,33919,207617,33919
Togo,1,M2 TOTAL APPAREL IMPORTS (MFA),SME,2026,5,55893,350743,55893
Togo,1,M2 TOTAL APPAREL IMPORTS (MFA),SME,2026,6,84051,115114,84051
Tonga,1,M2 TOTAL APPAREL IMPORTS (MFA),SME,2026,2,4,849,4
Tonga,1,M2 TOTAL APPAREL IMPORTS (MFA),SME,2026,3,42,2034,42
Tonga,1,M2 TOTAL APPAREL IMPORTS (MFA),SME,2026,4,365,3434,365
Tonga,1,M2 TOTAL APPAREL IMPORTS (MFA),SME,2026,6,55,1835,55
Trinidad and Tobago,1,M2 TOTAL APPAREL IMPORTS (MFA),SME,2026,1,159,1811,159
Trinidad and Tobago,1,M2 TOTAL APPAREL IMPORTS (MFA),SME,2026,4,53,842,53
Trinidad and Tobago,1,M2 TOTAL APPAREL IMPORTS (MFA),SME,2026,5,95,1345,95
Trinidad and Tobago,1,M2 TOTAL APPAREL IMPORTS (MFA),SME,2026,6,6,495,6
Tunisia,1,M2 TOTAL APPAREL IMPORTS (MFA),SME,2026,1,382291,7118528,382291
Tunisia,1,M2 TOTAL APPAREL IMPORTS (MFA),SME,2026,2,369135,7248206,369135
Tunisia,1,M2 TOTAL APPAREL IMPORTS (MFA),SME,2026,3,500726,8551788,500726
Tunisia,1,M2 TOTAL APPAREL IMPORTS (MFA),SME,2026,4,444146,7562132,444146
Tunisia,1,M2 TOTAL APPAREL IMPORTS (MFA),SME,2026,5,507375,8240939,507375
Tunisia,1,M2 TOTAL APPAREL IMPORTS (MFA),SME,2026,6,440881,8428625,440881
Turkey,1,M2 TOTAL APPAREL IMPORTS (MFA),SME,2026,1,9076625,77098753,9076625
Turkey,1,M2 TOTAL APPAREL IMPORTS (MFA),SME,2026,2,8287551,69659329,8287551
Turkey,1,M2 TOTAL APPAREL IMPORTS (MFA),SME,2026,3,11410074,81918415,11410074
Turkey,1,M2 TOTAL APPAREL IMPORTS (MFA),SME,2026,4,8437844,73641346,8437844
Turkey,1,M2 TOTAL APPAREL IMPORTS (MFA),SME,2026,5,9777195,76474396,9777195
Turkey,1,M2 TOTAL APPAREL IMPORTS (MFA),SME,2026,6,8886306,79877817,8886306
Turkmenistan,1,M2 TOTAL APPAREL IMPORTS (MFA),SME,2026,3,625,954,625
"Turks, Caicos Isls.",1,M2 TOTAL APPAREL IMPORTS (MFA),SME,2026,2,35,350,35
"Turks, Caicos Isls.",1,M2 TOTAL APPAREL IMPORTS (MFA),SME,2026,4,67,733,67
"Turks, Caicos Isls.",1,M2 TOTAL APPAREL IMPORTS (MFA),SME,2026,5,15,350,15
"Turks, Caicos Isls.",1,M2 TOTAL APPAREL IMPORTS (MFA),SME,2026,6,4,1398,4
Uganda,1,M2 TOTAL APPAREL IMPORTS (MFA),SME,2026,2,90,632,90
Uganda,1,M2 TOTAL APPAREL IMPORTS (MFA),SME,2026,5,1779,1361,1779
Uganda,1,M2 TOTAL APPAREL IMPORTS (MFA),SME,2026,6,42,3938,42
Ukraine,1,M2 TOTAL APPAREL IMPORTS (MFA),SME,2026,1,93905,1413048,93905
Ukraine,1,M2 TOTAL APPAREL IMPORTS (MFA),SME,2026,2,156128,1744392,156128
Ukraine,1,M2 TOTAL APPAREL IMPORTS (MFA),SME,2026,3,166427,1646383,166427
Ukraine,1,M2 TOTAL APPAREL IMPORTS (MFA),SME,2026,4,214494,1519929,214494
Ukraine,1,M2 TOTAL APPAREL IMPORTS (MFA),SME,2026,5,160805,1473028,160805
Ukraine,1,M2 TOTAL APPAREL IMPORTS (MFA),SME,2026,6,287193,2032794,287193
United Arab Emirates,1,M2 TOTAL APPAREL IMPORTS (MFA),SME,2026,1,453048,2266910,453048
United Arab Emirates,1,M2 TOTAL APPAREL IMPORTS (MFA),SME,2026,2,1015781,2187220,1015781
United Arab Emirates,1,M2 TOTAL APPAREL IMPORTS (MFA),SME,2026,3,948372,2409692,948372
United Arab Emirates,1,M2 TOTAL APPAREL IMPORTS (MFA),SME,2026,4,237611,1200612,237611
United Arab Emirates,1,M2 TOTAL APPAREL IMPORTS (MFA),SME,2026,5,431868,1360251,431868
United Arab Emirates,1,M2 TOTAL APPAREL IMPORTS (MFA),SME,2026,6,341074,2195473,341074
United Kingdom,1,M2 TOTAL APPAREL IMPORTS (MFA),SME,2026,1,947584,11151052,947584
United Kingdom,1,M2 TOTAL APPAREL IMPORTS (MFA),SME,2026,2,1033947,11179048,1033947
United Kingdom,1,M2 TOTAL APPAREL IMPORTS (MFA),SME,2026,3,1455415,13182344,1455415
United Kingdom,1,M2 TOTAL APPAREL IMPORTS (MFA),SME,2026,4,1308806,12317944,1308806
United Kingdom,1,M2 TOTAL APPAREL IMPORTS (MFA),SME,2026,5,2123077,19580690,2123077
United Kingdom,1,M2 TOTAL APPAREL IMPORTS (MFA),SME,2026,6,1177439,13372807,1177439
Uruguay,1,M2 TOTAL APPAREL IMPORTS (MFA),SME,2026,1,395,49911,395
Uruguay,1,M2 TOTAL APPAREL IMPORTS (MFA),SME,2026,2,5228,104784,5228
Uruguay,1,M2 TOTAL APPAREL IMPORTS (MFA),SME,2026,3,5802,170112,5802
Uruguay,1,M2 TOTAL APPAREL IMPORTS (MFA),SME,2026,4,12801,253034,12801
Uruguay,1,M2 TOTAL APPAREL IMPORTS (MFA),SME,2026,5,1695,40619,1695
Uruguay,1,M2 TOTAL APPAREL IMPORTS (MFA),SME,2026,6,4994,108444,4994
Uzbekistan,1,M2 TOTAL APPAREL IMPORTS (MFA),SME,2026,1,7952,39508,7952
Uzbekistan,1,M2 TOTAL APPAREL IMPORTS (MFA),SME,2026,2,74097,267832,74097
Uzbekistan,1,M2 TOTAL APPAREL IMPORTS (MFA),SME,2026,3,50206,112558,50206
Uzbekistan,1,M2 TOTAL APPAREL IMPORTS (MFA),SME,2026,4,19584,71989,19584
Uzbekistan,1,M2 TOTAL APPAREL IMPORTS (MFA),SME,2026,5,41410,108312,41410
Uzbekistan,1,M2 TOTAL APPAREL IMPORTS (MFA),SME,2026,6,66785,95532,66785
Vanuatu,1,M2 TOTAL APPAREL IMPORTS (MFA),SME,2026,3,38,320,38
Vanuatu,1,M2 TOTAL APPAREL IMPORTS (MFA),SME,2026,4,17,663,17
Venezuela,1,M2 TOTAL APPAREL IMPORTS (MFA),SME,2026,1,13,384,13
Venezuela,1,M2 TOTAL APPAREL IMPORTS (MFA),SME,2026,3,35,430,35
Venezuela,1,M2 TOTAL APPAREL IMPORTS (MFA),SME,2026,4,1186,8663,1186
Venezuela,1,M2 TOTAL APPAREL IMPORTS (MFA),SME,2026,5,297,3474,297
Venezuela,1,M2 TOTAL APPAREL IMPORTS (MFA),SME,2026,6,90,1912,90
Vietnam,1,M2 TOTAL APPAREL IMPORTS (MFA),SME,2026,1,413348596,1481958321,413348596
Vietnam,1,M2 TOTAL APPAREL IMPORTS (MFA),SME,2026,2,375199010,1215491355,375199010
Vietnam,1,M2 TOTAL APPAREL IMPORTS (MFA),SME,2026,3,389965536,1281144582,389965536
Vietnam,1,M2 TOTAL APPAREL IMPORTS (MFA),SME,2026,4,347941244,1187936260,347941244
Vietnam,1,M2 TOTAL APPAREL IMPORTS (MFA),SME,2026,5,360696175,1224251542,360696175
Vietnam,1,M2 TOTAL APPAREL IMPORTS (MFA),SME,2026,6,401844531,1462282647,401844531
Western Samoa,1,M2 TOTAL APPAREL IMPORTS (MFA),SME,2026,3,114,1617,114
Western Samoa,1,M2 TOTAL APPAREL IMPORTS (MFA),SME,2026,6,79,3240,79
World,1,M2 TOTAL APPAREL IMPORTS (MFA),SME,2026,1,1935543549,6188818849,1935543549
World,1,M2 TOTAL APPAREL IMPORTS (MFA),SME,2026,2,1793647706,5507750294,1793647706
World,1,M2 TOTAL APPAREL IMPORTS (MFA),SME,2026,3,1911543107,6004725261,1911543107
World,1,M2 TOTAL APPAREL IMPORTS (MFA),SME,2026,4,1693685009,5429626408,1693685009
World,1,M2 TOTAL APPAREL IMPORTS (MFA),SME,2026,5,1817525198,5637256585,1817525198
World,1,M2 TOTAL APPAREL IMPORTS (MFA),SME,2026,6,1964066106,6319061727,1964066106
Yemen,1,M2 TOTAL APPAREL IMPORTS (MFA),SME,2026,1,814,2077,814
Yemen,1,M2 TOTAL APPAREL IMPORTS (MFA),SME,2026,2,755,1720,755
Yemen,1,M2 TOTAL APPAREL IMPORTS (MFA),SME,2026,3,6591,6737,6591
Yemen,1,M2 TOTAL APPAREL IMPORTS (MFA),SME,2026,4,2512,4440,2512
Yemen,1,M2 TOTAL APPAREL IMPORTS (MFA),SME,2026,5,804,960,804
Zambia,1,M2 TOTAL APPAREL IMPORTS (MFA),SME,2026,3,12,300,12
Zambia,1,M2 TOTAL APPAREL IMPORTS (MFA),SME,2026,4,76,651,76
Zambia,1,M2 TOTAL APPAREL IMPORTS (MFA),SME,2026,5,113,1356,113
Zambia,1,M2 TOTAL APPAREL IMPORTS (MFA),SME,2026,6,383,1232,383
Zimbabwe,1,M2 TOTAL APPAREL IMPORTS (MFA),SME,2026,1,1803,10760,1803
Zimbabwe,1,M2 TOTAL APPAREL IMPORTS (MFA),SME,2026,2,30948,112893,30948
Zimbabwe,1,M2 TOTAL APPAREL IMPORTS (MFA),SME,2026,3,2712,14578,2712
Zimbabwe,1,M2 TOTAL APPAREL IMPORTS (MFA),SME,2026,5,2973,18105,2973
Zimbabwe,1,M2 TOTAL APPAREL IMPORTS (MFA),SME,2026,6,30883,111010,30883
_ANDEAN (ATPA),1,M2 TOTAL APPAREL IMPORTS (MFA),SME,2025,1,25165,70039,25165
_ANDEAN (ATPA),1,M2 TOTAL APPAREL IMPORTS (MFA),SME,2025,2,76428,203073,76428
_ANDEAN (ATPA),1,M2 TOTAL APPAREL IMPORTS (MFA),SME,2025,3,127354,258037,127354
_ANDEAN (ATPA),1,M2 TOTAL APPAREL IMPORTS (MFA),SME,2025,4,104957,238889,104957
_ANDEAN (ATPA),1,M2 TOTAL APPAREL IMPORTS (MFA),SME,2025,5,93204,239120,93204
_ANDEAN (ATPA),1,M2 TOTAL APPAREL IMPORTS (MFA),SME,2025,6,164505,281741,164505
_ANDEAN (ATPA),1,M2 TOTAL APPAREL IMPORTS (MFA),SME,2025,7,101474,214568,101474
_ANDEAN (ATPA),1,M2 TOTAL APPAREL IMPORTS (MFA),SME,2025,8,153176,308973,153176
_ANDEAN (ATPA),1,M2 TOTAL APPAREL IMPORTS (MFA),SME,2025,9,170659,307516,170659
_ANDEAN (ATPA),1,M2 TOTAL APPAREL IMPORTS (MFA),SME,2025,10,120957,457296,120957
_ANDEAN (ATPA),1,M2 TOTAL APPAREL IMPORTS (MFA),SME,2025,11,203267,464969,203267
_ANDEAN (ATPA),1,M2 TOTAL APPAREL IMPORTS (MFA),SME,2025,12,224966,486295,224966
_ASEAN,1,M2 TOTAL APPAREL IMPORTS (MFA),SME,2025,1,653007028,2338258350,653007028
_ASEAN,1,M2 TOTAL APPAREL IMPORTS (MFA),SME,2025,2,578024318,1950421790,578024318
_ASEAN,1,M2 TOTAL APPAREL IMPORTS (MFA),SME,2025,3,644326832,2180463718,644326832
_ASEAN,1,M2 TOTAL APPAREL IMPORTS (MFA),SME,2025,4,589224438,2027831658,589224438
_ASEAN,1,M2 TOTAL APPAREL IMPORTS (MFA),SME,2025,5,561421007,1893818338,561421007
_ASEAN,1,M2 TOTAL APPAREL IMPORTS (MFA),SME,2025,6,638932998,2397780270,638932998
_ASEAN,1,M2 TOTAL APPAREL IMPORTS (MFA),SME,2025,7,743783867,2748434626,743783867
_ASEAN,1,M2 TOTAL APPAREL IMPORTS (MFA),SME,2025,8,800962025,2817268465,800962025
_ASEAN,1,M2 TOTAL APPAREL IMPORTS (MFA),SME,2025,9,894061144,3015670717,894061144
_ASEAN,1,M2 TOTAL APPAREL IMPORTS (MFA),SME,2025,10,651137297,2447037740,651137297
_ASEAN,1,M2 TOTAL APPAREL IMPORTS (MFA),SME,2025,11,558100239,1967735144,558100239
_ASEAN,1,M2 TOTAL APPAREL IMPORTS (MFA),SME,2025,12,695503600,2352442028,695503600
_CAFTA-DR,1,M2 TOTAL APPAREL IMPORTS (MFA),SME,2025,1,141535909,482490132,141535909
_CAFTA-DR,1,M2 TOTAL APPAREL IMPORTS (MFA),SME,2025,2,157666888,539200844,157666888
_CAFTA-DR,1,M2 TOTAL APPAREL IMPORTS (MFA),SME,2025,3,209295979,687530120,209295979
_CAFTA-DR,1,M2 TOTAL APPAREL IMPORTS (MFA),SME,2025,4,175650364,594305804,175650364
_CAFTA-DR,1,M2 TOTAL APPAREL IMPORTS (MFA),SME,2025,5,175495332,605976318,175495332
_CAFTA-DR,1,M2 TOTAL APPAREL IMPORTS (MFA),SME,2025,6,189927010,648506599,189927010
_CAFTA-DR,1,M2 TOTAL APPAREL IMPORTS (MFA),SME,2025,7,198960725,700088828,198960725
_CAFTA-DR,1,M2 TOTAL APPAREL IMPORTS (MFA),SME,2025,8,175560765,611419414,175560765
_CAFTA-DR,1,M2 TOTAL APPAREL IMPORTS (MFA),SME,2025,9,180157344,646844460,180157344
_CAFTA-DR,1,M2 TOTAL APPAREL IMPORTS (MFA),SME,2025,10,183244229,596239249,183244229
_CAFTA-DR,1,M2 TOTAL APPAREL IMPORTS (MFA),SME,2025,11,158968178,527527834,158968178
_CAFTA-DR,1,M2 TOTAL APPAREL IMPORTS (MFA),SME,2025,12,173546315,597446625,173546315
_CBI,1,M2 TOTAL APPAREL IMPORTS (MFA),SME,2025,1,10944997,25591464,10944997
_CBI,1,M2 TOTAL APPAREL IMPORTS (MFA),SME,2025,2,16850826,42570945,16850826
_CBI,1,M2 TOTAL APPAREL IMPORTS (MFA),SME,2025,3,19039020,46815903,19039020
_CBI,1,M2 TOTAL APPAREL IMPORTS (MFA),SME,2025,4,17985760,46133991,17985760
_CBI,1,M2 TOTAL APPAREL IMPORTS (MFA),SME,2025,5,18159918,44006026,18159918
_CBI,1,M2 TOTAL APPAREL IMPORTS (MFA),SME,2025,6,16401505,41859524,16401505
_CBI,1,M2 TOTAL APPAREL IMPORTS (MFA),SME,2025,7,19831269,50702555,19831269
_CBI,1,M2 TOTAL APPAREL IMPORTS (MFA),SME,2025,8,15884694,40497624,15884694
_CBI,1,M2 TOTAL APPAREL IMPORTS (MFA),SME,2025,9,19320099,48030028,19320099
_CBI,1,M2 TOTAL APPAREL IMPORTS (MFA),SME,2025,10,12864949,29515776,12864949
_CBI,1,M2 TOTAL APPAREL IMPORTS (MFA),SME,2025,11,14310119,33836071,14310119
_CBI,1,M2 TOTAL APPAREL IMPORTS (MFA),SME,2025,12,12841159,34199982,12841159
_EU (2020-present),1,M2 TOTAL APPAREL IMPORTS (MFA),SME,2025,1,9992023,232290748,9992023
_EU (2020-present),1,M2 TOTAL APPAREL IMPORTS (MFA),SME,2025,2,10671022,254595324,10671022
_EU (2020-present),1,M2 TOTAL APPAREL IMPORTS (MFA),SME,2025,3,12330816,253031025,12330816
_EU (2020-present),1,M2 TOTAL APPAREL IMPORTS (MFA),SME,2025,4,11226437,228522229,11226437
_EU (2020-present),1,M2 TOTAL APPAREL IMPORTS (MFA),SME,2025,5,10888467,233132217,10888467
_EU (2020-present),1,M2 TOTAL APPAREL IMPORTS (MFA),SME,2025,6,11252373,246366473,11252373
_EU (2020-present),1,M2 TOTAL APPAREL IMPORTS (MFA),SME,2025,7,14020142,323340298,14020142
_EU (2020-present),1,M2 TOTAL APPAREL IMPORTS (MFA),SME,2025,8,10555457,249286516,10555457
_EU (2020-present),1,M2 TOTAL APPAREL IMPORTS (MFA),SME,2025,9,11474421,248103647,11474421
_EU (2020-present),1,M2 TOTAL APPAREL IMPORTS (MFA),SME,2025,10,13302841,295139363,13302841
_EU (2020-present),1,M2 TOTAL APPAREL IMPORTS (MFA),SME,2025,11,12052348,283307100,12052348
_EU (2020-present),1,M2 TOTAL APPAREL IMPORTS (MFA),SME,2025,12,12209261,290393585,12209261
_EU27 (2007-2012),1,M2 TOTAL APPAREL IMPORTS (MFA),SME,2025,1,10324976,240157149,10324976
_EU27 (2007-2012),1,M2 TOTAL APPAREL IMPORTS (MFA),SME,2025,2,11477878,263297545,11477878
_EU27 (2007-2012),1,M2 TOTAL APPAREL IMPORTS (MFA),SME,2025,3,12879049,261925350,12879049
_EU27 (2007-2012),1,M2 TOTAL APPAREL IMPORTS (MFA),SME,2025,4,11618040,235949950,11618040
_EU27 (2007-2012),1,M2 TOTAL APPAREL IMPORTS (MFA),SME,2025,5,11371756,241333646,11371756
_EU27 (2007-2012),1,M2 TOTAL APPAREL IMPORTS (MFA),SME,2025,6,11750466,253530399,11750466
_EU27 (2007-2012),1,M2 TOTAL APPAREL IMPORTS (MFA),SME,2025,7,14739340,334210950,14739340
_EU27 (2007-2012),1,M2 TOTAL APPAREL IMPORTS (MFA),SME,2025,8,11513124,261823075,11513124
_EU27 (2007-2012),1,M2 TOTAL APPAREL IMPORTS (MFA),SME,2025,9,12722173,263357056,12722173
_EU27 (2007-2012),1,M2 TOTAL APPAREL IMPORTS (MFA),SME,2025,10,14332058,310588329,14332058
_EU27 (2007-2012),1,M2 TOTAL APPAREL IMPORTS (MFA),SME,2025,11,13517082,298374417,13517082
_EU27 (2007-2012),1,M2 TOTAL APPAREL IMPORTS (MFA),SME,2025,12,13712400,307296111,13712400
_EU28 (2013-2019),1,M2 TOTAL APPAREL IMPORTS (MFA),SME,2025,1,10343529,240562646,10343529
_EU28 (2013-2019),1,M2 TOTAL APPAREL IMPORTS (MFA),SME,2025,2,11495113,263728108,11495113
_EU28 (2013-2019),1,M2 TOTAL APPAREL IMPORTS (MFA),SME,2025,3,12895664,262400545,12895664
_EU28 (2013-2019),1,M2 TOTAL APPAREL IMPORTS (MFA),SME,2025,4,11649214,236375920,11649214
_EU28 (2013-2019),1,M2 TOTAL APPAREL IMPORTS (MFA),SME,2025,5,11396407,241740848,11396407
_EU28 (2013-2019),1,M2 TOTAL APPAREL IMPORTS (MFA),SME,2025,6,11763548,253745151,11763548
_EU28 (2013-2019),1,M2 TOTAL APPAREL IMPORTS (MFA),SME,2025,7,14762095,334699864,14762095
_EU28 (2013-2019),1,M2 TOTAL APPAREL IMPORTS (MFA),SME,2025,8,11541830,262220150,11541830
_EU28 (2013-2019),1,M2 TOTAL APPAREL IMPORTS (MFA),SME,2025,9,12747220,263805811,12747220
_EU28 (2013-2019),1,M2 TOTAL APPAREL IMPORTS (MFA),SME,2025,10,14370607,311108056,14370607
_EU28 (2013-2019),1,M2 TOTAL APPAREL IMPORTS (MFA),SME,2025,11,13568118,299091076,13568118
_EU28 (2013-2019),1,M2 TOTAL APPAREL IMPORTS (MFA),SME,2025,12,13761413,308131991,13761413
_SUB-SAHARA,1,M2 TOTAL APPAREL IMPORTS (MFA),SME,2025,1,40003781,125437082,40003781
_SUB-SAHARA,1,M2 TOTAL APPAREL IMPORTS (MFA),SME,2025,2,41060705,115577396,41060705
_SUB-SAHARA,1,M2 TOTAL APPAREL IMPORTS (MFA),SME,2025,3,36587089,111767080,36587089
_SUB-SAHARA,1,M2 TOTAL APPAREL IMPORTS (MFA),SME,2025,4,42949923,135857934,42949923
_SUB-SAHARA,1,M2 TOTAL APPAREL IMPORTS (MFA),SME,2025,5,39712207,128762625,39712207
_SUB-SAHARA,1,M2 TOTAL APPAREL IMPORTS (MFA),SME,2025,6,34946497,104614424,34946497
_SUB-SAHARA,1,M2 TOTAL APPAREL IMPORTS (MFA),SME,2025,7,40097133,131303414,40097133
_SUB-SAHARA,1,M2 TOTAL APPAREL IMPORTS (MFA),SME,2025,8,44263317,143243461,44263317
_SUB-SAHARA,1,M2 TOTAL APPAREL IMPORTS (MFA),SME,2025,9,50108482,158442551,50108482
_SUB-SAHARA,1,M2 TOTAL APPAREL IMPORTS (MFA),SME,2025,10,40114928,117853297,40114928
_SUB-SAHARA,1,M2 TOTAL APPAREL IMPORTS (MFA),SME,2025,11,35676756,103902119,35676756
_SUB-SAHARA,1,M2 TOTAL APPAREL IMPORTS (MFA),SME,2025,12,41251611,105215201,41251611
_USMCA,1,M2 TOTAL APPAREL IMPORTS (MFA),SME,2025,1,43642410,245794941,43642410
_USMCA,1,M2 TOTAL APPAREL IMPORTS (MFA),SME,2025,2,50468870,258226521,50468870
_USMCA,1,M2 TOTAL APPAREL IMPORTS (MFA),SME,2025,3,56789326,261428867,56789326
_USMCA,1,M2 TOTAL APPAREL IMPORTS (MFA),SME,2025,4,58974256,245181030,58974256
_USMCA,1,M2 TOTAL APPAREL IMPORTS (MFA),SME,2025,5,69682789,292023950,69682789
_USMCA,1,M2 TOTAL APPAREL IMPORTS (MFA),SME,2025,6,63737620,256665873,63737620
_USMCA,1,M2 TOTAL APPAREL IMPORTS (MFA),SME,2025,7,65457399,272053962,65457399
_USMCA,1,M2 TOTAL APPAREL IMPORTS (MFA),SME,2025,8,52863716,253252456,52863716
_USMCA,1,M2 TOTAL APPAREL IMPORTS (MFA),SME,2025,9,53655105,270384898,53655105
_USMCA,1,M2 TOTAL APPAREL IMPORTS (MFA),SME,2025,10,52578156,265576644,52578156
_USMCA,1,M2 TOTAL APPAREL IMPORTS (MFA),SME,2025,11,43871465,239359419,43871465
_USMCA,1,M2 TOTAL APPAREL IMPORTS (MFA),SME,2025,12,45644515,248061133,45644515
_W HEMI,1,M2 TOTAL APPAREL IMPORTS (MFA),SME,2025,1,205704154,855018176,205704154
_W HEMI,1,M2 TOTAL APPAREL IMPORTS (MFA),SME,2025,2,234321629,936129590,234321629
_W HEMI,1,M2 TOTAL APPAREL IMPORTS (MFA),SME,2025,3,296056086,1091856030,296056086
_W HEMI,1,M2 TOTAL APPAREL IMPORTS (MFA),SME,2025,4,262734666,971325166,262734666
_W HEMI,1,M2 TOTAL APPAREL IMPORTS (MFA),SME,2025,5,274120114,1026800814,274120114
_W HEMI,1,M2 TOTAL APPAREL IMPORTS (MFA),SME,2025,6,279402198,1036457342,279402198
_W HEMI,1,M2 TOTAL APPAREL IMPORTS (MFA),SME,2025,7,294300899,1128054862,294300899
_W HEMI,1,M2 TOTAL APPAREL IMPORTS (MFA),SME,2025,8,253252104,985614964,253252104
_W HEMI,1,M2 TOTAL APPAREL IMPORTS (MFA),SME,2025,9,260562979,1041834676,260562979
_W HEMI,1,M2 TOTAL APPAREL IMPORTS (MFA),SME,2025,10,256265415,973302718,256265415
_W HEMI,1,M2 TOTAL APPAREL IMPORTS (MFA),SME,2025,11,223547078,869985583,223547078
_W HEMI,1,M2 TOTAL APPAREL IMPORTS (MFA),SME,2025,12,241362962,968637690,241362962
Afghanistan,1,M2 TOTAL APPAREL IMPORTS (MFA),SME,2025,1,2127,2724,2127
Afghanistan,1,M2 TOTAL APPAREL IMPORTS (MFA),SME,2025,2,1893,7195,1893
Afghanistan,1,M2 TOTAL APPAREL IMPORTS (MFA),SME,2025,3,9483,9545,9483
Afghanistan,1,M2 TOTAL APPAREL IMPORTS (MFA),SME,2025,4,2324,8907,2324
Afghanistan,1,M2 TOTAL APPAREL IMPORTS (MFA),SME,2025,5,4617,12226,4617
Afghanistan,1,M2 TOTAL APPAREL IMPORTS (MFA),SME,2025,6,688,5708,688
Afghanistan,1,M2 TOTAL APPAREL IMPORTS (MFA),SME,2025,7,970,5889,970
Afghanistan,1,M2 TOTAL APPAREL IMPORTS (MFA),SME,2025,8,6281,13801,6281
Afghanistan,1,M2 TOTAL APPAREL IMPORTS (MFA),SME,2025,9,2698,9439,2698
Afghanistan,1,M2 TOTAL APPAREL IMPORTS (MFA),SME,2025,10,4742,23008,4742
Afghanistan,1,M2 TOTAL APPAREL IMPORTS (MFA),SME,2025,11,4972,34350,4972
Afghanistan,1,M2 TOTAL APPAREL IMPORTS (MFA),SME,2025,12,4638,27968,4638
Albania,1,M2 TOTAL APPAREL IMPORTS (MFA),SME,2025,1,46939,946285,46939
Albania,1,M2 TOTAL APPAREL IMPORTS (MFA),SME,2025,2,38291,954352,38291
Albania,1,M2 TOTAL APPAREL IMPORTS (MFA),SME,2025,3,81723,1389001,81723
Albania,1,M2 TOTAL APPAREL IMPORTS (MFA),SME,2025,4,125233,2114959,125233
Albania,1,M2 TOTAL APPAREL IMPORTS (MFA),SME,2025,5,127810,1485615,127810
Albania,1,M2 TOTAL APPAREL IMPORTS (MFA),SME,2025,6,191197,2464484,191197
Albania,1,M2 TOTAL APPAREL IMPORTS (MFA),SME,2025,7,258219,2926199,258219
Albania,1,M2 TOTAL APPAREL IMPORTS (MFA),SME,2025,8,186204,2379411,186204
Albania,1,M2 TOTAL APPAREL IMPORTS (MFA),SME,2025,9,105408,1433854,105408
Albania,1,M2 TOTAL APPAREL IMPORTS (MFA),SME,2025,10,230113,2816678,230113
Albania,1,M2 TOTAL APPAREL IMPORTS (MFA),SME,2025,11,178444,2848218,178444
Albania,1,M2 TOTAL APPAREL IMPORTS (MFA),SME,2025,12,300287,3686735,300287
Algeria,1,M2 TOTAL APPAREL IMPORTS (MFA),SME,2025,5,6,1010,6
Algeria,1,M2 TOTAL APPAREL IMPORTS (MFA),SME,2025,8,20,1442,20
Algeria,1,M2 TOTAL APPAREL IMPORTS (MFA),SME,2025,10,161,2402,161
Algeria,1,M2 TOTAL APPAREL IMPORTS (MFA),SME,2025,11,1296,13942,1296
Antigua and Barbuda,1,M2 TOTAL APPAREL IMPORTS (MFA),SME,2025,12,43,450,43
Argentina,1,M2 TOTAL APPAREL IMPORTS (MFA),SME,2025,1,177,2807,177
Argentina,1,M2 TOTAL APPAREL IMPORTS (MFA),SME,2025,2,4380,10024,4380
Argentina,1,M2 TOTAL APPAREL IMPORTS (MFA),SME,2025,3,3916,8545,3916
Argentina,1,M2 TOTAL APPAREL IMPORTS (MFA),SME,2025,4,2583,8722,2583
Argentina,1,M2 TOTAL APPAREL IMPORTS (MFA),SME,2025,5,11808,112410,11808
Argentina,1,M2 TOTAL APPAREL IMPORTS (MFA),SME,2025,6,6387,35826,6387
Argentina,1,M2 TOTAL APPAREL IMPORTS (MFA),SME,2025,7,11504,19549,11504
Argentina,1,M2 TOTAL APPAREL IMPORTS (MFA),SME,2025,8,10608,63418,10608
Argentina,1,M2 TOTAL APPAREL IMPORTS (MFA),SME,2025,9,9718,61854,9718
Argentina,1,M2 TOTAL APPAREL IMPORTS (MFA),SME,2025,10,784,10210,784
Argentina,1,M2 TOTAL APPAREL IMPORTS (MFA),SME,2025,11,3585,23015,3585
Argentina,1,M2 TOTAL APPAREL IMPORTS (MFA),SME,2025,12,8939,26277,8939
Armenia,1,M2 TOTAL APPAREL IMPORTS (MFA),SME,2025,1,64882,928544,64882
Armenia,1,M2 TOTAL APPAREL IMPORTS (MFA),SME,2025,2,29655,380555,29655
Armenia,1,M2 TOTAL APPAREL IMPORTS (MFA),SME,2025,3,26839,329458,26839
Armenia,1,M2 TOTAL APPAREL IMPORTS (MFA),SME,2025,4,28047,503690,28047
Armenia,1,M2 TOTAL APPAREL IMPORTS (MFA),SME,2025,5,41472,547402,41472
Armenia,1,M2 TOTAL APPAREL IMPORTS (MFA),SME,2025,6,56297,790492,56297
Armenia,1,M2 TOTAL APPAREL IMPORTS (MFA),SME,2025,7,64013,914854,64013
Armenia,1,M2 TOTAL APPAREL IMPORTS (MFA),SME,2025,8,23379,764927,23379
Armenia,1,M2 TOTAL APPAREL IMPORTS (MFA),SME,2025,9,31885,572373,31885
Armenia,1,M2 TOTAL APPAREL IMPORTS (MFA),SME,2025,10,59394,968016,59394
Armenia,1,M2 TOTAL APPAREL IMPORTS (MFA),SME,2025,11,70214,903040,70214
Armenia,1,M2 TOTAL APPAREL IMPORTS (MFA),SME,2025,12,67215,1052744,67215
Aruba,1,M2 TOTAL APPAREL IMPORTS (MFA),SME,2025,12,35,400,35
Australia,1,M2 TOTAL APPAREL IMPORTS (MFA),SME,2025,1,51207,780058,51207
Australia,1,M2 TOTAL APPAREL IMPORTS (MFA),SME,2025,2,48301,822604,48301
Australia,1,M2 TOTAL APPAREL IMPORTS (MFA),SME,2025,3,96098,1470527,96098
Australia,1,M2 TOTAL APPAREL IMPORTS (MFA),SME,2025,4,102223,1451905,102223
Australia,1,M2 TOTAL APPAREL IMPORTS (MFA),SME,2025,5,159089,1193393,159089
Australia,1,M2 TOTAL APPAREL IMPORTS (MFA),SME,2025,6,91314,1303739,91314
Australia,1,M2 TOTAL APPAREL IMPORTS (MFA),SME,2025,7,80271,1406040,80271
Australia,1,M2 TOTAL APPAREL IMPORTS (MFA),SME,2025,8,71823,924834,71823
Australia,1,M2 TOTAL APPAREL IMPORTS (MFA),SME,2025,9,141303,1328326,141303
Australia,1,M2 TOTAL APPAREL IMPORTS (MFA),SME,2025,10,167777,1281417,167777
Australia,1,M2 TOTAL APPAREL IMPORTS (MFA),SME,2025,11,179026,1470437,179026
Australia,1,M2 TOTAL APPAREL IMPORTS (MFA),SME,2025,12,183119,2007852,183119
Austria,1,M2 TOTAL APPAREL IMPORTS (MFA),SME,2025,1,29994,477352,29994
Austria,1,M2 TOTAL APPAREL IMPORTS (MFA),SME,2025,2,26841,725090,26841
Austria,1,M2 TOTAL APPAREL IMPORTS (MFA),SME,2025,3,25815,424201,25815
Austria,1,M2 TOTAL APPAREL IMPORTS (MFA),SME,2025,4,27968,410503,27968
Austria,1,M2 TOTAL APPAREL IMPORTS (MFA),SME,2025,5,13104,225377,13104
Austria,1,M2 TOTAL APPAREL IMPORTS (MFA),SME,2025,6,15944,314637,15944
Austria,1,M2 TOTAL APPAREL IMPORTS (MFA),SME,2025,7,37447,543250,37447
Austria,1,M2 TOTAL APPAREL IMPORTS (MFA),SME,2025,8,45426,560332,45426
Austria,1,M2 TOTAL APPAREL IMPORTS (MFA),SME,2025,9,50036,805562,50036
Austria,1,M2 TOTAL APPAREL IMPORTS (MFA),SME,2025,10,121487,1372251,121487
Austria,1,M2 TOTAL APPAREL IMPORTS (MFA),SME,2025,11,71063,1208137,71063
Austria,1,M2 TOTAL APPAREL IMPORTS (MFA),SME,2025,12,89611,1143893,89611
Azerbaijan,1,M2 TOTAL APPAREL IMPORTS (MFA),SME,2025,2,38,267,38
Azerbaijan,1,M2 TOTAL APPAREL IMPORTS (MFA),SME,2025,5,6,832,6
Azerbaijan,1,M2 TOTAL APPAREL IMPORTS (MFA),SME,2025,7,64,4918,64
Azerbaijan,1,M2 TOTAL APPAREL IMPORTS (MFA),SME,2025,8,152,1185,152
Azerbaijan,1,M2 TOTAL APPAREL IMPORTS (MFA),SME,2025,10,76,511,76
Azerbaijan,1,M2 TOTAL APPAREL IMPORTS (MFA),SME,2025,12,20,267,20
Bahamas,1,M2 TOTAL APPAREL IMPORTS (MFA),SME,2025,1,45,3603,45
Bahamas,1,M2 TOTAL APPAREL IMPORTS (MFA),SME,2025,3,263,7471,263
Bahamas,1,M2 TOTAL APPAREL IMPORTS (MFA),SME,2025,4,6,1200,6
Bahamas,1,M2 TOTAL APPAREL IMPORTS (MFA),SME,2025,5,38,1500,38
Bahamas,1,M2 TOTAL APPAREL IMPORTS (MFA),SME,2025,6,77,2724,77
Bahamas,1,M2 TOTAL APPAREL IMPORTS (MFA),SME,2025,7,327,2699,327
Bahamas,1,M2 TOTAL APPAREL IMPORTS (MFA),SME,2025,8,27,2667,27
Bahamas,1,M2 TOTAL APPAREL IMPORTS (MFA),SME,2025,10,190,2008,190
Bahamas,1,M2 TOTAL APPAREL IMPORTS (MFA),SME,2025,11,174,2710,174
Bahamas,1,M2 TOTAL APPAREL IMPORTS (MFA),SME,2025,12,200,6492,200
Bahrain,1,M2 TOTAL APPAREL IMPORTS (MFA),SME,2025,2,6,488,6
Bahrain,1,M2 TOTAL APPAREL IMPORTS (MFA),SME,2025,3,1023,71286,1023
Bahrain,1,M2 TOTAL APPAREL IMPORTS (MFA),SME,2025,4,101,6189,101
Bahrain,1,M2 TOTAL APPAREL IMPORTS (MFA),SME,2025,5,289,3740,289
Bahrain,1,M2 TOTAL APPAREL IMPORTS (MFA),SME,2025,7,36,366,36
Bahrain,1,M2 TOTAL APPAREL IMPORTS (MFA),SME,2025,8,13,808,13
Bahrain,1,M2 TOTAL APPAREL IMPORTS (MFA),SME,2025,9,83,776,83
Bahrain,1,M2 TOTAL APPAREL IMPORTS (MFA),SME,2025,10,261,5601,261
Bahrain,1,M2 TOTAL APPAREL IMPORTS (MFA),SME,2025,11,107,1509,107
Bahrain,1,M2 TOTAL APPAREL IMPORTS (MFA),SME,2025,12,148,5129,148
Bangladesh,1,M2 TOTAL APPAREL IMPORTS (MFA),SME,2025,1,260969479,798991030,260969479
Bangladesh,1,M2 TOTAL APPAREL IMPORTS (MFA),SME,2025,2,226777511,701710989,226777511
Bangladesh,1,M2 TOTAL APPAREL IMPORTS (MFA),SME,2025,3,246175381,723383693,246175381
Bangladesh,1,M2 TOTAL APPAREL IMPORTS (MFA),SME,2025,4,244402340,757369215,244402340
Bangladesh,1,M2 TOTAL APPAREL IMPORTS (MFA),SME,2025,5,178558253,548848770,178558253
Bangladesh,1,M2 TOTAL APPAREL IMPORTS (MFA),SME,2025,6,219535662,722104667,219535662
Bangladesh,1,M2 TOTAL APPAREL IMPORTS (MFA),SME,2025,7,222696925,730231714,222696925
Bangladesh,1,M2 TOTAL APPAREL IMPORTS (MFA),SME,2025,8,206146715,660901637,206146715
Bangladesh,1,M2 TOTAL APPAREL IMPORTS (MFA),SME,2025,9,265973597,785578988,265973597
Bangladesh,1,M2 TOTAL APPAREL IMPORTS (MFA),SME,2025,10,208318390,654660899,208318390
Bangladesh,1,M2 TOTAL APPAREL IMPORTS (MFA),SME,2025,11,183327932,519021640,183327932
Bangladesh,1,M2 TOTAL APPAREL IMPORTS (MFA),SME,2025,12,198620898,599755112,198620898
Barbados,1,M2 TOTAL APPAREL IMPORTS (MFA),SME,2025,5,317,1260,317
Barbados,1,M2 TOTAL APPAREL IMPORTS (MFA),SME,2025,7,30509,128577,30509
Barbados,1,M2 TOTAL APPAREL IMPORTS (MFA),SME,2025,9,120,775,120
Barbados,1,M2 TOTAL APPAREL IMPORTS (MFA),SME,2025,10,72,3011,72
Barbados,1,M2 TOTAL APPAREL IMPORTS (MFA),SME,2025,11,20,569,20
Barbados,1,M2 TOTAL APPAREL IMPORTS (MFA),SME,2025,12,35,1271,35
Belarus,1,M2 TOTAL APPAREL IMPORTS (MFA),SME,2025,1,28395,86465,28395
Belarus,1,M2 TOTAL APPAREL IMPORTS (MFA),SME,2025,2,2606,5904,2606
Belarus,1,M2 TOTAL APPAREL IMPORTS (MFA),SME,2025,3,31,954,31
Belarus,1,M2 TOTAL APPAREL IMPORTS (MFA),SME,2025,4,95,861,95
Belarus,1,M2 TOTAL APPAREL IMPORTS (MFA),SME,2025,8,27983,74937,27983
Belarus,1,M2 TOTAL APPAREL IMPORTS (MFA),SME,2025,9,2024,2499,2024
Belarus,1,M2 TOTAL APPAREL IMPORTS (MFA),SME,2025,12,30566,46913,30566
Belgium,1,M2 TOTAL APPAREL IMPORTS (MFA),SME,2025,1,12631,257909,12631
Belgium,1,M2 TOTAL APPAREL IMPORTS (MFA),SME,2025,2,11203,346952,11203
Belgium,1,M2 TOTAL APPAREL IMPORTS (MFA),SME,2025,3,9314,325473,9314
Belgium,1,M2 TOTAL APPAREL IMPORTS (MFA),SME,2025,4,30680,444940,30680
Belgium,1,M2 TOTAL APPAREL IMPORTS (MFA),SME,2025,5,15546,146745,15546
Belgium,1,M2 TOTAL APPAREL IMPORTS (MFA),SME,2025,6,8813,182935,8813
Belgium,1,M2 TOTAL APPAREL IMPORTS (MFA),SME,2025,7,6618,207392,6618
Belgium,1,M2 TOTAL APPAREL IMPORTS (MFA),SME,2025,8,41847,460468,41847
Belgium,1,M2 TOTAL APPAREL IMPORTS (MFA),SME,2025,9,20919,552028,20919
Belgium,1,M2 TOTAL APPAREL IMPORTS (MFA),SME,2025,10,15854,423572,15854
Belgium,1,M2 TOTAL APPAREL IMPORTS (MFA),SME,2025,11,9160,242042,9160
Belgium,1,M2 TOTAL APPAREL IMPORTS (MFA),SME,2025,12,9008,220260,9008
Benin,1,M2 TOTAL APPAREL IMPORTS (MFA),SME,2025,1,78128,140710,78128
Benin,1,M2 TOTAL APPAREL IMPORTS (MFA),SME,2025,2,75191,106218,75191
Benin,1,M2 TOTAL APPAREL IMPORTS (MFA),SME,2025,3,12265,66123,12265
Benin,1,M2 TOTAL APPAREL IMPORTS (MFA),SME,2025,4,222176,1017897,222176
Benin,1,M2 TOTAL APPAREL IMPORTS (MFA),SME,2025,5,108180,499855,108180
Benin,1,M2 TOTAL APPAREL IMPORTS (MFA),SME,2025,6,119376,572692,119376
Benin,1,M2 TOTAL APPAREL IMPORTS (MFA),SME,2025,8,111569,280155,111569
Benin,1,M2 TOTAL APPAREL IMPORTS (MFA),SME,2025,10,47601,118884,47601
Benin,1,M2 TOTAL APPAREL IMPORTS (MFA),SME,2025,12,28276,100695,28276
Bermuda,1,M2 TOTAL APPAREL IMPORTS (MFA),SME,2025,9,1960,19345,1960
Bhutan,1,M2 TOTAL APPAREL IMPORTS (MFA),SME,2025,2,41,514,41
Bhutan,1,M2 TOTAL APPAREL IMPORTS (MFA),SME,2025,9,76,1662,76
Bolivia,1,M2 TOTAL APPAREL IMPORTS (MFA),SME,2025,1,11363,153914,11363
Bolivia,1,M2 TOTAL APPAREL IMPORTS (MFA),SME,2025,2,4300,66758,4300
Bolivia,1,M2 TOTAL APPAREL IMPORTS (MFA),SME,2025,3,5067,91069,5067
Bolivia,1,M2 TOTAL APPAREL IMPORTS (MFA),SME,2025,4,18379,165611,18379
Bolivia,1,M2 TOTAL APPAREL IMPORTS (MFA),SME,2025,5,17086,125849,17086
Bolivia,1,M2 TOTAL APPAREL IMPORTS (MFA),SME,2025,6,8405,130584,8405
Bolivia,1,M2 TOTAL APPAREL IMPORTS (MFA),SME,2025,7,16532,216632,16532
Bolivia,1,M2 TOTAL APPAREL IMPORTS (MFA),SME,2025,8,20697,206494,20697
Bolivia,1,M2 TOTAL APPAREL IMPORTS (MFA),SME,2025,9,26067,263308,26067
Bolivia,1,M2 TOTAL APPAREL IMPORTS (MFA),SME,2025,10,12050,229125,12050
Bolivia,1,M2 TOTAL APPAREL IMPORTS (MFA),SME,2025,11,13587,226110,13587
Bolivia,1,M2 TOTAL APPAREL IMPORTS (MFA),SME,2025,12,10110,172101,10110
Bosnia-Hercegovina,1,M2 TOTAL APPAREL IMPORTS (MFA),SME,2025,1,37741,716734,37741
Bosnia-Hercegovina,1,M2 TOTAL APPAREL IMPORTS (MFA),SME,2025,2,49403,819531,49403
Bosnia-Hercegovina,1,M2 TOTAL APPAREL IMPORTS (MFA),SME,2025,3,37850,623840,37850
Bosnia-Hercegovina,1,M2 TOTAL APPAREL IMPORTS (MFA),SME,2025,4,26850,742265,26850
Bosnia-Hercegovina,1,M2 TOTAL APPAREL IMPORTS (MFA),SME,2025,5,22273,525176,22273
Bosnia-Hercegovina,1,M2 TOTAL APPAREL IMPORTS (MFA),SME,2025,6,44242,934130,44242
Bosnia-Hercegovina,1,M2 TOTAL APPAREL IMPORTS (MFA),SME,2025,7,71603,1447924,71603
Bosnia-Hercegovina,1,M2 TOTAL APPAREL IMPORTS (MFA),SME,2025,8,33638,811258,33638
Bosnia-Hercegovina,1,M2 TOTAL APPAREL IMPORTS (MFA),SME,2025,9,73357,1608131,73357
Bosnia-Hercegovina,1,M2 TOTAL APPAREL IMPORTS (MFA),SME,2025,10,42374,1104434,42374
Bosnia-Hercegovina,1,M2 TOTAL APPAREL IMPORTS (MFA),SME,2025,11,43269,739146,43269
Bosnia-Hercegovina,1,M2 TOTAL APPAREL IMPORTS (MFA),SME,2025,12,32363,1114236,32363
Botswana,1,M2 TOTAL APPAREL IMPORTS (MFA),SME,2025,1,3457,53963,3457
Brazil,1,M2 TOTAL APPAREL IMPORTS (MFA),SME,2025,1,98650,890665,98650
Brazil,1,M2 TOTAL APPAREL IMPORTS (MFA),SME,2025,2,171366,1740322,171366
Brazil,1,M2 TOTAL APPAREL IMPORTS (MFA),SME,2025,3,115371,1370530,115371
Brazil,1,M2 TOTAL APPAREL IMPORTS (MFA),SME,2025,4,124387,1050015,124387
Brazil,1,M2 TOTAL APPAREL IMPORTS (MFA),SME,2025,5,176487,1503891,176487
Brazil,1,M2 TOTAL APPAREL IMPORTS (MFA),SME,2025,6,186928,1424101,186928
Brazil,1,M2 TOTAL APPAREL IMPORTS (MFA),SME,2025,7,237855,2001073,237855
Brazil,1,M2 TOTAL APPAREL IMPORTS (MFA),SME,2025,8,97151,455544,97151
Brazil,1,M2 TOTAL APPAREL IMPORTS (MFA),SME,2025,9,142128,1033415,142128
Brazil,1,M2 TOTAL APPAREL IMPORTS (MFA),SME,2025,10,176986,1079614,176986
Brazil,1,M2 TOTAL APPAREL IMPORTS (MFA),SME,2025,11,266387,1663380,266387
Brazil,1,M2 TOTAL APPAREL IMPORTS (MFA),SME,2025,12,165950,1401358,165950
British Virgin Isls.,1,M2 TOTAL APPAREL IMPORTS (MFA),SME,2025,4,238,2149,238
British Virgin Isls.,1,M2 TOTAL APPAREL IMPORTS (MFA),SME,2025,9,34250,224406,34250
British Virgin Isls.,1,M2 TOTAL APPAREL IMPORTS (MFA),SME,2025,10,33527,219715,33527
British Virgin Isls.,1,M2 TOTAL APPAREL IMPORTS (MFA),SME,2025,11,33540,220940,33540
Brunei,1,M2 TOTAL APPAREL IMPORTS (MFA),SME,2025,1,47710,395016,47710
Brunei,1,M2 TOTAL APPAREL IMPORTS (MFA),SME,2025,2,57709,426828,57709
Brunei,1,M2 TOTAL APPAREL IMPORTS (MFA),SME,2025,3,25945,125984,25945
Brunei,1,M2 TOTAL APPAREL IMPORTS (MFA),SME,2025,4,35924,362524,35924
Brunei,1,M2 TOTAL APPAREL IMPORTS (MFA),SME,2025,5,47148,273534,47148
Brunei,1,M2 TOTAL APPAREL IMPORTS (MFA),SME,2025,6,13521,102462,13521
Brunei,1,M2 TOTAL APPAREL IMPORTS (MFA),SME,2025,7,29359,152186,29359
Brunei,1,M2 TOTAL APPAREL IMPORTS (MFA),SME,2025,8,88561,475787,88561
Brunei,1,M2 TOTAL APPAREL IMPORTS (MFA),SME,2025,9,33673,256122,33673
Brunei,1,M2 TOTAL APPAREL IMPORTS (MFA),SME,2025,10,44380,319437,44380
Brunei,1,M2 TOTAL APPAREL IMPORTS (MFA),SME,2025,11,40099,273683,40099
Brunei,1,M2 TOTAL APPAREL IMPORTS (MFA),SME,2025,12,39289,195169,39289
Bulgaria,1,M2 TOTAL APPAREL IMPORTS (MFA),SME,2025,1,259548,5195735,259548
Bulgaria,1,M2 TOTAL APPAREL IMPORTS (MFA),SME,2025,2,436438,5924715,436438
Bulgaria,1,M2 TOTAL APPAREL IMPORTS (MFA),SME,2025,3,290890,5977970,290890
Bulgaria,1,M2 TOTAL APPAREL IMPORTS (MFA),SME,2025,4,319444,5580478,319444
Bulgaria,1,M2 TOTAL APPAREL IMPORTS (MFA),SME,2025,5,324465,5616073,324465
Bulgaria,1,M2 TOTAL APPAREL IMPORTS (MFA),SME,2025,6,245412,5276532,245412
Bulgaria,1,M2 TOTAL APPAREL IMPORTS (MFA),SME,2025,7,359176,6908218,359176
Bulgaria,1,M2 TOTAL APPAREL IMPORTS (MFA),SME,2025,8,389359,7766140,389359
Bulgaria,1,M2 TOTAL APPAREL IMPORTS (MFA),SME,2025,9,470828,6101159,470828
Bulgaria,1,M2 TOTAL APPAREL IMPORTS (MFA),SME,2025,10,461513,6107208,461513
Bulgaria,1,M2 TOTAL APPAREL IMPORTS (MFA),SME,2025,11,492453,8519603,492453
Bulgaria,1,M2 TOTAL APPAREL IMPORTS (MFA),SME,2025,12,408183,6959659,408183
Burkina Faso,1,M2 TOTAL APPAREL IMPORTS (MFA),SME,2025,3,493,350,493
Burkina Faso,1,M2 TOTAL APPAREL IMPORTS (MFA),SME,2025,4,265,610,265
Burkina Faso,1,M2 TOTAL APPAREL IMPORTS (MFA),SME,2025,5,1409,2574,1409
Burkina Faso,1,M2 TOTAL APPAREL IMPORTS (MFA),SME,2025,6,141,400,141
Burma (Myanmar),1,M2 TOTAL APPAREL IMPORTS (MFA),SME,2025,1,9806473,21357840,9806473
Burma (Myanmar),1,M2 TOTAL APPAREL IMPORTS (MFA),SME,2025,2,8417183,16765465,8417183
Burma (Myanmar),1,M2 TOTAL APPAREL IMPORTS (MFA),SME,2025,3,8999277,20353458,8999277
Burma (Myanmar),1,M2 TOTAL APPAREL IMPORTS (MFA),SME,2025,4,6104934,15962333,6104934
Burma (Myanmar),1,M2 TOTAL APPAREL IMPORTS (MFA),SME,2025,5,9413149,21619921,9413149
Burma (Myanmar),1,M2 TOTAL APPAREL IMPORTS (MFA),SME,2025,6,7353387,16747236,7353387
Burma (Myanmar),1,M2 TOTAL APPAREL IMPORTS (MFA),SME,2025,7,13256262,29746013,13256262
Burma (Myanmar),1,M2 TOTAL APPAREL IMPORTS (MFA),SME,2025,8,15283338,36266399,15283338
Burma (Myanmar),1,M2 TOTAL APPAREL IMPORTS (MFA),SME,2025,9,14486730,33808191,14486730
Burma (Myanmar),1,M2 TOTAL APPAREL IMPORTS (MFA),SME,2025,10,10334091,20742513,10334091
Burma (Myanmar),1,M2 TOTAL APPAREL IMPORTS (MFA),SME,2025,11,9845127,19622982,9845127
Burma (Myanmar),1,M2 TOTAL APPAREL IMPORTS (MFA),SME,2025,12,7726444,15582669,7726444
Burundi,1,M2 TOTAL APPAREL IMPORTS (MFA),SME,2025,1,214,8651,214
Burundi,1,M2 TOTAL APPAREL IMPORTS (MFA),SME,2025,3,9070,66874,9070
Burundi,1,M2 TOTAL APPAREL IMPORTS (MFA),SME,2025,6,45,316,45
Burundi,1,M2 TOTAL APPAREL IMPORTS (MFA),SME,2025,8,30,1381,30
Cabo Verde,1,M2 TOTAL APPAREL IMPORTS (MFA),SME,2025,1,1433,815,1433
Cabo Verde,1,M2 TOTAL APPAREL IMPORTS (MFA),SME,2025,5,85444,188641,85444
Cabo Verde,1,M2 TOTAL APPAREL IMPORTS (MFA),SME,2025,6,2490,30384,2490
Cabo Verde,1,M2 TOTAL APPAREL IMPORTS (MFA),SME,2025,9,6,264,6
Cambodia,1,M2 TOTAL APPAREL IMPORTS (MFA),SME,2025,1,102082688,324562090,102082688
Cambodia,1,M2 TOTAL APPAREL IMPORTS (MFA),SME,2025,2,95795743,276201366,95795743
Cambodia,1,M2 TOTAL APPAREL IMPORTS (MFA),SME,2025,3,111159893,326744408,111159893
Cambodia,1,M2 TOTAL APPAREL IMPORTS (MFA),SME,2025,4,96042396,303535517,96042396
Cambodia,1,M2 TOTAL APPAREL IMPORTS (MFA),SME,2025,5,99920104,280682210,99920104
Cambodia,1,M2 TOTAL APPAREL IMPORTS (MFA),SME,2025,6,120768132,386095107,120768132
Cambodia,1,M2 TOTAL APPAREL IMPORTS (MFA),SME,2025,7,148004185,474621728,148004185
Cambodia,1,M2 TOTAL APPAREL IMPORTS (MFA),SME,2025,8,195321615,576405774,195321615
Cambodia,1,M2 TOTAL APPAREL IMPORTS (MFA),SME,2025,9,211932789,627037931,211932789
Cambodia,1,M2 TOTAL APPAREL IMPORTS (MFA),SME,2025,10,147827909,475985660,147827909
Cambodia,1,M2 TOTAL APPAREL IMPORTS (MFA),SME,2025,11,109221679,339559074,109221679
Cambodia,1,M2 TOTAL APPAREL IMPORTS (MFA),SME,2025,12,138031292,434139456,138031292
Cameroon,1,M2 TOTAL APPAREL IMPORTS (MFA),SME,2025,1,1279,9090,1279
Cameroon,1,M2 TOTAL APPAREL IMPORTS (MFA),SME,2025,2,35,342,35
Cameroon,1,M2 TOTAL APPAREL IMPORTS (MFA),SME,2025,3,551,24083,551
Cameroon,1,M2 TOTAL APPAREL IMPORTS (MFA),SME,2025,4,4902,30826,4902
Cameroon,1,M2 TOTAL APPAREL IMPORTS (MFA),SME,2025,6,152,369,152
Cameroon,1,M2 TOTAL APPAREL IMPORTS (MFA),SME,2025,7,54,1271,54
Cameroon,1,M2 TOTAL APPAREL IMPORTS (MFA),SME,2025,8,73658,84503,73658
Cameroon,1,M2 TOTAL APPAREL IMPORTS (MFA),SME,2025,9,9077,2836,9077
Cameroon,1,M2 TOTAL APPAREL IMPORTS (MFA),SME,2025,10,203,750,203
Cameroon,1,M2 TOTAL APPAREL IMPORTS (MFA),SME,2025,11,713,1482,713
Cameroon,1,M2 TOTAL APPAREL IMPORTS (MFA),SME,2025,12,58,860,58
Canada,1,M2 TOTAL APPAREL IMPORTS (MFA),SME,2025,1,2909904,52774870,2909904
Canada,1,M2 TOTAL APPAREL IMPORTS (MFA),SME,2025,2,2481886,42763884,2481886
Canada,1,M2 TOTAL APPAREL IMPORTS (MFA),SME,2025,3,1873540,33212845,1873540
Canada,1,M2 TOTAL APPAREL IMPORTS (MFA),SME,2025,4,2801771,36075006,2801771
Canada,1,M2 TOTAL APPAREL IMPORTS (MFA),SME,2025,5,4812145,49425265,4812145
Canada,1,M2 TOTAL APPAREL IMPORTS (MFA),SME,2025,6,3623559,29958277,3623559
Canada,1,M2 TOTAL APPAREL IMPORTS (MFA),SME,2025,7,4166260,38329536,4166260
Canada,1,M2 TOTAL APPAREL IMPORTS (MFA),SME,2025,8,4213742,35802973,4213742
Canada,1,M2 TOTAL APPAREL IMPORTS (MFA),SME,2025,9,4638715,53342007,4638715
Canada,1,M2 TOTAL APPAREL IMPORTS (MFA),SME,2025,10,4518705,47905880,4518705
Canada,1,M2 TOTAL APPAREL IMPORTS (MFA),SME,2025,11,4299797,51053390,4299797
Canada,1,M2 TOTAL APPAREL IMPORTS (MFA),SME,2025,12,4345545,45412742,4345545
Cayman Islands,1,M2 TOTAL APPAREL IMPORTS (MFA),SME,2025,8,128,1729,128
Cayman Islands,1,M2 TOTAL APPAREL IMPORTS (MFA),SME,2025,10,38,769,38
Cayman Islands,1,M2 TOTAL APPAREL IMPORTS (MFA),SME,2025,11,38,392,38
Cayman Islands,1,M2 TOTAL APPAREL IMPORTS (MFA),SME,2025,12,76,670,76
Chad,1,M2 TOTAL APPAREL IMPORTS (MFA),SME,2025,5,38,1566,38
Chad,1,M2 TOTAL APPAREL IMPORTS (MFA),SME,2025,9,76,842,76
Chad,1,M2 TOTAL APPAREL IMPORTS (MFA),SME,2025,10,182,17853,182
Chad,1,M2 TOTAL APPAREL IMPORTS (MFA),SME,2025,12,38,1260,38
Chile,1,M2 TOTAL APPAREL IMPORTS (MFA),SME,2025,1,11542,582870,11542
Chile,1,M2 TOTAL APPAREL IMPORTS (MFA),SME,2025,2,17149,864659,17149
Chile,1,M2 TOTAL APPAREL IMPORTS (MFA),SME,2025,3,20154,898878,20154
Chile,1,M2 TOTAL APPAREL IMPORTS (MFA),SME,2025,4,18519,798552,18519
Chile,1,M2 TOTAL APPAREL IMPORTS (MFA),SME,2025,5,12906,484236,12906
Chile,1,M2 TOTAL APPAREL IMPORTS (MFA),SME,2025,6,20716,800702,20716
Chile,1,M2 TOTAL APPAREL IMPORTS (MFA),SME,2025,7,17086,731121,17086
Chile,1,M2 TOTAL APPAREL IMPORTS (MFA),SME,2025,8,20575,837428,20575
Chile,1,M2 TOTAL APPAREL IMPORTS (MFA),SME,2025,9,18487,670390,18487
Chile,1,M2 TOTAL APPAREL IMPORTS (MFA),SME,2025,10,18254,747091,18254
Chile,1,M2 TOTAL APPAREL IMPORTS (MFA),SME,2025,11,18207,796005,18207
Chile,1,M2 TOTAL APPAREL IMPORTS (MFA),SME,2025,12,12794,586293,12794
China,1,M2 TOTAL APPAREL IMPORTS (MFA),SME,2025,1,860338425,1602656881,860338425
China,1,M2 TOTAL APPAREL IMPORTS (MFA),SME,2025,2,664578800,1172121573,664578800
China,1,M2 TOTAL APPAREL IMPORTS (MFA),SME,2025,3,441508063,831257814,441508063
China,1,M2 TOTAL APPAREL IMPORTS (MFA),SME,2025,4,480913316,762001477,480913316
China,1,M2 TOTAL APPAREL IMPORTS (MFA),SME,2025,5,346868184,528382431,346868184
China,1,M2 TOTAL APPAREL IMPORTS (MFA),SME,2025,6,577804729,833288461,577804729
China,1,M2 TOTAL APPAREL IMPORTS (MFA),SME,2025,7,769389903,1194996665,769389903
China,1,M2 TOTAL APPAREL IMPORTS (MFA),SME,2025,8,734104876,1049679418,734104876
China,1,M2 TOTAL APPAREL IMPORTS (MFA),SME,2025,9,603390184,808813010,603390184
China,1,M2 TOTAL APPAREL IMPORTS (MFA),SME,2025,10,487829150,711504422,487829150
China,1,M2 TOTAL APPAREL IMPORTS (MFA),SME,2025,11,400732780,573804847,400732780
China,1,M2 TOTAL APPAREL IMPORTS (MFA),SME,2025,12,395773369,572183191,395773369
Colombia,1,M2 TOTAL APPAREL IMPORTS (MFA),SME,2025,1,1280762,13335576,1280762
Colombia,1,M2 TOTAL APPAREL IMPORTS (MFA),SME,2025,2,2108211,18748030,2108211
Colombia,1,M2 TOTAL APPAREL IMPORTS (MFA),SME,2025,3,2236601,20233443,2236601
Colombia,1,M2 TOTAL APPAREL IMPORTS (MFA),SME,2025,4,1831033,16120139,1831033
Colombia,1,M2 TOTAL APPAREL IMPORTS (MFA),SME,2025,5,1911038,17227041,1911038
Colombia,1,M2 TOTAL APPAREL IMPORTS (MFA),SME,2025,6,1777343,17735437,1777343
Colombia,1,M2 TOTAL APPAREL IMPORTS (MFA),SME,2025,7,1992568,18307324,1992568
Colombia,1,M2 TOTAL APPAREL IMPORTS (MFA),SME,2025,8,1569711,13295424,1569711
Colombia,1,M2 TOTAL APPAREL IMPORTS (MFA),SME,2025,9,1596753,14949040,1596753
Colombia,1,M2 TOTAL APPAREL IMPORTS (MFA),SME,2025,10,1703262,16587053,1703262
Colombia,1,M2 TOTAL APPAREL IMPORTS (MFA),SME,2025,11,1417162,15703360,1417162
Colombia,1,M2 TOTAL APPAREL IMPORTS (MFA),SME,2025,12,1854548,18245728,1854548
"Congo, Democratic Republic of",1,M2 TOTAL APPAREL IMPORTS (MFA),SME,2025,4,38,805,38
"Congo, Democratic Republic of",1,M2 TOTAL APPAREL IMPORTS (MFA),SME,2025,5,948,1500,948
"Congo, Democratic Republic of",1,M2 TOTAL APPAREL IMPORTS (MFA),SME,2025,9,246,2316,246
"Congo, Democratic Republic of",1,M2 TOTAL APPAREL IMPORTS (MFA),SME,2025,10,15,288,15
"Congo, Democratic Republic of",1,M2 TOTAL APPAREL IMPORTS (MFA),SME,2025,12,502,1274,502
Cook Islands,1,M2 TOTAL APPAREL IMPORTS (MFA),SME,2025,1,4879,52647,4879
Cook Islands,1,M2 TOTAL APPAREL IMPORTS (MFA),SME,2025,12,3292,27631,3292
Costa Rica,1,M2 TOTAL APPAREL IMPORTS (MFA),SME,2025,1,65120,548333,65120
Costa Rica,1,M2 TOTAL APPAREL IMPORTS (MFA),SME,2025,2,131093,1168373,131093
Costa Rica,1,M2 TOTAL APPAREL IMPORTS (MFA),SME,2025,3,116064,1021805,116064
Costa Rica,1,M2 TOTAL APPAREL IMPORTS (MFA),SME,2025,4,125686,1107709,125686
Costa Rica,1,M2 TOTAL APPAREL IMPORTS (MFA),SME,2025,5,110336,921984,110336
Costa Rica,1,M2 TOTAL APPAREL IMPORTS (MFA),SME,2025,6,148297,1303601,148297
Costa Rica,1,M2 TOTAL APPAREL IMPORTS (MFA),SME,2025,7,110546,858917,110546
Costa Rica,1,M2 TOTAL APPAREL IMPORTS (MFA),SME,2025,8,144782,1145682,144782
Costa Rica,1,M2 TOTAL APPAREL IMPORTS (MFA),SME,2025,9,147942,1111396,147942
Costa Rica,1,M2 TOTAL APPAREL IMPORTS (MFA),SME,2025,10,320885,769056,320885
Costa Rica,1,M2 TOTAL APPAREL IMPORTS (MFA),SME,2025,11,142505,1006650,142505
Costa Rica,1,M2 TOTAL APPAREL IMPORTS (MFA),SME,2025,12,170139,1413156,170139
Cote D’Ivoire,1,M2 TOTAL APPAREL IMPORTS (MFA),SME,2025,1,1892,1710,1892
Cote D’Ivoire,1,M2 TOTAL APPAREL IMPORTS (MFA),SME,2025,3,38,1000,38
Cote D’Ivoire,1,M2 TOTAL APPAREL IMPORTS (MFA),SME,2025,4,379,2020,379
Cote D’Ivoire,1,M2 TOTAL APPAREL IMPORTS (MFA),SME,2025,7,76,862,76
Cote D’Ivoire,1,M2 TOTAL APPAREL IMPORTS (MFA),SME,2025,8,1137,869,1137
Cote D’Ivoire,1,M2 TOTAL APPAREL IMPORTS (MFA),SME,2025,9,1154,1741,1154
Cote D’Ivoire,1,M2 TOTAL APPAREL IMPORTS (MFA),SME,2025,10,2577,8850,2577
Cote D’Ivoire,1,M2 TOTAL APPAREL IMPORTS (MFA),SME,2025,11,190,2291,190
Cote D’Ivoire,1,M2 TOTAL APPAREL IMPORTS (MFA),SME,2025,12,76,713,76
Croatia,1,M2 TOTAL APPAREL IMPORTS (MFA),SME,2025,1,18553,405497,18553
Croatia,1,M2 TOTAL APPAREL IMPORTS (MFA),SME,2025,2,17235,430563,17235
Croatia,1,M2 TOTAL APPAREL IMPORTS (MFA),SME,2025,3,16614,475195,16614
Croatia,1,M2 TOTAL APPAREL IMPORTS (MFA),SME,2025,4,31174,425970,31174
Croatia,1,M2 TOTAL APPAREL IMPORTS (MFA),SME,2025,5,24651,407202,24651
Croatia,1,M2 TOTAL APPAREL IMPORTS (MFA),SME,2025,6,13083,214752,13083
Croatia,1,M2 TOTAL APPAREL IMPORTS (MFA),SME,2025,7,22754,488914,22754
Croatia,1,M2 TOTAL APPAREL IMPORTS (MFA),SME,2025,8,28705,397075,28705
Croatia,1,M2 TOTAL APPAREL IMPORTS (MFA),SME,2025,9,25046,448755,25046
Croatia,1,M2 TOTAL APPAREL IMPORTS (MFA),SME,2025,10,38549,519727,38549
Croatia,1,M2 TOTAL APPAREL IMPORTS (MFA),SME,2025,11,51037,716659,51037
Croatia,1,M2 TOTAL APPAREL IMPORTS (MFA),SME,2025,12,49013,835880,49013
Curacao,1,M2 TOTAL APPAREL IMPORTS (MFA),SME,2025,3,2200,14180,2200
Cyprus,1,M2 TOTAL APPAREL IMPORTS (MFA),SME,2025,2,210,7499,210
Cyprus,1,M2 TOTAL APPAREL IMPORTS (MFA),SME,2025,5,69,2864,69
Cyprus,1,M2 TOTAL APPAREL IMPORTS (MFA),SME,2025,6,53,2016,53
Cyprus,1,M2 TOTAL APPAREL IMPORTS (MFA),SME,2025,8,7,400,7
Cyprus,1,M2 TOTAL APPAREL IMPORTS (MFA),SME,2025,10,38,395,38
Cyprus,1,M2 TOTAL APPAREL IMPORTS (MFA),SME,2025,11,38,1830,38
Cyprus,1,M2 TOTAL APPAREL IMPORTS (MFA),SME,2025,12,44,5073,44
Czech Republic,1,M2 TOTAL APPAREL IMPORTS (MFA),SME,2025,1,4558,129365,4558
Czech Republic,1,M2 TOTAL APPAREL IMPORTS (MFA),SME,2025,2,37446,259888,37446
Czech Republic,1,M2 TOTAL APPAREL IMPORTS (MFA),SME,2025,3,13746,224979,13746
Czech Republic,1,M2 TOTAL APPAREL IMPORTS (MFA),SME,2025,4,31983,236036,31983
Czech Republic,1,M2 TOTAL APPAREL IMPORTS (MFA),SME,2025,5,9027,172552,9027
Czech Republic,1,M2 TOTAL APPAREL IMPORTS (MFA),SME,2025,6,10271,185489,10271
Czech Republic,1,M2 TOTAL APPAREL IMPORTS (MFA),SME,2025,7,10945,235670,10945
Czech Republic,1,M2 TOTAL APPAREL IMPORTS (MFA),SME,2025,8,8209,182530,8209
Czech Republic,1,M2 TOTAL APPAREL IMPORTS (MFA),SME,2025,9,10527,185440,10527
Czech Republic,1,M2 TOTAL APPAREL IMPORTS (MFA),SME,2025,10,20609,411569,20609
Czech Republic,1,M2 TOTAL APPAREL IMPORTS (MFA),SME,2025,11,27163,364680,27163
Czech Republic,1,M2 TOTAL APPAREL IMPORTS (MFA),SME,2025,12,27526,410518,27526
Denmark,1,M2 TOTAL APPAREL IMPORTS (MFA),SME,2025,1,8164,132386,8164
Denmark,1,M2 TOTAL APPAREL IMPORTS (MFA),SME,2025,2,11175,217259,11175
Denmark,1,M2 TOTAL APPAREL IMPORTS (MFA),SME,2025,3,12418,123009,12418
Denmark,1,M2 TOTAL APPAREL IMPORTS (MFA),SME,2025,4,8682,86329,8682
Denmark,1,M2 TOTAL APPAREL IMPORTS (MFA),SME,2025,5,12546,157499,12546
Denmark,1,M2 TOTAL APPAREL IMPORTS (MFA),SME,2025,6,8152,116485,8152
Denmark,1,M2 TOTAL APPAREL IMPORTS (MFA),SME,2025,7,14587,153186,14587
Denmark,1,M2 TOTAL APPAREL IMPORTS (MFA),SME,2025,8,31713,366386,31713
Denmark,1,M2 TOTAL APPAREL IMPORTS (MFA),SME,2025,9,18149,213576,18149
Denmark,1,M2 TOTAL APPAREL IMPORTS (MFA),SME,2025,10,15264,173816,15264
Denmark,1,M2 TOTAL APPAREL IMPORTS (MFA),SME,2025,11,12930,214075,12930
Denmark,1,M2 TOTAL APPAREL IMPORTS (MFA),SME,2025,12,20427,419563,20427
Dominica,1,M2 TOTAL APPAREL IMPORTS (MFA),SME,2025,1,2322,4868,2322
Dominica,1,M2 TOTAL APPAREL IMPORTS (MFA),SME,2025,5,84,434,84
Dominican Republic,1,M2 TOTAL APPAREL IMPORTS (MFA),SME,2025,1,12203359,29312311,12203359
Dominican Republic,1,M2 TOTAL APPAREL IMPORTS (MFA),SME,2025,2,15860544,42276398,15860544
Dominican Republic,1,M2 TOTAL APPAREL IMPORTS (MFA),SME,2025,3,22782662,54652404,22782662
Dominican Republic,1,M2 TOTAL APPAREL IMPORTS (MFA),SME,2025,4,22066454,53718395,22066454
Dominican Republic,1,M2 TOTAL APPAREL IMPORTS (MFA),SME,2025,5,21822137,54238904,21822137
Dominican Republic,1,M2 TOTAL APPAREL IMPORTS (MFA),SME,2025,6,19034137,46478660,19034137
Dominican Republic,1,M2 TOTAL APPAREL IMPORTS (MFA),SME,2025,7,19127441,49420885,19127441
Dominican Republic,1,M2 TOTAL APPAREL IMPORTS (MFA),SME,2025,8,21119666,51189855,21119666
Dominican Republic,1,M2 TOTAL APPAREL IMPORTS (MFA),SME,2025,9,20906052,51896871,20906052
Dominican Republic,1,M2 TOTAL APPAREL IMPORTS (MFA),SME,2025,10,19488514,47084346,19488514
Dominican Republic,1,M2 TOTAL APPAREL IMPORTS (MFA),SME,2025,11,18868343,45220812,18868343
Dominican Republic,1,M2 TOTAL APPAREL IMPORTS (MFA),SME,2025,12,18778234,42917485,18778234
Ecuador,1,M2 TOTAL APPAREL IMPORTS (MFA),SME,2025,1,25165,70039,25165
Ecuador,1,M2 TOTAL APPAREL IMPORTS (MFA),SME,2025,2,76428,203073,76428
Ecuador,1,M2 TOTAL APPAREL IMPORTS (MFA),SME,2025,3,127354,258037,127354
Ecuador,1,M2 TOTAL APPAREL IMPORTS (MFA),SME,2025,4,104957,238889,104957
Ecuador,1,M2 TOTAL APPAREL IMPORTS (MFA),SME,2025,5,93204,239120,93204
Ecuador,1,M2 TOTAL APPAREL IMPORTS (MFA),SME,2025,6,164505,281741,164505
Ecuador,1,M2 TOTAL APPAREL IMPORTS (MFA),SME,2025,7,101474,214568,101474
Ecuador,1,M2 TOTAL APPAREL IMPORTS (MFA),SME,2025,8,153176,308973,153176
Ecuador,1,M2 TOTAL APPAREL IMPORTS (MFA),SME,2025,9,170659,307516,170659
Ecuador,1,M2 TOTAL APPAREL IMPORTS (MFA),SME,2025,10,120957,457296,120957
Ecuador,1,M2 TOTAL APPAREL IMPORTS (MFA),SME,2025,11,203267,464969,203267
Ecuador,1,M2 TOTAL APPAREL IMPORTS (MFA),SME,2025,12,224966,486295,224966
Egypt,1,M2 TOTAL APPAREL IMPORTS (MFA),SME,2025,1,25040999,94326944,25040999
Egypt,1,M2 TOTAL APPAREL IMPORTS (MFA),SME,2025,2,34102964,109184905,34102964
Egypt,1,M2 TOTAL APPAREL IMPORTS (MFA),SME,2025,3,30877828,102620729,30877828
Egypt,1,M2 TOTAL APPAREL IMPORTS (MFA),SME,2025,4,30863161,104210402,30863161
Egypt,1,M2 TOTAL APPAREL IMPORTS (MFA),SME,2025,5,21392021,77836166,21392021
Egypt,1,M2 TOTAL APPAREL IMPORTS (MFA),SME,2025,6,30704092,121392952,30704092
Egypt,1,M2 TOTAL APPAREL IMPORTS (MFA),SME,2025,7,33465027,138515034,33465027
Egypt,1,M2 TOTAL APPAREL IMPORTS (MFA),SME,2025,8,32012910,132039742,32012910
Egypt,1,M2 TOTAL APPAREL IMPORTS (MFA),SME,2025,9,34609238,137724325,34609238
Egypt,1,M2 TOTAL APPAREL IMPORTS (MFA),SME,2025,10,28925135,108459919,28925135
Egypt,1,M2 TOTAL APPAREL IMPORTS (MFA),SME,2025,11,20242938,76527257,20242938
Egypt,1,M2 TOTAL APPAREL IMPORTS (MFA),SME,2025,12,29534868,110326625,29534868
El Salvador,1,M2 TOTAL APPAREL IMPORTS (MFA),SME,2025,1,27560086,81205701,27560086
El Salvador,1,M2 TOTAL APPAREL IMPORTS (MFA),SME,2025,2,31435788,90798412,31435788
El Salvador,1,M2 TOTAL APPAREL IMPORTS (MFA),SME,2025,3,38858009,112575067,38858009
El Salvador,1,M2 TOTAL APPAREL IMPORTS (MFA),SME,2025,4,34513847,94161440,34513847
El Salvador,1,M2 TOTAL APPAREL IMPORTS (MFA),SME,2025,5,36181516,106919850,36181516
El Salvador,1,M2 TOTAL APPAREL IMPORTS (MFA),SME,2025,6,41589233,119655729,41589233
El Salvador,1,M2 TOTAL APPAREL IMPORTS (MFA),SME,2025,7,43451856,134017349,43451856
El Salvador,1,M2 TOTAL APPAREL IMPORTS (MFA),SME,2025,8,30695829,94225035,30695829
El Salvador,1,M2 TOTAL APPAREL IMPORTS (MFA),SME,2025,9,34838548,111624586,34838548
El Salvador,1,M2 TOTAL APPAREL IMPORTS (MFA),SME,2025,10,36653376,111591639,36653376
El Salvador,1,M2 TOTAL APPAREL IMPORTS (MFA),SME,2025,11,30255752,86589412,30255752
El Salvador,1,M2 TOTAL APPAREL IMPORTS (MFA),SME,2025,12,38735171,111785062,38735171
Eritrea,1,M2 TOTAL APPAREL IMPORTS (MFA),SME,2025,2,298,3886,298
Eritrea,1,M2 TOTAL APPAREL IMPORTS (MFA),SME,2025,3,1478,6765,1478
Eritrea,1,M2 TOTAL APPAREL IMPORTS (MFA),SME,2025,4,1680,7904,1680
Eritrea,1,M2 TOTAL APPAREL IMPORTS (MFA),SME,2025,5,816,4309,816
Eritrea,1,M2 TOTAL APPAREL IMPORTS (MFA),SME,2025,11,76,262,76
Eritrea,1,M2 TOTAL APPAREL IMPORTS (MFA),SME,2025,12,76,320,76
Estonia,1,M2 TOTAL APPAREL IMPORTS (MFA),SME,2025,1,13419,258242,13419
Estonia,1,M2 TOTAL APPAREL IMPORTS (MFA),SME,2025,2,26886,650827,26886
Estonia,1,M2 TOTAL APPAREL IMPORTS (MFA),SME,2025,3,12986,303597,12986
Estonia,1,M2 TOTAL APPAREL IMPORTS (MFA),SME,2025,4,7768,179013,7768
Estonia,1,M2 TOTAL APPAREL IMPORTS (MFA),SME,2025,5,7189,134681,7189
Estonia,1,M2 TOTAL APPAREL IMPORTS (MFA),SME,2025,6,9860,132107,9860
Estonia,1,M2 TOTAL APPAREL IMPORTS (MFA),SME,2025,7,17776,565112,17776
Estonia,1,M2 TOTAL APPAREL IMPORTS (MFA),SME,2025,8,14582,270555,14582
Estonia,1,M2 TOTAL APPAREL IMPORTS (MFA),SME,2025,9,41273,548575,41273
Estonia,1,M2 TOTAL APPAREL IMPORTS (MFA),SME,2025,10,16607,375713,16607
Estonia,1,M2 TOTAL APPAREL IMPORTS (MFA),SME,2025,11,19439,367142,19439
Estonia,1,M2 TOTAL APPAREL IMPORTS (MFA),SME,2025,12,15574,326178,15574
Eswatini (formerly Swaziland),1,M2 TOTAL APPAREL IMPORTS (MFA),SME,2025,1,40522,313220,40522
Eswatini (formerly Swaziland),1,M2 TOTAL APPAREL IMPORTS (MFA),SME,2025,2,191036,957322,191036
Eswatini (formerly Swaziland),1,M2 TOTAL APPAREL IMPORTS (MFA),SME,2025,4,81573,407360,81573
Eswatini (formerly Swaziland),1,M2 TOTAL APPAREL IMPORTS (MFA),SME,2025,5,76203,396180,76203
Eswatini (formerly Swaziland),1,M2 TOTAL APPAREL IMPORTS (MFA),SME,2025,6,49622,187680,49622
Eswatini (formerly Swaziland),1,M2 TOTAL APPAREL IMPORTS (MFA),SME,2025,7,57535,296957,57535
Eswatini (formerly Swaziland),1,M2 TOTAL APPAREL IMPORTS (MFA),SME,2025,8,67672,492518,67672
Eswatini (formerly Swaziland),1,M2 TOTAL APPAREL IMPORTS (MFA),SME,2025,10,9246,63842,9246
Eswatini (formerly Swaziland),1,M2 TOTAL APPAREL IMPORTS (MFA),SME,2025,11,55369,314608,55369
Eswatini (formerly Swaziland),1,M2 TOTAL APPAREL IMPORTS (MFA),SME,2025,12,364674,481034,364674
Ethiopia,1,M2 TOTAL APPAREL IMPORTS (MFA),SME,2025,1,5973569,14328972,5973569
Ethiopia,1,M2 TOTAL APPAREL IMPORTS (MFA),SME,2025,2,12041734,18746475,12041734
Ethiopia,1,M2 TOTAL APPAREL IMPORTS (MFA),SME,2025,3,6640333,12991860,6640333
Ethiopia,1,M2 TOTAL APPAREL IMPORTS (MFA),SME,2025,4,4843593,9986240,4843593
Ethiopia,1,M2 TOTAL APPAREL IMPORTS (MFA),SME,2025,5,5393793,12665042,5393793
Ethiopia,1,M2 TOTAL APPAREL IMPORTS (MFA),SME,2025,6,4903284,13856880,4903284
Ethiopia,1,M2 TOTAL APPAREL IMPORTS (MFA),SME,2025,7,4033585,10018853,4033585
Ethiopia,1,M2 TOTAL APPAREL IMPORTS (MFA),SME,2025,8,6505243,14703475,6505243
Ethiopia,1,M2 TOTAL APPAREL IMPORTS (MFA),SME,2025,9,5588729,12976489,5588729
Ethiopia,1,M2 TOTAL APPAREL IMPORTS (MFA),SME,2025,10,5030253,11164211,5030253
Ethiopia,1,M2 TOTAL APPAREL IMPORTS (MFA),SME,2025,11,6224682,12263476,6224682
Ethiopia,1,M2 TOTAL APPAREL IMPORTS (MFA),SME,2025,12,6987730,14939752,6987730
Federated States of Mic,1,M2 TOTAL APPAREL IMPORTS (MFA),SME,2025,1,21,4365,21
Federated States of Mic,1,M2 TOTAL APPAREL IMPORTS (MFA),SME,2025,2,30,428,30
Federated States of Mic,1,M2 TOTAL APPAREL IMPORTS (MFA),SME,2025,9,72,582,72
Fiji,1,M2 TOTAL APPAREL IMPORTS (MFA),SME,2025,3,29506,41889,29506
Fiji,1,M2 TOTAL APPAREL IMPORTS (MFA),SME,2025,4,91,9306,91
Fiji,1,M2 TOTAL APPAREL IMPORTS (MFA),SME,2025,5,15,265,15
Fiji,1,M2 TOTAL APPAREL IMPORTS (MFA),SME,2025,7,21507,11718,21507
Fiji,1,M2 TOTAL APPAREL IMPORTS (MFA),SME,2025,8,76,10896,76
Fiji,1,M2 TOTAL APPAREL IMPORTS (MFA),SME,2025,9,619,7416,619
Fiji,1,M2 TOTAL APPAREL IMPORTS (MFA),SME,2025,10,21692,38150,21692
Fiji,1,M2 TOTAL APPAREL IMPORTS (MFA),SME,2025,11,173,4060,173
Fiji,1,M2 TOTAL APPAREL IMPORTS (MFA),SME,2025,12,173,3170,173
Finland,1,M2 TOTAL APPAREL IMPORTS (MFA),SME,2025,1,483,19001,483
Finland,1,M2 TOTAL APPAREL IMPORTS (MFA),SME,2025,2,1095,18501,1095
Finland,1,M2 TOTAL APPAREL IMPORTS (MFA),SME,2025,3,676,30866,676
Finland,1,M2 TOTAL APPAREL IMPORTS (MFA),SME,2025,4,1142,30033,1142
Finland,1,M2 TOTAL APPAREL IMPORTS (MFA),SME,2025,5,995,24377,995
Finland,1,M2 TOTAL APPAREL IMPORTS (MFA),SME,2025,6,734,19233,734
Finland,1,M2 TOTAL APPAREL IMPORTS (MFA),SME,2025,7,1893,35200,1893
Finland,1,M2 TOTAL APPAREL IMPORTS (MFA),SME,2025,8,1832,27400,1832
Finland,1,M2 TOTAL APPAREL IMPORTS (MFA),SME,2025,9,3220,32654,3220
Finland,1,M2 TOTAL APPAREL IMPORTS (MFA),SME,2025,10,4617,69272,4617
Finland,1,M2 TOTAL APPAREL IMPORTS (MFA),SME,2025,11,1913,60684,1913
Finland,1,M2 TOTAL APPAREL IMPORTS (MFA),SME,2025,12,1235,38749,1235
France,1,M2 TOTAL APPAREL IMPORTS (MFA),SME,2025,1,753258,17207491,753258
France,1,M2 TOTAL APPAREL IMPORTS (MFA),SME,2025,2,1128527,21312095,1128527
France,1,M2 TOTAL APPAREL IMPORTS (MFA),SME,2025,3,689510,16487403,689510
France,1,M2 TOTAL APPAREL IMPORTS (MFA),SME,2025,4,1125126,19869675,1125126
France,1,M2 TOTAL APPAREL IMPORTS (MFA),SME,2025,5,921604,16957099,921604
France,1,M2 TOTAL APPAREL IMPORTS (MFA),SME,2025,6,778151,16772274,778151
France,1,M2 TOTAL APPAREL IMPORTS (MFA),SME,2025,7,1120954,19970409,1120954
France,1,M2 TOTAL APPAREL IMPORTS (MFA),SME,2025,8,548877,15359676,548877
France,1,M2 TOTAL APPAREL IMPORTS (MFA),SME,2025,9,646836,12785316,646836
France,1,M2 TOTAL APPAREL IMPORTS (MFA),SME,2025,10,950830,20271779,950830
France,1,M2 TOTAL APPAREL IMPORTS (MFA),SME,2025,11,912394,21742710,912394
France,1,M2 TOTAL APPAREL IMPORTS (MFA),SME,2025,12,772367,21246051,772367
French Indian Ocean Areas,1,M2 TOTAL APPAREL IMPORTS (MFA),SME,2025,6,74,1795,74
French Indian Ocean Areas,1,M2 TOTAL APPAREL IMPORTS (MFA),SME,2025,9,4,1714,4
French Indian Ocean Areas,1,M2 TOTAL APPAREL IMPORTS (MFA),SME,2025,11,158,9287,158
French Indian Ocean Areas,1,M2 TOTAL APPAREL IMPORTS (MFA),SME,2025,12,4,251,4
French Polynesia,1,M2 TOTAL APPAREL IMPORTS (MFA),SME,2025,7,118,825,118
French Polynesia,1,M2 TOTAL APPAREL IMPORTS (MFA),SME,2025,10,740,2949,740
French West Indies,1,M2 TOTAL APPAREL IMPORTS (MFA),SME,2025,2,86,3690,86
French West Indies,1,M2 TOTAL APPAREL IMPORTS (MFA),SME,2025,4,83,6364,83
French West Indies,1,M2 TOTAL APPAREL IMPORTS (MFA),SME,2025,5,37,1452,37
French West Indies,1,M2 TOTAL APPAREL IMPORTS (MFA),SME,2025,6,58,4992,58
French West Indies,1,M2 TOTAL APPAREL IMPORTS (MFA),SME,2025,7,43,1071,43
French West Indies,1,M2 TOTAL APPAREL IMPORTS (MFA),SME,2025,8,41,10127,41
French West Indies,1,M2 TOTAL APPAREL IMPORTS (MFA),SME,2025,9,83,3627,83
French West Indies,1,M2 TOTAL APPAREL IMPORTS (MFA),SME,2025,10,159,5547,159
French West Indies,1,M2 TOTAL APPAREL IMPORTS (MFA),SME,2025,11,44,1134,44
French West Indies,1,M2 TOTAL APPAREL IMPORTS (MFA),SME,2025,12,15,404,15
Gabon,1,M2 TOTAL APPAREL IMPORTS (MFA),SME,2025,4,138,1126,138
Gabon,1,M2 TOTAL APPAREL IMPORTS (MFA),SME,2025,8,30,1214,30
Gabon,1,M2 TOTAL APPAREL IMPORTS (MFA),SME,2025,9,4,3347,4
Gabon,1,M2 TOTAL APPAREL IMPORTS (MFA),SME,2025,11,15,254,15
Gabon,1,M2 TOTAL APPAREL IMPORTS (MFA),SME,2025,12,30,1371,30
Gambia,1,M2 TOTAL APPAREL IMPORTS (MFA),SME,2025,4,1054,2558,1054
Georgia,1,M2 TOTAL APPAREL IMPORTS (MFA),SME,2025,1,206073,1092161,206073
Georgia,1,M2 TOTAL APPAREL IMPORTS (MFA),SME,2025,2,5391,82523,5391
Georgia,1,M2 TOTAL APPAREL IMPORTS (MFA),SME,2025,3,447158,2600883,447158
Georgia,1,M2 TOTAL APPAREL IMPORTS (MFA),SME,2025,4,81539,517565,81539
Georgia,1,M2 TOTAL APPAREL IMPORTS (MFA),SME,2025,5,136148,914395,136148
Georgia,1,M2 TOTAL APPAREL IMPORTS (MFA),SME,2025,6,95558,580304,95558
Georgia,1,M2 TOTAL APPAREL IMPORTS (MFA),SME,2025,7,46691,336194,46691
Georgia,1,M2 TOTAL APPAREL IMPORTS (MFA),SME,2025,8,104171,630990,104171
Georgia,1,M2 TOTAL APPAREL IMPORTS (MFA),SME,2025,9,73653,791027,73653
Georgia,1,M2 TOTAL APPAREL IMPORTS (MFA),SME,2025,10,39357,678080,39357
Georgia,1,M2 TOTAL APPAREL IMPORTS (MFA),SME,2025,11,60184,550070,60184
Georgia,1,M2 TOTAL APPAREL IMPORTS (MFA),SME,2025,12,284139,2155061,284139
Germany,1,M2 TOTAL APPAREL IMPORTS (MFA),SME,2025,1,235563,1398454,235563
Germany,1,M2 TOTAL APPAREL IMPORTS (MFA),SME,2025,2,202990,1606994,202990
Germany,1,M2 TOTAL APPAREL IMPORTS (MFA),SME,2025,3,382591,2336122,382591
Germany,1,M2 TOTAL APPAREL IMPORTS (MFA),SME,2025,4,391777,1938039,391777
Germany,1,M2 TOTAL APPAREL IMPORTS (MFA),SME,2025,5,493921,1533560,493921
Germany,1,M2 TOTAL APPAREL IMPORTS (MFA),SME,2025,6,520827,1655978,520827
Germany,1,M2 TOTAL APPAREL IMPORTS (MFA),SME,2025,7,456835,2499929,456835
Germany,1,M2 TOTAL APPAREL IMPORTS (MFA),SME,2025,8,314415,2705844,314415
Germany,1,M2 TOTAL APPAREL IMPORTS (MFA),SME,2025,9,320912,2089416,320912
Germany,1,M2 TOTAL APPAREL IMPORTS (MFA),SME,2025,10,170105,2871255,170105
Germany,1,M2 TOTAL APPAREL IMPORTS (MFA),SME,2025,11,166257,2546097,166257
Germany,1,M2 TOTAL APPAREL IMPORTS (MFA),SME,2025,12,346817,2313529,346817
Ghana,1,M2 TOTAL APPAREL IMPORTS (MFA),SME,2025,1,1398928,4367896,1398928
Ghana,1,M2 TOTAL APPAREL IMPORTS (MFA),SME,2025,2,979860,3152198,979860
Ghana,1,M2 TOTAL APPAREL IMPORTS (MFA),SME,2025,3,955459,3323931,955459
Ghana,1,M2 TOTAL APPAREL IMPORTS (MFA),SME,2025,4,1573429,5052057,1573429
Ghana,1,M2 TOTAL APPAREL IMPORTS (MFA),SME,2025,5,942967,2758801,942967
Ghana,1,M2 TOTAL APPAREL IMPORTS (MFA),SME,2025,6,1150893,2748521,1150893
Ghana,1,M2 TOTAL APPAREL IMPORTS (MFA),SME,2025,7,1914773,5475950,1914773
Ghana,1,M2 TOTAL APPAREL IMPORTS (MFA),SME,2025,8,1814390,5169986,1814390
Ghana,1,M2 TOTAL APPAREL IMPORTS (MFA),SME,2025,9,2825716,8651367,2825716
Ghana,1,M2 TOTAL APPAREL IMPORTS (MFA),SME,2025,10,1272311,4225901,1272311
Ghana,1,M2 TOTAL APPAREL IMPORTS (MFA),SME,2025,11,723844,2397837,723844
Ghana,1,M2 TOTAL APPAREL IMPORTS (MFA),SME,2025,12,1840767,6307821,1840767
Greece,1,M2 TOTAL APPAREL IMPORTS (MFA),SME,2025,1,26391,627691,26391
Greece,1,M2 TOTAL APPAREL IMPORTS (MFA),SME,2025,2,36417,965718,36417
Greece,1,M2 TOTAL APPAREL IMPORTS (MFA),SME,2025,3,29486,765668,29486
Greece,1,M2 TOTAL APPAREL IMPORTS (MFA),SME,2025,4,54468,807554,54468
Greece,1,M2 TOTAL APPAREL IMPORTS (MFA),SME,2025,5,89234,987633,89234
Greece,1,M2 TOTAL APPAREL IMPORTS (MFA),SME,2025,6,70112,738896,70112
Greece,1,M2 TOTAL APPAREL IMPORTS (MFA),SME,2025,7,39682,799507,39682
Greece,1,M2 TOTAL APPAREL IMPORTS (MFA),SME,2025,8,44655,664110,44655
Greece,1,M2 TOTAL APPAREL IMPORTS (MFA),SME,2025,9,56526,1369357,56526
Greece,1,M2 TOTAL APPAREL IMPORTS (MFA),SME,2025,10,54414,714243,54414
Greece,1,M2 TOTAL APPAREL IMPORTS (MFA),SME,2025,11,60591,777537,60591
Greece,1,M2 TOTAL APPAREL IMPORTS (MFA),SME,2025,12,25487,638874,25487
Greenland,1,M2 TOTAL APPAREL IMPORTS (MFA),SME,2025,9,6,298,6
Grenada,1,M2 TOTAL APPAREL IMPORTS (MFA),SME,2025,6,20,380,20
Guatemala,1,M2 TOTAL APPAREL IMPORTS (MFA),SME,2025,1,22488634,113953870,22488634
Guatemala,1,M2 TOTAL APPAREL IMPORTS (MFA),SME,2025,2,21852520,117020949,21852520
Guatemala,1,M2 TOTAL APPAREL IMPORTS (MFA),SME,2025,3,27717135,134006357,27717135
Guatemala,1,M2 TOTAL APPAREL IMPORTS (MFA),SME,2025,4,26433215,130966922,26433215
Guatemala,1,M2 TOTAL APPAREL IMPORTS (MFA),SME,2025,5,24724345,125956839,24724345
Guatemala,1,M2 TOTAL APPAREL IMPORTS (MFA),SME,2025,6,23429376,132026364,23429376
Guatemala,1,M2 TOTAL APPAREL IMPORTS (MFA),SME,2025,7,28458629,152457531,28458629
Guatemala,1,M2 TOTAL APPAREL IMPORTS (MFA),SME,2025,8,20770462,116042522,20770462
Guatemala,1,M2 TOTAL APPAREL IMPORTS (MFA),SME,2025,9,23249570,133353581,23249570
Guatemala,1,M2 TOTAL APPAREL IMPORTS (MFA),SME,2025,10,22354132,107938086,22354132
Guatemala,1,M2 TOTAL APPAREL IMPORTS (MFA),SME,2025,11,18640318,93763549,18640318
Guatemala,1,M2 TOTAL APPAREL IMPORTS (MFA),SME,2025,12,23289386,127306509,23289386
Guinea,1,M2 TOTAL APPAREL IMPORTS (MFA),SME,2025,2,10147,7163,10147
Guinea,1,M2 TOTAL APPAREL IMPORTS (MFA),SME,2025,3,4283,4960,4283
Guinea,1,M2 TOTAL APPAREL IMPORTS (MFA),SME,2025,4,1140,1158,1140
Guinea,1,M2 TOTAL APPAREL IMPORTS (MFA),SME,2025,5,4410,4275,4410
Guinea,1,M2 TOTAL APPAREL IMPORTS (MFA),SME,2025,6,355,2498,355
Guinea,1,M2 TOTAL APPAREL IMPORTS (MFA),SME,2025,8,303,2947,303
Guinea,1,M2 TOTAL APPAREL IMPORTS (MFA),SME,2025,9,493,1905,493
Guinea,1,M2 TOTAL APPAREL IMPORTS (MFA),SME,2025,10,3297,2520,3297
Guinea,1,M2 TOTAL APPAREL IMPORTS (MFA),SME,2025,11,682,715,682
Guinea,1,M2 TOTAL APPAREL IMPORTS (MFA),SME,2025,12,3967,5763,3967
Guinea-Bissau,1,M2 TOTAL APPAREL IMPORTS (MFA),SME,2025,3,459,1315,459
Guinea-Bissau,1,M2 TOTAL APPAREL IMPORTS (MFA),SME,2025,5,7788,5555,7788
Guyana,1,M2 TOTAL APPAREL IMPORTS (MFA),SME,2025,1,6,1020,6
Guyana,1,M2 TOTAL APPAREL IMPORTS (MFA),SME,2025,4,131,1976,131
Guyana,1,M2 TOTAL APPAREL IMPORTS (MFA),SME,2025,10,84,822,84
Haiti,1,M2 TOTAL APPAREL IMPORTS (MFA),SME,2025,1,10942343,25577730,10942343
Haiti,1,M2 TOTAL APPAREL IMPORTS (MFA),SME,2025,2,16850826,42570945,16850826
Haiti,1,M2 TOTAL APPAREL IMPORTS (MFA),SME,2025,3,19038704,46807225,19038704
Haiti,1,M2 TOTAL APPAREL IMPORTS (MFA),SME,2025,4,17985257,46125800,17985257
Haiti,1,M2 TOTAL APPAREL IMPORTS (MFA),SME,2025,5,18159095,43981523,18159095
Haiti,1,M2 TOTAL APPAREL IMPORTS (MFA),SME,2025,6,16401312,41849516,16401312
Haiti,1,M2 TOTAL APPAREL IMPORTS (MFA),SME,2025,7,19800266,50565633,19800266
Haiti,1,M2 TOTAL APPAREL IMPORTS (MFA),SME,2025,8,15884428,40486521,15884428
Haiti,1,M2 TOTAL APPAREL IMPORTS (MFA),SME,2025,9,19285440,47803091,19285440
Haiti,1,M2 TOTAL APPAREL IMPORTS (MFA),SME,2025,10,12831077,29290220,12831077
Haiti,1,M2 TOTAL APPAREL IMPORTS (MFA),SME,2025,11,14276284,33607837,14276284
Haiti,1,M2 TOTAL APPAREL IMPORTS (MFA),SME,2025,12,12840615,34187366,12840615
Honduras,1,M2 TOTAL APPAREL IMPORTS (MFA),SME,2025,1,32642415,111859522,32642415
Honduras,1,M2 TOTAL APPAREL IMPORTS (MFA),SME,2025,2,48946823,163337032,48946823
Honduras,1,M2 TOTAL APPAREL IMPORTS (MFA),SME,2025,3,61407556,205346544,61407556
Honduras,1,M2 TOTAL APPAREL IMPORTS (MFA),SME,2025,4,47245055,162633300,47245055
Honduras,1,M2 TOTAL APPAREL IMPORTS (MFA),SME,2025,5,46547457,163718072,46547457
Honduras,1,M2 TOTAL APPAREL IMPORTS (MFA),SME,2025,6,50791506,179580704,50791506
Honduras,1,M2 TOTAL APPAREL IMPORTS (MFA),SME,2025,7,51595449,184610043,51595449
Honduras,1,M2 TOTAL APPAREL IMPORTS (MFA),SME,2025,8,47273903,168664016,47273903
Honduras,1,M2 TOTAL APPAREL IMPORTS (MFA),SME,2025,9,48072732,167768074,48072732
Honduras,1,M2 TOTAL APPAREL IMPORTS (MFA),SME,2025,10,50796222,169446476,50796222
Honduras,1,M2 TOTAL APPAREL IMPORTS (MFA),SME,2025,11,47225786,164938050,47225786
Honduras,1,M2 TOTAL APPAREL IMPORTS (MFA),SME,2025,12,48524886,172252443,48524886
Hong Kong,1,M2 TOTAL APPAREL IMPORTS (MFA),SME,2025,1,438745,4566659,438745
Hong Kong,1,M2 TOTAL APPAREL IMPORTS (MFA),SME,2025,2,487674,4023459,487674
Hong Kong,1,M2 TOTAL APPAREL IMPORTS (MFA),SME,2025,3,423471,3688617,423471
Hong Kong,1,M2 TOTAL APPAREL IMPORTS (MFA),SME,2025,4,369674,2216513,369674
Hong Kong,1,M2 TOTAL APPAREL IMPORTS (MFA),SME,2025,5,467648,3905498,467648
Hong Kong,1,M2 TOTAL APPAREL IMPORTS (MFA),SME,2025,6,615355,5134476,615355
Hong Kong,1,M2 TOTAL APPAREL IMPORTS (MFA),SME,2025,7,1007243,6509350,1007243
Hong Kong,1,M2 TOTAL APPAREL IMPORTS (MFA),SME,2025,8,664555,5118717,664555
Hong Kong,1,M2 TOTAL APPAREL IMPORTS (MFA),SME,2025,9,419998,2867599,419998
Hong Kong,1,M2 TOTAL APPAREL IMPORTS (MFA),SME,2025,10,233122,1743049,233122
Hong Kong,1,M2 TOTAL APPAREL IMPORTS (MFA),SME,2025,11,590353,1699088,590353
Hong Kong,1,M2 TOTAL APPAREL IMPORTS (MFA),SME,2025,12,847457,2140014,847457
Hungary,1,M2 TOTAL APPAREL IMPORTS (MFA),SME,2025,1,171021,1214441,171021
Hungary,1,M2 TOTAL APPAREL IMPORTS (MFA),SME,2025,2,50125,935912,50125
Hungary,1,M2 TOTAL APPAREL IMPORTS (MFA),SME,2025,3,273887,1664082,273887
Hungary,1,M2 TOTAL APPAREL IMPORTS (MFA),SME,2025,4,45030,966937,45030
Hungary,1,M2 TOTAL APPAREL IMPORTS (MFA),SME,2025,5,174254,895758,174254
Hungary,1,M2 TOTAL APPAREL IMPORTS (MFA),SME,2025,6,42106,894348,42106
Hungary,1,M2 TOTAL APPAREL IMPORTS (MFA),SME,2025,7,265441,1277684,265441
Hungary,1,M2 TOTAL APPAREL IMPORTS (MFA),SME,2025,8,115149,1150451,115149
Hungary,1,M2 TOTAL APPAREL IMPORTS (MFA),SME,2025,9,86632,1254113,86632
Hungary,1,M2 TOTAL APPAREL IMPORTS (MFA),SME,2025,10,67477,1000985,67477
Hungary,1,M2 TOTAL APPAREL IMPORTS (MFA),SME,2025,11,204399,1079307,204399
Hungary,1,M2 TOTAL APPAREL IMPORTS (MFA),SME,2025,12,108469,1023433,108469
Iceland,1,M2 TOTAL APPAREL IMPORTS (MFA),SME,2025,1,6426,14556,6426
Iceland,1,M2 TOTAL APPAREL IMPORTS (MFA),SME,2025,2,3391,39284,3391
Iceland,1,M2 TOTAL APPAREL IMPORTS (MFA),SME,2025,3,60,1590,60
Iceland,1,M2 TOTAL APPAREL IMPORTS (MFA),SME,2025,5,3040,3056,3040
Iceland,1,M2 TOTAL APPAREL IMPORTS (MFA),SME,2025,6,1570,5235,1570
Iceland,1,M2 TOTAL APPAREL IMPORTS (MFA),SME,2025,7,72,1589,72
Iceland,1,M2 TOTAL APPAREL IMPORTS (MFA),SME,2025,9,4674,6459,4674
Iceland,1,M2 TOTAL APPAREL IMPORTS (MFA),SME,2025,10,2172,35781,2172
Iceland,1,M2 TOTAL APPAREL IMPORTS (MFA),SME,2025,11,230,7432,230
Iceland,1,M2 TOTAL APPAREL IMPORTS (MFA),SME,2025,12,421,3227,421
India,1,M2 TOTAL APPAREL IMPORTS (MFA),SME,2025,1,129089344,471718192,129089344
India,1,M2 TOTAL APPAREL IMPORTS (MFA),SME,2025,2,134799870,484256941,134799870
India,1,M2 TOTAL APPAREL IMPORTS (MFA),SME,2025,3,153859902,551354465,153859902
India,1,M2 TOTAL APPAREL IMPORTS (MFA),SME,2025,4,133925220,492237218,133925220
India,1,M2 TOTAL APPAREL IMPORTS (MFA),SME,2025,5,131792986,441188933,131792986
India,1,M2 TOTAL APPAREL IMPORTS (MFA),SME,2025,6,117367803,398917134,117367803
India,1,M2 TOTAL APPAREL IMPORTS (MFA),SME,2025,7,128282060,465429782,128282060
India,1,M2 TOTAL APPAREL IMPORTS (MFA),SME,2025,8,126207966,424760194,126207966
India,1,M2 TOTAL APPAREL IMPORTS (MFA),SME,2025,9,115738598,375055315,115738598
India,1,M2 TOTAL APPAREL IMPORTS (MFA),SME,2025,10,87382918,294023673,87382918
India,1,M2 TOTAL APPAREL IMPORTS (MFA),SME,2025,11,75160823,234963274,75160823
India,1,M2 TOTAL APPAREL IMPORTS (MFA),SME,2025,12,96437571,312899356,96437571
Indonesia,1,M2 TOTAL APPAREL IMPORTS (MFA),SME,2025,1,101453229,416472496,101453229
Indonesia,1,M2 TOTAL APPAREL IMPORTS (MFA),SME,2025,2,88723390,364672658,88723390
Indonesia,1,M2 TOTAL APPAREL IMPORTS (MFA),SME,2025,3,110465790,445787454,110465790
Indonesia,1,M2 TOTAL APPAREL IMPORTS (MFA),SME,2025,4,92507195,374361527,92507195
Indonesia,1,M2 TOTAL APPAREL IMPORTS (MFA),SME,2025,5,68542587,268172311,68542587
Indonesia,1,M2 TOTAL APPAREL IMPORTS (MFA),SME,2025,6,93944767,389782930,93944767
Indonesia,1,M2 TOTAL APPAREL IMPORTS (MFA),SME,2025,7,93818302,410297620,93818302
Indonesia,1,M2 TOTAL APPAREL IMPORTS (MFA),SME,2025,8,108534652,446374650,108534652
Indonesia,1,M2 TOTAL APPAREL IMPORTS (MFA),SME,2025,9,126015670,480611612,126015670
Indonesia,1,M2 TOTAL APPAREL IMPORTS (MFA),SME,2025,10,97364934,394390924,97364934
Indonesia,1,M2 TOTAL APPAREL IMPORTS (MFA),SME,2025,11,77634746,316152936,77634746
Indonesia,1,M2 TOTAL APPAREL IMPORTS (MFA),SME,2025,12,96138710,353972638,96138710
Iran,1,M2 TOTAL APPAREL IMPORTS (MFA),SME,2025,9,227,800,227
Iraq,1,M2 TOTAL APPAREL IMPORTS (MFA),SME,2025,2,38,1000,38
Iraq,1,M2 TOTAL APPAREL IMPORTS (MFA),SME,2025,9,12,276,12
Iraq,1,M2 TOTAL APPAREL IMPORTS (MFA),SME,2025,10,56,660,56
Iraq,1,M2 TOTAL APPAREL IMPORTS (MFA),SME,2025,11,417,660,417
Ireland,1,M2 TOTAL APPAREL IMPORTS (MFA),SME,2025,1,13566,390014,13566
Ireland,1,M2 TOTAL APPAREL IMPORTS (MFA),SME,2025,2,25831,711112,25831
Ireland,1,M2 TOTAL APPAREL IMPORTS (MFA),SME,2025,3,2943,65584,2943
Ireland,1,M2 TOTAL APPAREL IMPORTS (MFA),SME,2025,4,3773,66292,3773
Ireland,1,M2 TOTAL APPAREL IMPORTS (MFA),SME,2025,5,2559,95793,2559
Ireland,1,M2 TOTAL APPAREL IMPORTS (MFA),SME,2025,6,26935,945729,26935
Ireland,1,M2 TOTAL APPAREL IMPORTS (MFA),SME,2025,7,42891,484429,42891
Ireland,1,M2 TOTAL APPAREL IMPORTS (MFA),SME,2025,8,21829,548364,21829
Ireland,1,M2 TOTAL APPAREL IMPORTS (MFA),SME,2025,9,34690,545847,34690
Ireland,1,M2 TOTAL APPAREL IMPORTS (MFA),SME,2025,10,68748,783268,68748
Ireland,1,M2 TOTAL APPAREL IMPORTS (MFA),SME,2025,11,77077,974408,77077
Ireland,1,M2 TOTAL APPAREL IMPORTS (MFA),SME,2025,12,101479,1262142,101479
Israel,1,M2 TOTAL APPAREL IMPORTS (MFA),SME,2025,1,259060,3665494,259060
Israel,1,M2 TOTAL APPAREL IMPORTS (MFA),SME,2025,2,250594,3749167,250594
Israel,1,M2 TOTAL APPAREL IMPORTS (MFA),SME,2025,3,288157,3698459,288157
Israel,1,M2 TOTAL APPAREL IMPORTS (MFA),SME,2025,4,204380,3150095,204380
Israel,1,M2 TOTAL APPAREL IMPORTS (MFA),SME,2025,5,267138,3189976,267138
Israel,1,M2 TOTAL APPAREL IMPORTS (MFA),SME,2025,6,176618,2501705,176618
Israel,1,M2 TOTAL APPAREL IMPORTS (MFA),SME,2025,7,317544,3693323,317544
Israel,1,M2 TOTAL APPAREL IMPORTS (MFA),SME,2025,8,269461,3237658,269461
Israel,1,M2 TOTAL APPAREL IMPORTS (MFA),SME,2025,9,138962,2031645,138962
Israel,1,M2 TOTAL APPAREL IMPORTS (MFA),SME,2025,10,139949,1991062,139949
Israel,1,M2 TOTAL APPAREL IMPORTS (MFA),SME,2025,11,83431,1881181,83431
Israel,1,M2 TOTAL APPAREL IMPORTS (MFA),SME,2025,12,110419,2776259,110419
Italy,1,M2 TOTAL APPAREL IMPORTS (MFA),SME,2025,1,6055092,156459681,6055092
Italy,1,M2 TOTAL APPAREL IMPORTS (MFA),SME,2025,2,5806324,164950207,5806324
Italy,1,M2 TOTAL APPAREL IMPORTS (MFA),SME,2025,3,7386731,162979369,7386731
Italy,1,M2 TOTAL APPAREL IMPORTS (MFA),SME,2025,4,6338639,147934596,6338639
Italy,1,M2 TOTAL APPAREL IMPORTS (MFA),SME,2025,5,6016390,154516553,6016390
Italy,1,M2 TOTAL APPAREL IMPORTS (MFA),SME,2025,6,6620787,165747246,6620787
Italy,1,M2 TOTAL APPAREL IMPORTS (MFA),SME,2025,7,8078567,219429245,8078567
Italy,1,M2 TOTAL APPAREL IMPORTS (MFA),SME,2025,8,5730007,152668802,5730007
Italy,1,M2 TOTAL APPAREL IMPORTS (MFA),SME,2025,9,6577464,160197219,6577464
Italy,1,M2 TOTAL APPAREL IMPORTS (MFA),SME,2025,10,7506812,188904425,7506812
Italy,1,M2 TOTAL APPAREL IMPORTS (MFA),SME,2025,11,6555565,178332237,6555565
Italy,1,M2 TOTAL APPAREL IMPORTS (MFA),SME,2025,12,6690155,188638120,6690155
Jamaica,1,M2 TOTAL APPAREL IMPORTS (MFA),SME,2025,1,68,1993,68
Jamaica,1,M2 TOTAL APPAREL IMPORTS (MFA),SME,2025,3,38,285,38
Jamaica,1,M2 TOTAL APPAREL IMPORTS (MFA),SME,2025,4,129,2866,129
Jamaica,1,M2 TOTAL APPAREL IMPORTS (MFA),SME,2025,5,17,2000,17
Jamaica,1,M2 TOTAL APPAREL IMPORTS (MFA),SME,2025,9,30,600,30
Jamaica,1,M2 TOTAL APPAREL IMPORTS (MFA),SME,2025,11,57,966,57
Jamaica,1,M2 TOTAL APPAREL IMPORTS (MFA),SME,2025,12,116,2779,116
Japan,1,M2 TOTAL APPAREL IMPORTS (MFA),SME,2025,1,300766,7615708,300766
Japan,1,M2 TOTAL APPAREL IMPORTS (MFA),SME,2025,2,273055,7688799,273055
Japan,1,M2 TOTAL APPAREL IMPORTS (MFA),SME,2025,3,347748,9235486,347748
Japan,1,M2 TOTAL APPAREL IMPORTS (MFA),SME,2025,4,301949,6551900,301949
Japan,1,M2 TOTAL APPAREL IMPORTS (MFA),SME,2025,5,219374,5545142,219374
Japan,1,M2 TOTAL APPAREL IMPORTS (MFA),SME,2025,6,298783,6830706,298783
Japan,1,M2 TOTAL APPAREL IMPORTS (MFA),SME,2025,7,432723,9333041,432723
Japan,1,M2 TOTAL APPAREL IMPORTS (MFA),SME,2025,8,634551,8598409,634551
Japan,1,M2 TOTAL APPAREL IMPORTS (MFA),SME,2025,9,352583,9750219,352583
Japan,1,M2 TOTAL APPAREL IMPORTS (MFA),SME,2025,10,600267,10942629,600267
Japan,1,M2 TOTAL APPAREL IMPORTS (MFA),SME,2025,11,472390,9069115,472390
Japan,1,M2 TOTAL APPAREL IMPORTS (MFA),SME,2025,12,358255,9325913,358255
Jordan,1,M2 TOTAL APPAREL IMPORTS (MFA),SME,2025,1,36896761,167043418,36896761
Jordan,1,M2 TOTAL APPAREL IMPORTS (MFA),SME,2025,2,32483920,167602430,32483920
Jordan,1,M2 TOTAL APPAREL IMPORTS (MFA),SME,2025,3,30871199,148501193,30871199
Jordan,1,M2 TOTAL APPAREL IMPORTS (MFA),SME,2025,4,34560939,168151224,34560939
Jordan,1,M2 TOTAL APPAREL IMPORTS (MFA),SME,2025,5,27541240,144015108,27541240
Jordan,1,M2 TOTAL APPAREL IMPORTS (MFA),SME,2025,6,29303520,166726678,29303520
Jordan,1,M2 TOTAL APPAREL IMPORTS (MFA),SME,2025,7,41524785,207646899,41524785
Jordan,1,M2 TOTAL APPAREL IMPORTS (MFA),SME,2025,8,30429949,174920996,30429949
Jordan,1,M2 TOTAL APPAREL IMPORTS (MFA),SME,2025,9,36601980,214412157,36601980
Jordan,1,M2 TOTAL APPAREL IMPORTS (MFA),SME,2025,10,22746241,133286906,22746241
Jordan,1,M2 TOTAL APPAREL IMPORTS (MFA),SME,2025,11,20822654,127756224,20822654
Jordan,1,M2 TOTAL APPAREL IMPORTS (MFA),SME,2025,12,27957964,156150988,27957964
Kazakhstan,1,M2 TOTAL APPAREL IMPORTS (MFA),SME,2025,2,50,1723,50
Kazakhstan,1,M2 TOTAL APPAREL IMPORTS (MFA),SME,2025,3,15,458,15
Kazakhstan,1,M2 TOTAL APPAREL IMPORTS (MFA),SME,2025,9,240,6059,240
Kazakhstan,1,M2 TOTAL APPAREL IMPORTS (MFA),SME,2025,10,2943,20906,2943
Kazakhstan,1,M2 TOTAL APPAREL IMPORTS (MFA),SME,2025,11,425,7221,425
Kazakhstan,1,M2 TOTAL APPAREL IMPORTS (MFA),SME,2025,12,326,7491,326
Kenya,1,M2 TOTAL APPAREL IMPORTS (MFA),SME,2025,1,15177935,47898259,15177935
Kenya,1,M2 TOTAL APPAREL IMPORTS (MFA),SME,2025,2,15717077,45181897,15717077
Kenya,1,M2 TOTAL APPAREL IMPORTS (MFA),SME,2025,3,15667228,47747869,15667228
Kenya,1,M2 TOTAL APPAREL IMPORTS (MFA),SME,2025,4,16368938,50920074,16368938
Kenya,1,M2 TOTAL APPAREL IMPORTS (MFA),SME,2025,5,16363132,51644587,16363132
Kenya,1,M2 TOTAL APPAREL IMPORTS (MFA),SME,2025,6,14221008,40052277,14221008
Kenya,1,M2 TOTAL APPAREL IMPORTS (MFA),SME,2025,7,18031767,51045512,18031767
Kenya,1,M2 TOTAL APPAREL IMPORTS (MFA),SME,2025,8,16928438,56216268,16928438
Kenya,1,M2 TOTAL APPAREL IMPORTS (MFA),SME,2025,9,23661056,69022111,23661056
Kenya,1,M2 TOTAL APPAREL IMPORTS (MFA),SME,2025,10,18110865,48753272,18110865
Kenya,1,M2 TOTAL APPAREL IMPORTS (MFA),SME,2025,11,18139273,46270832,18139273
Kenya,1,M2 TOTAL APPAREL IMPORTS (MFA),SME,2025,12,20101892,44737192,20101892
Kosovo,1,M2 TOTAL APPAREL IMPORTS (MFA),SME,2025,1,3001,71071,3001
Kosovo,1,M2 TOTAL APPAREL IMPORTS (MFA),SME,2025,2,1371,80347,1371
Kosovo,1,M2 TOTAL APPAREL IMPORTS (MFA),SME,2025,3,2085,128282,2085
Kosovo,1,M2 TOTAL APPAREL IMPORTS (MFA),SME,2025,4,6352,203709,6352
Kosovo,1,M2 TOTAL APPAREL IMPORTS (MFA),SME,2025,5,4386,133110,4386
Kosovo,1,M2 TOTAL APPAREL IMPORTS (MFA),SME,2025,6,3625,115651,3625
Kosovo,1,M2 TOTAL APPAREL IMPORTS (MFA),SME,2025,7,3452,118850,3452
Kosovo,1,M2 TOTAL APPAREL IMPORTS (MFA),SME,2025,8,2819,92687,2819
Kosovo,1,M2 TOTAL APPAREL IMPORTS (MFA),SME,2025,9,5853,122034,5853
Kosovo,1,M2 TOTAL APPAREL IMPORTS (MFA),SME,2025,10,9363,113003,9363
Kosovo,1,M2 TOTAL APPAREL IMPORTS (MFA),SME,2025,11,2277,96015,2277
Kosovo,1,M2 TOTAL APPAREL IMPORTS (MFA),SME,2025,12,5254,133300,5254
Kuwait,1,M2 TOTAL APPAREL IMPORTS (MFA),SME,2025,3,114,920,114
Kuwait,1,M2 TOTAL APPAREL IMPORTS (MFA),SME,2025,4,45,1470,45
Kuwait,1,M2 TOTAL APPAREL IMPORTS (MFA),SME,2025,5,15,7646,15
Kuwait,1,M2 TOTAL APPAREL IMPORTS (MFA),SME,2025,6,508,4472,508
Kuwait,1,M2 TOTAL APPAREL IMPORTS (MFA),SME,2025,7,473,2406,473
Kuwait,1,M2 TOTAL APPAREL IMPORTS (MFA),SME,2025,8,4342,1455,4342
Kuwait,1,M2 TOTAL APPAREL IMPORTS (MFA),SME,2025,9,336,3818,336
Kuwait,1,M2 TOTAL APPAREL IMPORTS (MFA),SME,2025,10,481,5266,481
Kuwait,1,M2 TOTAL APPAREL IMPORTS (MFA),SME,2025,11,1215,2706,1215
Kuwait,1,M2 TOTAL APPAREL IMPORTS (MFA),SME,2025,12,407,4507,407
Kyrgyzstan,1,M2 TOTAL APPAREL IMPORTS (MFA),SME,2025,1,1987,15613,1987
Kyrgyzstan,1,M2 TOTAL APPAREL IMPORTS (MFA),SME,2025,2,118,3473,118
Kyrgyzstan,1,M2 TOTAL APPAREL IMPORTS (MFA),SME,2025,3,318,4980,318
Kyrgyzstan,1,M2 TOTAL APPAREL IMPORTS (MFA),SME,2025,4,1133,7156,1133
Kyrgyzstan,1,M2 TOTAL APPAREL IMPORTS (MFA),SME,2025,5,38,2255,38
Kyrgyzstan,1,M2 TOTAL APPAREL IMPORTS (MFA),SME,2025,6,420,7252,420
Kyrgyzstan,1,M2 TOTAL APPAREL IMPORTS (MFA),SME,2025,7,2535,23224,2535
Kyrgyzstan,1,M2 TOTAL APPAREL IMPORTS (MFA),SME,2025,8,59,1232,59
Kyrgyzstan,1,M2 TOTAL APPAREL IMPORTS (MFA),SME,2025,9,1035,8785,1035
Kyrgyzstan,1,M2 TOTAL APPAREL IMPORTS (MFA),SME,2025,10,759,9096,759
Kyrgyzstan,1,M2 TOTAL APPAREL IMPORTS (MFA),SME,2025,11,1737,15455,1737
Kyrgyzstan,1,M2 TOTAL APPAREL IMPORTS (MFA),SME,2025,12,25131,340654,25131
Laos,1,M2 TOTAL APPAREL IMPORTS (MFA),SME,2025,1,1803713,4021245,1803713
Laos,1,M2 TOTAL APPAREL IMPORTS (MFA),SME,2025,2,607049,1353242,607049
Laos,1,M2 TOTAL APPAREL IMPORTS (MFA),SME,2025,3,1374387,2616935,1374387
Laos,1,M2 TOTAL APPAREL IMPORTS (MFA),SME,2025,4,1972582,3655570,1972582
Laos,1,M2 TOTAL APPAREL IMPORTS (MFA),SME,2025,5,2384371,3328079,2384371
Laos,1,M2 TOTAL APPAREL IMPORTS (MFA),SME,2025,6,1658922,3638619,1658922
Laos,1,M2 TOTAL APPAREL IMPORTS (MFA),SME,2025,7,1368519,3578050,1368519
Laos,1,M2 TOTAL APPAREL IMPORTS (MFA),SME,2025,8,4495023,7214761,4495023
Laos,1,M2 TOTAL APPAREL IMPORTS (MFA),SME,2025,9,4138414,7979176,4138414
Laos,1,M2 TOTAL APPAREL IMPORTS (MFA),SME,2025,10,1343168,3848655,1343168
Laos,1,M2 TOTAL APPAREL IMPORTS (MFA),SME,2025,11,679837,2074078,679837
Laos,1,M2 TOTAL APPAREL IMPORTS (MFA),SME,2025,12,2451062,4183424,2451062
Latvia,1,M2 TOTAL APPAREL IMPORTS (MFA),SME,2025,1,18429,259008,18429
Latvia,1,M2 TOTAL APPAREL IMPORTS (MFA),SME,2025,2,34589,385889,34589
Latvia,1,M2 TOTAL APPAREL IMPORTS (MFA),SME,2025,3,33208,310796,33208
Latvia,1,M2 TOTAL APPAREL IMPORTS (MFA),SME,2025,4,8550,159073,8550
Latvia,1,M2 TOTAL APPAREL IMPORTS (MFA),SME,2025,5,5453,129817,5453
Latvia,1,M2 TOTAL APPAREL IMPORTS (MFA),SME,2025,6,7176,116806,7176
Latvia,1,M2 TOTAL APPAREL IMPORTS (MFA),SME,2025,7,11443,363378,11443
Latvia,1,M2 TOTAL APPAREL IMPORTS (MFA),SME,2025,8,13517,292068,13517
Latvia,1,M2 TOTAL APPAREL IMPORTS (MFA),SME,2025,9,16216,323786,16216
Latvia,1,M2 TOTAL APPAREL IMPORTS (MFA),SME,2025,10,23518,385537,23518
Latvia,1,M2 TOTAL APPAREL IMPORTS (MFA),SME,2025,11,9425,333816,9425
Latvia,1,M2 TOTAL APPAREL IMPORTS (MFA),SME,2025,12,24569,424754,24569
Lebanon,1,M2 TOTAL APPAREL IMPORTS (MFA),SME,2025,1,31803,838483,31803
Lebanon,1,M2 TOTAL APPAREL IMPORTS (MFA),SME,2025,2,101603,1001699,101603
Lebanon,1,M2 TOTAL APPAREL IMPORTS (MFA),SME,2025,3,54710,1154227,54710
Lebanon,1,M2 TOTAL APPAREL IMPORTS (MFA),SME,2025,4,56068,1177818,56068
Lebanon,1,M2 TOTAL APPAREL IMPORTS (MFA),SME,2025,5,713528,1141673,713528
Lebanon,1,M2 TOTAL APPAREL IMPORTS (MFA),SME,2025,6,42745,746201,42745
Lebanon,1,M2 TOTAL APPAREL IMPORTS (MFA),SME,2025,7,51819,809597,51819
Lebanon,1,M2 TOTAL APPAREL IMPORTS (MFA),SME,2025,8,52649,934724,52649
Lebanon,1,M2 TOTAL APPAREL IMPORTS (MFA),SME,2025,9,102545,1238114,102545
Lebanon,1,M2 TOTAL APPAREL IMPORTS (MFA),SME,2025,10,99602,1185621,99602
Lebanon,1,M2 TOTAL APPAREL IMPORTS (MFA),SME,2025,11,55666,1120531,55666
Lebanon,1,M2 TOTAL APPAREL IMPORTS (MFA),SME,2025,12,55618,1010929,55618
Lesotho,1,M2 TOTAL APPAREL IMPORTS (MFA),SME,2025,1,3706268,14109962,3706268
Lesotho,1,M2 TOTAL APPAREL IMPORTS (MFA),SME,2025,2,2793010,8686273,2793010
Lesotho,1,M2 TOTAL APPAREL IMPORTS (MFA),SME,2025,3,3144226,11321548,3144226
Lesotho,1,M2 TOTAL APPAREL IMPORTS (MFA),SME,2025,4,4607044,15605697,4607044
Lesotho,1,M2 TOTAL APPAREL IMPORTS (MFA),SME,2025,5,3610664,15610884,3610664
Lesotho,1,M2 TOTAL APPAREL IMPORTS (MFA),SME,2025,6,2298656,9219465,2298656
Lesotho,1,M2 TOTAL APPAREL IMPORTS (MFA),SME,2025,7,3975785,15690487,3975785
Lesotho,1,M2 TOTAL APPAREL IMPORTS (MFA),SME,2025,8,2656106,12254272,2656106
Lesotho,1,M2 TOTAL APPAREL IMPORTS (MFA),SME,2025,9,3142181,16016615,3142181
Lesotho,1,M2 TOTAL APPAREL IMPORTS (MFA),SME,2025,10,1645208,7642235,1645208
Lesotho,1,M2 TOTAL APPAREL IMPORTS (MFA),SME,2025,11,1382896,7313223,1382896
Lesotho,1,M2 TOTAL APPAREL IMPORTS (MFA),SME,2025,12,1587106,5457914,1587106
Liberia,1,M2 TOTAL APPAREL IMPORTS (MFA),SME,2025,12,1037,369,1037
Libya,1,M2 TOTAL APPAREL IMPORTS (MFA),SME,2025,7,173,734,173
Libya,1,M2 TOTAL APPAREL IMPORTS (MFA),SME,2025,10,35,1167,35
Lithuania,1,M2 TOTAL APPAREL IMPORTS (MFA),SME,2025,1,61863,1180296,61863
Lithuania,1,M2 TOTAL APPAREL IMPORTS (MFA),SME,2025,2,85219,1465922,85219
Lithuania,1,M2 TOTAL APPAREL IMPORTS (MFA),SME,2025,3,75673,1560294,75673
Lithuania,1,M2 TOTAL APPAREL IMPORTS (MFA),SME,2025,4,67601,1564190,67601
Lithuania,1,M2 TOTAL APPAREL IMPORTS (MFA),SME,2025,5,50213,1032549,50213
Lithuania,1,M2 TOTAL APPAREL IMPORTS (MFA),SME,2025,6,42162,960598,42162
Lithuania,1,M2 TOTAL APPAREL IMPORTS (MFA),SME,2025,7,112403,1954093,112403
Lithuania,1,M2 TOTAL APPAREL IMPORTS (MFA),SME,2025,8,81362,1257548,81362
Lithuania,1,M2 TOTAL APPAREL IMPORTS (MFA),SME,2025,9,85220,1580616,85220
Lithuania,1,M2 TOTAL APPAREL IMPORTS (MFA),SME,2025,10,91401,1438819,91401
Lithuania,1,M2 TOTAL APPAREL IMPORTS (MFA),SME,2025,11,60473,1230302,60473
Lithuania,1,M2 TOTAL APPAREL IMPORTS (MFA),SME,2025,12,76468,1708815,76468
Luxembourg,1,M2 TOTAL APPAREL IMPORTS (MFA),SME,2025,1,452,10261,452
Luxembourg,1,M2 TOTAL APPAREL IMPORTS (MFA),SME,2025,2,124,3652,124
Luxembourg,1,M2 TOTAL APPAREL IMPORTS (MFA),SME,2025,3,35,253,35
Luxembourg,1,M2 TOTAL APPAREL IMPORTS (MFA),SME,2025,4,66,3490,66
Luxembourg,1,M2 TOTAL APPAREL IMPORTS (MFA),SME,2025,5,29,1216,29
Luxembourg,1,M2 TOTAL APPAREL IMPORTS (MFA),SME,2025,6,50,4044,50
Luxembourg,1,M2 TOTAL APPAREL IMPORTS (MFA),SME,2025,7,72,1581,72
Luxembourg,1,M2 TOTAL APPAREL IMPORTS (MFA),SME,2025,8,554,2389,554
Luxembourg,1,M2 TOTAL APPAREL IMPORTS (MFA),SME,2025,9,104,2304,104
Luxembourg,1,M2 TOTAL APPAREL IMPORTS (MFA),SME,2025,10,693,4082,693
Luxembourg,1,M2 TOTAL APPAREL IMPORTS (MFA),SME,2025,11,398,3451,398
Luxembourg,1,M2 TOTAL APPAREL IMPORTS (MFA),SME,2025,12,591,5641,591
Macau,1,M2 TOTAL APPAREL IMPORTS (MFA),SME,2025,1,300710,2417901,300710
Macau,1,M2 TOTAL APPAREL IMPORTS (MFA),SME,2025,2,310649,2770426,310649
Macau,1,M2 TOTAL APPAREL IMPORTS (MFA),SME,2025,3,178411,1482404,178411
Macau,1,M2 TOTAL APPAREL IMPORTS (MFA),SME,2025,4,185634,1394424,185634
Macau,1,M2 TOTAL APPAREL IMPORTS (MFA),SME,2025,5,181487,3501702,181487
Macau,1,M2 TOTAL APPAREL IMPORTS (MFA),SME,2025,6,329701,4302523,329701
Macau,1,M2 TOTAL APPAREL IMPORTS (MFA),SME,2025,7,200226,3108616,200226
Macau,1,M2 TOTAL APPAREL IMPORTS (MFA),SME,2025,8,246091,3979809,246091
Macau,1,M2 TOTAL APPAREL IMPORTS (MFA),SME,2025,9,186913,2349483,186913
Macau,1,M2 TOTAL APPAREL IMPORTS (MFA),SME,2025,10,135455,944259,135455
Macau,1,M2 TOTAL APPAREL IMPORTS (MFA),SME,2025,11,55764,808011,55764
Macau,1,M2 TOTAL APPAREL IMPORTS (MFA),SME,2025,12,128810,1209098,128810
Madagascar,1,M2 TOTAL APPAREL IMPORTS (MFA),SME,2025,1,7851256,30123167,7851256
Madagascar,1,M2 TOTAL APPAREL IMPORTS (MFA),SME,2025,2,5837959,29249369,5837959
Madagascar,1,M2 TOTAL APPAREL IMPORTS (MFA),SME,2025,3,6719689,27827604,6719689
Madagascar,1,M2 TOTAL APPAREL IMPORTS (MFA),SME,2025,4,9893004,37790527,9893004
Madagascar,1,M2 TOTAL APPAREL IMPORTS (MFA),SME,2025,5,9497592,34253411,9497592
Madagascar,1,M2 TOTAL APPAREL IMPORTS (MFA),SME,2025,6,8765908,29086407,8765908
Madagascar,1,M2 TOTAL APPAREL IMPORTS (MFA),SME,2025,7,8410324,37545814,8410324
Madagascar,1,M2 TOTAL APPAREL IMPORTS (MFA),SME,2025,8,9609333,39564095,9609333
Madagascar,1,M2 TOTAL APPAREL IMPORTS (MFA),SME,2025,9,10789541,40087575,10789541
Madagascar,1,M2 TOTAL APPAREL IMPORTS (MFA),SME,2025,10,9507733,33737788,9507733
Madagascar,1,M2 TOTAL APPAREL IMPORTS (MFA),SME,2025,11,7451650,30727942,7451650
Madagascar,1,M2 TOTAL APPAREL IMPORTS (MFA),SME,2025,12,6446125,23724210,6446125
Malawi,1,M2 TOTAL APPAREL IMPORTS (MFA),SME,2025,10,11056,19036,11056
Malawi,1,M2 TOTAL APPAREL IMPORTS (MFA),SME,2025,11,56546,73068,56546
Malaysia,1,M2 TOTAL APPAREL IMPORTS (MFA),SME,2025,1,1487240,8248703,1487240
Malaysia,1,M2 TOTAL APPAREL IMPORTS (MFA),SME,2025,2,1507304,10575493,1507304
Malaysia,1,M2 TOTAL APPAREL IMPORTS (MFA),SME,2025,3,1906310,9994602,1906310
Malaysia,1,M2 TOTAL APPAREL IMPORTS (MFA),SME,2025,4,2251645,12092893,2251645
Malaysia,1,M2 TOTAL APPAREL IMPORTS (MFA),SME,2025,5,2610579,15456290,2610579
Malaysia,1,M2 TOTAL APPAREL IMPORTS (MFA),SME,2025,6,2418219,15927850,2418219
Malaysia,1,M2 TOTAL APPAREL IMPORTS (MFA),SME,2025,7,2685134,15923633,2685134
Malaysia,1,M2 TOTAL APPAREL IMPORTS (MFA),SME,2025,8,4422332,16677747,4422332
Malaysia,1,M2 TOTAL APPAREL IMPORTS (MFA),SME,2025,9,4078252,14492096,4078252
Malaysia,1,M2 TOTAL APPAREL IMPORTS (MFA),SME,2025,10,2629456,14984666,2629456
Malaysia,1,M2 TOTAL APPAREL IMPORTS (MFA),SME,2025,11,2064370,9719070,2064370
Malaysia,1,M2 TOTAL APPAREL IMPORTS (MFA),SME,2025,12,2274045,15380964,2274045
Maldive Islands,1,M2 TOTAL APPAREL IMPORTS (MFA),SME,2025,4,135,4342,135
Maldive Islands,1,M2 TOTAL APPAREL IMPORTS (MFA),SME,2025,10,1853,521,1853
Mali,1,M2 TOTAL APPAREL IMPORTS (MFA),SME,2025,1,1895,1200,1895
Mali,1,M2 TOTAL APPAREL IMPORTS (MFA),SME,2025,2,6140,2341,6140
Mali,1,M2 TOTAL APPAREL IMPORTS (MFA),SME,2025,3,3861,6382,3861
Mali,1,M2 TOTAL APPAREL IMPORTS (MFA),SME,2025,4,552,620,552
Mali,1,M2 TOTAL APPAREL IMPORTS (MFA),SME,2025,5,2047,2960,2047
Mali,1,M2 TOTAL APPAREL IMPORTS (MFA),SME,2025,6,2546,2742,2546
Mali,1,M2 TOTAL APPAREL IMPORTS (MFA),SME,2025,7,265,700,265
Mali,1,M2 TOTAL APPAREL IMPORTS (MFA),SME,2025,8,1773,1750,1773
Mali,1,M2 TOTAL APPAREL IMPORTS (MFA),SME,2025,11,5912,1870,5912
Mali,1,M2 TOTAL APPAREL IMPORTS (MFA),SME,2025,12,3750,2500,3750
Malta,1,M2 TOTAL APPAREL IMPORTS (MFA),SME,2025,1,20970,56666,20970
Malta,1,M2 TOTAL APPAREL IMPORTS (MFA),SME,2025,2,7858,58854,7858
Malta,1,M2 TOTAL APPAREL IMPORTS (MFA),SME,2025,3,1271,18484,1271
Malta,1,M2 TOTAL APPAREL IMPORTS (MFA),SME,2025,4,251,3954,251
Malta,1,M2 TOTAL APPAREL IMPORTS (MFA),SME,2025,5,759,9670,759
Malta,1,M2 TOTAL APPAREL IMPORTS (MFA),SME,2025,6,865,12797,865
Malta,1,M2 TOTAL APPAREL IMPORTS (MFA),SME,2025,7,569,7200,569
Malta,1,M2 TOTAL APPAREL IMPORTS (MFA),SME,2025,8,226,2039,226
Malta,1,M2 TOTAL APPAREL IMPORTS (MFA),SME,2025,9,206,4250,206
Malta,1,M2 TOTAL APPAREL IMPORTS (MFA),SME,2025,10,275,3255,275
Malta,1,M2 TOTAL APPAREL IMPORTS (MFA),SME,2025,11,766,8022,766
Malta,1,M2 TOTAL APPAREL IMPORTS (MFA),SME,2025,12,587,12754,587
Mauritania,1,M2 TOTAL APPAREL IMPORTS (MFA),SME,2025,1,431,21647,431
Mauritania,1,M2 TOTAL APPAREL IMPORTS (MFA),SME,2025,2,796,16303,796
Mauritania,1,M2 TOTAL APPAREL IMPORTS (MFA),SME,2025,3,2009,2630,2009
Mauritania,1,M2 TOTAL APPAREL IMPORTS (MFA),SME,2025,4,682,1512,682
Mauritania,1,M2 TOTAL APPAREL IMPORTS (MFA),SME,2025,5,2539,9166,2539
Mauritania,1,M2 TOTAL APPAREL IMPORTS (MFA),SME,2025,6,720,3348,720
Mauritania,1,M2 TOTAL APPAREL IMPORTS (MFA),SME,2025,7,379,890,379
Mauritania,1,M2 TOTAL APPAREL IMPORTS (MFA),SME,2025,8,379,350,379
Mauritania,1,M2 TOTAL APPAREL IMPORTS (MFA),SME,2025,9,796,660,796
Mauritania,1,M2 TOTAL APPAREL IMPORTS (MFA),SME,2025,10,455,387,455
Mauritania,1,M2 TOTAL APPAREL IMPORTS (MFA),SME,2025,11,1857,995,1857
Mauritania,1,M2 TOTAL APPAREL IMPORTS (MFA),SME,2025,12,834,677,834
Mauritius,1,M2 TOTAL APPAREL IMPORTS (MFA),SME,2025,1,143853,1525700,143853
Mauritius,1,M2 TOTAL APPAREL IMPORTS (MFA),SME,2025,2,238369,3254056,238369
Mauritius,1,M2 TOTAL APPAREL IMPORTS (MFA),SME,2025,3,236559,2701107,236559
Mauritius,1,M2 TOTAL APPAREL IMPORTS (MFA),SME,2025,4,214952,2812081,214952
Mauritius,1,M2 TOTAL APPAREL IMPORTS (MFA),SME,2025,5,208671,2426036,208671
Mauritius,1,M2 TOTAL APPAREL IMPORTS (MFA),SME,2025,6,214448,1828094,214448
Mauritius,1,M2 TOTAL APPAREL IMPORTS (MFA),SME,2025,7,221393,2420936,221393
Mauritius,1,M2 TOTAL APPAREL IMPORTS (MFA),SME,2025,8,373718,2557207,373718
Mauritius,1,M2 TOTAL APPAREL IMPORTS (MFA),SME,2025,9,554580,3207678,554580
Mauritius,1,M2 TOTAL APPAREL IMPORTS (MFA),SME,2025,10,1074792,4237613,1074792
Mauritius,1,M2 TOTAL APPAREL IMPORTS (MFA),SME,2025,11,134306,1406093,134306
Mauritius,1,M2 TOTAL APPAREL IMPORTS (MFA),SME,2025,12,334766,1456230,334766
Mexico,1,M2 TOTAL APPAREL IMPORTS (MFA),SME,2025,1,40732506,193020071,40732506
Mexico,1,M2 TOTAL APPAREL IMPORTS (MFA),SME,2025,2,47986984,215462637,47986984
Mexico,1,M2 TOTAL APPAREL IMPORTS (MFA),SME,2025,3,54915787,228216022,54915787
Mexico,1,M2 TOTAL APPAREL IMPORTS (MFA),SME,2025,4,56172485,209106024,56172485
Mexico,1,M2 TOTAL APPAREL IMPORTS (MFA),SME,2025,5,64870645,242598685,64870645
Mexico,1,M2 TOTAL APPAREL IMPORTS (MFA),SME,2025,6,60114061,226707596,60114061
Mexico,1,M2 TOTAL APPAREL IMPORTS (MFA),SME,2025,7,61291139,233724426,61291139
Mexico,1,M2 TOTAL APPAREL IMPORTS (MFA),SME,2025,8,48649975,217449483,48649975
Mexico,1,M2 TOTAL APPAREL IMPORTS (MFA),SME,2025,9,49016391,217042891,49016391
Mexico,1,M2 TOTAL APPAREL IMPORTS (MFA),SME,2025,10,48059451,217670764,48059451
Mexico,1,M2 TOTAL APPAREL IMPORTS (MFA),SME,2025,11,39571668,188306029,39571668
Mexico,1,M2 TOTAL APPAREL IMPORTS (MFA),SME,2025,12,41298969,202648391,41298969
Moldova,1,M2 TOTAL APPAREL IMPORTS (MFA),SME,2025,1,89982,1336415,89982
Moldova,1,M2 TOTAL APPAREL IMPORTS (MFA),SME,2025,2,75988,826476,75988
Moldova,1,M2 TOTAL APPAREL IMPORTS (MFA),SME,2025,3,59722,1282360,59722
Moldova,1,M2 TOTAL APPAREL IMPORTS (MFA),SME,2025,4,63460,1042083,63460
Moldova,1,M2 TOTAL APPAREL IMPORTS (MFA),SME,2025,5,114371,1594370,114371
Moldova,1,M2 TOTAL APPAREL IMPORTS (MFA),SME,2025,6,154643,1887573,154643
Moldova,1,M2 TOTAL APPAREL IMPORTS (MFA),SME,2025,7,155257,2027232,155257
Moldova,1,M2 TOTAL APPAREL IMPORTS (MFA),SME,2025,8,86998,1366843,86998
Moldova,1,M2 TOTAL APPAREL IMPORTS (MFA),SME,2025,9,78278,1407573,78278
Moldova,1,M2 TOTAL APPAREL IMPORTS (MFA),SME,2025,10,88450,1696817,88450
Moldova,1,M2 TOTAL APPAREL IMPORTS (MFA),SME,2025,11,73497,1471061,73497
Moldova,1,M2 TOTAL APPAREL IMPORTS (MFA),SME,2025,12,103114,1815187,103114
Mongolia,1,M2 TOTAL APPAREL IMPORTS (MFA),SME,2025,1,12154,332965,12154
Mongolia,1,M2 TOTAL APPAREL IMPORTS (MFA),SME,2025,2,6001,359552,6001
Mongolia,1,M2 TOTAL APPAREL IMPORTS (MFA),SME,2025,3,5326,184720,5326
Mongolia,1,M2 TOTAL APPAREL IMPORTS (MFA),SME,2025,4,3399,102391,3399
Mongolia,1,M2 TOTAL APPAREL IMPORTS (MFA),SME,2025,5,1707,89006,1707
Mongolia,1,M2 TOTAL APPAREL IMPORTS (MFA),SME,2025,6,5968,301042,5968
Mongolia,1,M2 TOTAL APPAREL IMPORTS (MFA),SME,2025,7,7331,178260,7331
Mongolia,1,M2 TOTAL APPAREL IMPORTS (MFA),SME,2025,8,26218,1001283,26218
Mongolia,1,M2 TOTAL APPAREL IMPORTS (MFA),SME,2025,9,7288,275579,7288
Mongolia,1,M2 TOTAL APPAREL IMPORTS (MFA),SME,2025,10,19478,863060,19478
Mongolia,1,M2 TOTAL APPAREL IMPORTS (MFA),SME,2025,11,19900,292309,19900
Mongolia,1,M2 TOTAL APPAREL IMPORTS (MFA),SME,2025,12,6343,209213,6343
Montenegro,1,M2 TOTAL APPAREL IMPORTS (MFA),SME,2025,7,227,3952,227
Montenegro,1,M2 TOTAL APPAREL IMPORTS (MFA),SME,2025,9,9,279,9
Montenegro,1,M2 TOTAL APPAREL IMPORTS (MFA),SME,2025,10,156,2970,156
Montenegro,1,M2 TOTAL APPAREL IMPORTS (MFA),SME,2025,12,58,3075,58
Morocco,1,M2 TOTAL APPAREL IMPORTS (MFA),SME,2025,1,1874820,14959997,1874820
Morocco,1,M2 TOTAL APPAREL IMPORTS (MFA),SME,2025,2,2395080,18064797,2395080
Morocco,1,M2 TOTAL APPAREL IMPORTS (MFA),SME,2025,3,2995833,22488821,2995833
Morocco,1,M2 TOTAL APPAREL IMPORTS (MFA),SME,2025,4,2686458,20069060,2686458
Morocco,1,M2 TOTAL APPAREL IMPORTS (MFA),SME,2025,5,3270508,23959756,3270508
Morocco,1,M2 TOTAL APPAREL IMPORTS (MFA),SME,2025,6,1906224,14108117,1906224
Morocco,1,M2 TOTAL APPAREL IMPORTS (MFA),SME,2025,7,2408622,19215356,2408622
Morocco,1,M2 TOTAL APPAREL IMPORTS (MFA),SME,2025,8,2479654,20396630,2479654
Morocco,1,M2 TOTAL APPAREL IMPORTS (MFA),SME,2025,9,1831123,14847199,1831123
Morocco,1,M2 TOTAL APPAREL IMPORTS (MFA),SME,2025,10,2520030,17462352,2520030
Morocco,1,M2 TOTAL APPAREL IMPORTS (MFA),SME,2025,11,2215048,17986166,2215048
Morocco,1,M2 TOTAL APPAREL IMPORTS (MFA),SME,2025,12,1762616,14589781,1762616
Mozambique,1,M2 TOTAL APPAREL IMPORTS (MFA),SME,2025,3,15,275,15
Mozambique,1,M2 TOTAL APPAREL IMPORTS (MFA),SME,2025,9,30,668,30
Mozambique,1,M2 TOTAL APPAREL IMPORTS (MFA),SME,2025,12,35,330,35
Namibia,1,M2 TOTAL APPAREL IMPORTS (MFA),SME,2025,2,717,26280,717
Namibia,1,M2 TOTAL APPAREL IMPORTS (MFA),SME,2025,4,97,2286,97
Namibia,1,M2 TOTAL APPAREL IMPORTS (MFA),SME,2025,7,69,1580,69
Namibia,1,M2 TOTAL APPAREL IMPORTS (MFA),SME,2025,8,207,1126,207
Namibia,1,M2 TOTAL APPAREL IMPORTS (MFA),SME,2025,9,3042,3285,3042
Namibia,1,M2 TOTAL APPAREL IMPORTS (MFA),SME,2025,10,302,1300,302
Namibia,1,M2 TOTAL APPAREL IMPORTS (MFA),SME,2025,11,257,4808,257
Namibia,1,M2 TOTAL APPAREL IMPORTS (MFA),SME,2025,12,141,1637,141
Nauru,1,M2 TOTAL APPAREL IMPORTS (MFA),SME,2025,2,79,10025,79
Nauru,1,M2 TOTAL APPAREL IMPORTS (MFA),SME,2025,11,38,535,38
Nepal,1,M2 TOTAL APPAREL IMPORTS (MFA),SME,2025,1,116399,616322,116399
Nepal,1,M2 TOTAL APPAREL IMPORTS (MFA),SME,2025,2,103348,465798,103348
Nepal,1,M2 TOTAL APPAREL IMPORTS (MFA),SME,2025,3,294813,785919,294813
Nepal,1,M2 TOTAL APPAREL IMPORTS (MFA),SME,2025,4,125135,411470,125135
Nepal,1,M2 TOTAL APPAREL IMPORTS (MFA),SME,2025,5,192730,631111,192730
Nepal,1,M2 TOTAL APPAREL IMPORTS (MFA),SME,2025,6,165398,667669,165398
Nepal,1,M2 TOTAL APPAREL IMPORTS (MFA),SME,2025,7,239512,1086204,239512
Nepal,1,M2 TOTAL APPAREL IMPORTS (MFA),SME,2025,8,269841,1526219,269841
Nepal,1,M2 TOTAL APPAREL IMPORTS (MFA),SME,2025,9,292146,1413591,292146
Nepal,1,M2 TOTAL APPAREL IMPORTS (MFA),SME,2025,10,283332,1274547,283332
Nepal,1,M2 TOTAL APPAREL IMPORTS (MFA),SME,2025,11,201812,1145338,201812
Nepal,1,M2 TOTAL APPAREL IMPORTS (MFA),SME,2025,12,264118,1385356,264118
Netherlands,1,M2 TOTAL APPAREL IMPORTS (MFA),SME,2025,1,60385,316603,60385
Netherlands,1,M2 TOTAL APPAREL IMPORTS (MFA),SME,2025,2,11070,139376,11070
Netherlands,1,M2 TOTAL APPAREL IMPORTS (MFA),SME,2025,3,11042,178753,11042
Netherlands,1,M2 TOTAL APPAREL IMPORTS (MFA),SME,2025,4,54226,439083,54226
Netherlands,1,M2 TOTAL APPAREL IMPORTS (MFA),SME,2025,5,44303,407806,44303
Netherlands,1,M2 TOTAL APPAREL IMPORTS (MFA),SME,2025,6,17528,353480,17528
Netherlands,1,M2 TOTAL APPAREL IMPORTS (MFA),SME,2025,7,32051,253197,32051
Netherlands,1,M2 TOTAL APPAREL IMPORTS (MFA),SME,2025,8,22244,230186,22244
Netherlands,1,M2 TOTAL APPAREL IMPORTS (MFA),SME,2025,9,55164,443099,55164
Netherlands,1,M2 TOTAL APPAREL IMPORTS (MFA),SME,2025,10,53684,390975,53684
Netherlands,1,M2 TOTAL APPAREL IMPORTS (MFA),SME,2025,11,28254,304382,28254
Netherlands,1,M2 TOTAL APPAREL IMPORTS (MFA),SME,2025,12,63903,437608,63903
New Caledonia,1,M2 TOTAL APPAREL IMPORTS (MFA),SME,2025,1,15,585,15
New Zealand,1,M2 TOTAL APPAREL IMPORTS (MFA),SME,2025,1,14365,133096,14365
New Zealand,1,M2 TOTAL APPAREL IMPORTS (MFA),SME,2025,2,8998,62036,8998
New Zealand,1,M2 TOTAL APPAREL IMPORTS (MFA),SME,2025,3,24032,211461,24032
New Zealand,1,M2 TOTAL APPAREL IMPORTS (MFA),SME,2025,4,9440,100715,9440
New Zealand,1,M2 TOTAL APPAREL IMPORTS (MFA),SME,2025,5,12149,179259,12149
New Zealand,1,M2 TOTAL APPAREL IMPORTS (MFA),SME,2025,6,11426,49311,11426
New Zealand,1,M2 TOTAL APPAREL IMPORTS (MFA),SME,2025,7,15427,199833,15427
New Zealand,1,M2 TOTAL APPAREL IMPORTS (MFA),SME,2025,8,16964,248187,16964
New Zealand,1,M2 TOTAL APPAREL IMPORTS (MFA),SME,2025,9,6274,76518,6274
New Zealand,1,M2 TOTAL APPAREL IMPORTS (MFA),SME,2025,10,5244,86904,5244
New Zealand,1,M2 TOTAL APPAREL IMPORTS (MFA),SME,2025,11,13100,236941,13100
New Zealand,1,M2 TOTAL APPAREL IMPORTS (MFA),SME,2025,12,12137,101507,12137
Nicaragua,1,M2 TOTAL APPAREL IMPORTS (MFA),SME,2025,1,46576295,145610395,46576295
Nicaragua,1,M2 TOTAL APPAREL IMPORTS (MFA),SME,2025,2,39440119,124599680,39440119
Nicaragua,1,M2 TOTAL APPAREL IMPORTS (MFA),SME,2025,3,58414554,179927943,58414554
Nicaragua,1,M2 TOTAL APPAREL IMPORTS (MFA),SME,2025,4,45266108,151718038,45266108
Nicaragua,1,M2 TOTAL APPAREL IMPORTS (MFA),SME,2025,5,46109541,154220669,46109541
Nicaragua,1,M2 TOTAL APPAREL IMPORTS (MFA),SME,2025,6,54934463,169461541,54934463
Nicaragua,1,M2 TOTAL APPAREL IMPORTS (MFA),SME,2025,7,56216805,178724103,56216805
Nicaragua,1,M2 TOTAL APPAREL IMPORTS (MFA),SME,2025,8,55556124,180152304,55556124
Nicaragua,1,M2 TOTAL APPAREL IMPORTS (MFA),SME,2025,9,52942501,181089952,52942501
Nicaragua,1,M2 TOTAL APPAREL IMPORTS (MFA),SME,2025,10,53631101,159409646,53631101
Nicaragua,1,M2 TOTAL APPAREL IMPORTS (MFA),SME,2025,11,43835475,136009361,43835475
Nicaragua,1,M2 TOTAL APPAREL IMPORTS (MFA),SME,2025,12,44048499,141771970,44048499
Niger,1,M2 TOTAL APPAREL IMPORTS (MFA),SME,2025,9,12,328,12
Niger,1,M2 TOTAL APPAREL IMPORTS (MFA),SME,2025,10,112,4015,112
Niger,1,M2 TOTAL APPAREL IMPORTS (MFA),SME,2025,11,189,6136,189
Niger,1,M2 TOTAL APPAREL IMPORTS (MFA),SME,2025,12,115,4133,115
Nigeria,1,M2 TOTAL APPAREL IMPORTS (MFA),SME,2025,1,11762,32276,11762
Nigeria,1,M2 TOTAL APPAREL IMPORTS (MFA),SME,2025,2,13864,47723,13864
Nigeria,1,M2 TOTAL APPAREL IMPORTS (MFA),SME,2025,3,37708,77507,37708
Nigeria,1,M2 TOTAL APPAREL IMPORTS (MFA),SME,2025,4,11755,48386,11755
Nigeria,1,M2 TOTAL APPAREL IMPORTS (MFA),SME,2025,5,20290,58189,20290
Nigeria,1,M2 TOTAL APPAREL IMPORTS (MFA),SME,2025,6,56736,147780,56736
Nigeria,1,M2 TOTAL APPAREL IMPORTS (MFA),SME,2025,7,41081,71286,41081
Nigeria,1,M2 TOTAL APPAREL IMPORTS (MFA),SME,2025,8,38007,111034,38007
Nigeria,1,M2 TOTAL APPAREL IMPORTS (MFA),SME,2025,9,46336,110386,46336
Nigeria,1,M2 TOTAL APPAREL IMPORTS (MFA),SME,2025,10,27143,66390,27143
Nigeria,1,M2 TOTAL APPAREL IMPORTS (MFA),SME,2025,11,34217,91154,34217
Nigeria,1,M2 TOTAL APPAREL IMPORTS (MFA),SME,2025,12,44390,98664,44390
North Macedonia,1,M2 TOTAL APPAREL IMPORTS (MFA),SME,2025,1,15114,237872,15114
North Macedonia,1,M2 TOTAL APPAREL IMPORTS (MFA),SME,2025,2,25045,396916,25045
North Macedonia,1,M2 TOTAL APPAREL IMPORTS (MFA),SME,2025,3,10023,278066,10023
North Macedonia,1,M2 TOTAL APPAREL IMPORTS (MFA),SME,2025,4,13340,256266,13340
North Macedonia,1,M2 TOTAL APPAREL IMPORTS (MFA),SME,2025,5,12879,268682,12879
North Macedonia,1,M2 TOTAL APPAREL IMPORTS (MFA),SME,2025,6,8920,188104,8920
North Macedonia,1,M2 TOTAL APPAREL IMPORTS (MFA),SME,2025,7,16872,385424,16872
North Macedonia,1,M2 TOTAL APPAREL IMPORTS (MFA),SME,2025,8,20538,205993,20538
North Macedonia,1,M2 TOTAL APPAREL IMPORTS (MFA),SME,2025,9,17505,300204,17505
North Macedonia,1,M2 TOTAL APPAREL IMPORTS (MFA),SME,2025,10,10612,318830,10612
North Macedonia,1,M2 TOTAL APPAREL IMPORTS (MFA),SME,2025,11,3593,109305,3593
North Macedonia,1,M2 TOTAL APPAREL IMPORTS (MFA),SME,2025,12,5013,146689,5013
Norway,1,M2 TOTAL APPAREL IMPORTS (MFA),SME,2025,1,3439,80564,3439
Norway,1,M2 TOTAL APPAREL IMPORTS (MFA),SME,2025,2,4173,49361,4173
Norway,1,M2 TOTAL APPAREL IMPORTS (MFA),SME,2025,3,4473,129124,4473
Norway,1,M2 TOTAL APPAREL IMPORTS (MFA),SME,2025,4,7936,80354,7936
Norway,1,M2 TOTAL APPAREL IMPORTS (MFA),SME,2025,5,5069,93049,5069
Norway,1,M2 TOTAL APPAREL IMPORTS (MFA),SME,2025,6,5370,106512,5370
Norway,1,M2 TOTAL APPAREL IMPORTS (MFA),SME,2025,7,9321,192099,9321
Norway,1,M2 TOTAL APPAREL IMPORTS (MFA),SME,2025,8,5353,156775,5353
Norway,1,M2 TOTAL APPAREL IMPORTS (MFA),SME,2025,9,6844,246199,6844
Norway,1,M2 TOTAL APPAREL IMPORTS (MFA),SME,2025,10,8509,276975,8509
Norway,1,M2 TOTAL APPAREL IMPORTS (MFA),SME,2025,11,5736,230539,5736
Norway,1,M2 TOTAL APPAREL IMPORTS (MFA),SME,2025,12,13194,364466,13194
Oman,1,M2 TOTAL APPAREL IMPORTS (MFA),SME,2025,2,1109,1980,1109
Oman,1,M2 TOTAL APPAREL IMPORTS (MFA),SME,2025,6,119,1285,119
Oman,1,M2 TOTAL APPAREL IMPORTS (MFA),SME,2025,10,382,17253,382
Pakistan,1,M2 TOTAL APPAREL IMPORTS (MFA),SME,2025,1,63109395,179569385,63109395
Pakistan,1,M2 TOTAL APPAREL IMPORTS (MFA),SME,2025,2,63581985,178317109,63581985
Pakistan,1,M2 TOTAL APPAREL IMPORTS (MFA),SME,2025,3,70259632,190810742,70259632
Pakistan,1,M2 TOTAL APPAREL IMPORTS (MFA),SME,2025,4,76154542,200967432,76154542
Pakistan,1,M2 TOTAL APPAREL IMPORTS (MFA),SME,2025,5,69377866,201788848,69377866
Pakistan,1,M2 TOTAL APPAREL IMPORTS (MFA),SME,2025,6,49529617,154098921,49529617
Pakistan,1,M2 TOTAL APPAREL IMPORTS (MFA),SME,2025,7,77393344,238652323,77393344
Pakistan,1,M2 TOTAL APPAREL IMPORTS (MFA),SME,2025,8,75779654,227487451,75779654
Pakistan,1,M2 TOTAL APPAREL IMPORTS (MFA),SME,2025,9,87659394,234164528,87659394
Pakistan,1,M2 TOTAL APPAREL IMPORTS (MFA),SME,2025,10,75853581,215723292,75853581
Pakistan,1,M2 TOTAL APPAREL IMPORTS (MFA),SME,2025,11,68294770,190193398,68294770
Pakistan,1,M2 TOTAL APPAREL IMPORTS (MFA),SME,2025,12,63889087,186377203,63889087
Panama,1,M2 TOTAL APPAREL IMPORTS (MFA),SME,2025,1,1921,12979,1921
Panama,1,M2 TOTAL APPAREL IMPORTS (MFA),SME,2025,2,38278,35588,38278
Panama,1,M2 TOTAL APPAREL IMPORTS (MFA),SME,2025,3,1522,11796,1522
Panama,1,M2 TOTAL APPAREL IMPORTS (MFA),SME,2025,4,36516,374427,36516
Panama,1,M2 TOTAL APPAREL IMPORTS (MFA),SME,2025,5,49002,133665,49002
Panama,1,M2 TOTAL APPAREL IMPORTS (MFA),SME,2025,6,1270,12384,1270
Panama,1,M2 TOTAL APPAREL IMPORTS (MFA),SME,2025,7,2309,31417,2309
Panama,1,M2 TOTAL APPAREL IMPORTS (MFA),SME,2025,8,3836,96016,3836
Panama,1,M2 TOTAL APPAREL IMPORTS (MFA),SME,2025,9,8867,53056,8867
Panama,1,M2 TOTAL APPAREL IMPORTS (MFA),SME,2025,10,40,1170,40
Panama,1,M2 TOTAL APPAREL IMPORTS (MFA),SME,2025,11,14607,67663,14607
Panama,1,M2 TOTAL APPAREL IMPORTS (MFA),SME,2025,12,249371,786045,249371
Papua New Guinea,1,M2 TOTAL APPAREL IMPORTS (MFA),SME,2025,2,830,11806,830
Papua New Guinea,1,M2 TOTAL APPAREL IMPORTS (MFA),SME,2025,4,73,2065,73
Papua New Guinea,1,M2 TOTAL APPAREL IMPORTS (MFA),SME,2025,5,298,7180,298
Papua New Guinea,1,M2 TOTAL APPAREL IMPORTS (MFA),SME,2025,6,98,2357,98
Papua New Guinea,1,M2 TOTAL APPAREL IMPORTS (MFA),SME,2025,7,131,2971,131
Papua New Guinea,1,M2 TOTAL APPAREL IMPORTS (MFA),SME,2025,9,15,495,15
Papua New Guinea,1,M2 TOTAL APPAREL IMPORTS (MFA),SME,2025,12,12,790,12
Paraguay,1,M2 TOTAL APPAREL IMPORTS (MFA),SME,2025,1,32495,575828,32495
Paraguay,1,M2 TOTAL APPAREL IMPORTS (MFA),SME,2025,2,29472,478469,29472
Paraguay,1,M2 TOTAL APPAREL IMPORTS (MFA),SME,2025,3,15588,292180,15588
Paraguay,1,M2 TOTAL APPAREL IMPORTS (MFA),SME,2025,4,79072,1372691,79072
Paraguay,1,M2 TOTAL APPAREL IMPORTS (MFA),SME,2025,5,1346,40717,1346
Paraguay,1,M2 TOTAL APPAREL IMPORTS (MFA),SME,2025,6,63132,1091570,63132
Paraguay,1,M2 TOTAL APPAREL IMPORTS (MFA),SME,2025,7,53806,914957,53806
Paraguay,1,M2 TOTAL APPAREL IMPORTS (MFA),SME,2025,8,54801,929442,54801
Paraguay,1,M2 TOTAL APPAREL IMPORTS (MFA),SME,2025,9,4525,84344,4525
Paraguay,1,M2 TOTAL APPAREL IMPORTS (MFA),SME,2025,10,10772,188737,10772
Paraguay,1,M2 TOTAL APPAREL IMPORTS (MFA),SME,2025,11,25126,387759,25126
Paraguay,1,M2 TOTAL APPAREL IMPORTS (MFA),SME,2025,12,32318,442665,32318
Peru,1,M2 TOTAL APPAREL IMPORTS (MFA),SME,2025,1,8118535,85487204,8118535
Peru,1,M2 TOTAL APPAREL IMPORTS (MFA),SME,2025,2,6882504,73889545,6882504
Peru,1,M2 TOTAL APPAREL IMPORTS (MFA),SME,2025,3,8397598,72747864,8397598
Peru,1,M2 TOTAL APPAREL IMPORTS (MFA),SME,2025,4,7898736,65474204,7898736
Peru,1,M2 TOTAL APPAREL IMPORTS (MFA),SME,2025,5,8457209,64706205,8457209
Peru,1,M2 TOTAL APPAREL IMPORTS (MFA),SME,2025,6,7107181,67896169,7107181
Peru,1,M2 TOTAL APPAREL IMPORTS (MFA),SME,2025,7,7616456,82650861,7616456
Peru,1,M2 TOTAL APPAREL IMPORTS (MFA),SME,2025,8,7009170,64071427,7009170
Peru,1,M2 TOTAL APPAREL IMPORTS (MFA),SME,2025,9,5444354,58896073,5444354
Peru,1,M2 TOTAL APPAREL IMPORTS (MFA),SME,2025,10,5531141,62517209,5531141
Peru,1,M2 TOTAL APPAREL IMPORTS (MFA),SME,2025,11,4428707,49759963,4428707
Peru,1,M2 TOTAL APPAREL IMPORTS (MFA),SME,2025,12,6766012,66553485,6766012
Philippines,1,M2 TOTAL APPAREL IMPORTS (MFA),SME,2025,1,10738540,37207602,10738540
Philippines,1,M2 TOTAL APPAREL IMPORTS (MFA),SME,2025,2,11060264,34551859,11060264
Philippines,1,M2 TOTAL APPAREL IMPORTS (MFA),SME,2025,3,12032276,42217616,12032276
Philippines,1,M2 TOTAL APPAREL IMPORTS (MFA),SME,2025,4,8394091,36142173,8394091
Philippines,1,M2 TOTAL APPAREL IMPORTS (MFA),SME,2025,5,10696993,32668707,10696993
Philippines,1,M2 TOTAL APPAREL IMPORTS (MFA),SME,2025,6,7941054,29376942,7941054
Philippines,1,M2 TOTAL APPAREL IMPORTS (MFA),SME,2025,7,7538089,38339229,7538089
Philippines,1,M2 TOTAL APPAREL IMPORTS (MFA),SME,2025,8,9815470,39607085,9815470
Philippines,1,M2 TOTAL APPAREL IMPORTS (MFA),SME,2025,9,11069384,48357247,11069384
Philippines,1,M2 TOTAL APPAREL IMPORTS (MFA),SME,2025,10,8680736,40459112,8680736
Philippines,1,M2 TOTAL APPAREL IMPORTS (MFA),SME,2025,11,7347476,33826720,7347476
Philippines,1,M2 TOTAL APPAREL IMPORTS (MFA),SME,2025,12,7261210,32927866,7261210
Poland,1,M2 TOTAL APPAREL IMPORTS (MFA),SME,2025,1,119627,2965139,119627
Poland,1,M2 TOTAL APPAREL IMPORTS (MFA),SME,2025,2,182469,4486747,182469
Poland,1,M2 TOTAL APPAREL IMPORTS (MFA),SME,2025,3,212302,4911282,212302
Poland,1,M2 TOTAL APPAREL IMPORTS (MFA),SME,2025,4,202651,3085048,202651
Poland,1,M2 TOTAL APPAREL IMPORTS (MFA),SME,2025,5,184895,2952309,184895
Poland,1,M2 TOTAL APPAREL IMPORTS (MFA),SME,2025,6,158100,2754168,158100
Poland,1,M2 TOTAL APPAREL IMPORTS (MFA),SME,2025,7,230992,4144856,230992
Poland,1,M2 TOTAL APPAREL IMPORTS (MFA),SME,2025,8,174268,3791904,174268
Poland,1,M2 TOTAL APPAREL IMPORTS (MFA),SME,2025,9,211889,4789359,211889
Poland,1,M2 TOTAL APPAREL IMPORTS (MFA),SME,2025,10,238791,4970822,238791
Poland,1,M2 TOTAL APPAREL IMPORTS (MFA),SME,2025,11,207419,4253072,207419
Poland,1,M2 TOTAL APPAREL IMPORTS (MFA),SME,2025,12,177729,3525365,177729
Portugal,1,M2 TOTAL APPAREL IMPORTS (MFA),SME,2025,1,1275030,28814039,1275030
Portugal,1,M2 TOTAL APPAREL IMPORTS (MFA),SME,2025,2,1722495,31675857,1722495
Portugal,1,M2 TOTAL APPAREL IMPORTS (MFA),SME,2025,3,1788155,34254649,1788155
Portugal,1,M2 TOTAL APPAREL IMPORTS (MFA),SME,2025,4,1627101,29916136,1627101
Portugal,1,M2 TOTAL APPAREL IMPORTS (MFA),SME,2025,5,1567979,29612076,1567979
Portugal,1,M2 TOTAL APPAREL IMPORTS (MFA),SME,2025,6,1572693,30197732,1572693
Portugal,1,M2 TOTAL APPAREL IMPORTS (MFA),SME,2025,7,1718877,35479212,1718877
Portugal,1,M2 TOTAL APPAREL IMPORTS (MFA),SME,2025,8,1830178,36909713,1830178
Portugal,1,M2 TOTAL APPAREL IMPORTS (MFA),SME,2025,9,1469804,27258497,1469804
Portugal,1,M2 TOTAL APPAREL IMPORTS (MFA),SME,2025,10,2071753,33976726,2071753
Portugal,1,M2 TOTAL APPAREL IMPORTS (MFA),SME,2025,11,1874066,31558774,1874066
Portugal,1,M2 TOTAL APPAREL IMPORTS (MFA),SME,2025,12,2055603,30929055,2055603
Qatar,1,M2 TOTAL APPAREL IMPORTS (MFA),SME,2025,1,11258,79751,11258
Qatar,1,M2 TOTAL APPAREL IMPORTS (MFA),SME,2025,3,1457,22339,1457
Qatar,1,M2 TOTAL APPAREL IMPORTS (MFA),SME,2025,4,505,3156,505
Qatar,1,M2 TOTAL APPAREL IMPORTS (MFA),SME,2025,5,276,4775,276
Qatar,1,M2 TOTAL APPAREL IMPORTS (MFA),SME,2025,6,38,1521,38
Qatar,1,M2 TOTAL APPAREL IMPORTS (MFA),SME,2025,7,6,1320,6
Qatar,1,M2 TOTAL APPAREL IMPORTS (MFA),SME,2025,8,38,895,38
Qatar,1,M2 TOTAL APPAREL IMPORTS (MFA),SME,2025,9,346,4057,346
Qatar,1,M2 TOTAL APPAREL IMPORTS (MFA),SME,2025,10,108,1272,108
Qatar,1,M2 TOTAL APPAREL IMPORTS (MFA),SME,2025,11,126,4224,126
Qatar,1,M2 TOTAL APPAREL IMPORTS (MFA),SME,2025,12,192,8743,192
Romania,1,M2 TOTAL APPAREL IMPORTS (MFA),SME,2025,1,507654,11423400,507654
Romania,1,M2 TOTAL APPAREL IMPORTS (MFA),SME,2025,2,549140,12287210,549140
Romania,1,M2 TOTAL APPAREL IMPORTS (MFA),SME,2025,3,610689,14103724,610689
Romania,1,M2 TOTAL APPAREL IMPORTS (MFA),SME,2025,4,455508,9719343,455508
Romania,1,M2 TOTAL APPAREL IMPORTS (MFA),SME,2025,5,647876,13384258,647876
Romania,1,M2 TOTAL APPAREL IMPORTS (MFA),SME,2025,6,590573,14704067,590573
Romania,1,M2 TOTAL APPAREL IMPORTS (MFA),SME,2025,7,999008,22315092,999008
Romania,1,M2 TOTAL APPAREL IMPORTS (MFA),SME,2025,8,863378,19665239,863378
Romania,1,M2 TOTAL APPAREL IMPORTS (MFA),SME,2025,9,820628,21892645,820628
Romania,1,M2 TOTAL APPAREL IMPORTS (MFA),SME,2025,10,925037,24203691,925037
Romania,1,M2 TOTAL APPAREL IMPORTS (MFA),SME,2025,11,757770,22381309,757770
Romania,1,M2 TOTAL APPAREL IMPORTS (MFA),SME,2025,12,684844,21266888,684844
Russia,1,M2 TOTAL APPAREL IMPORTS (MFA),SME,2025,1,4853,8892,4853
Russia,1,M2 TOTAL APPAREL IMPORTS (MFA),SME,2025,2,17359,33826,17359
Russia,1,M2 TOTAL APPAREL IMPORTS (MFA),SME,2025,3,20071,45481,20071
Russia,1,M2 TOTAL APPAREL IMPORTS (MFA),SME,2025,4,12873,29210,12873
Russia,1,M2 TOTAL APPAREL IMPORTS (MFA),SME,2025,5,10840,29815,10840
Russia,1,M2 TOTAL APPAREL IMPORTS (MFA),SME,2025,6,19293,44556,19293
Russia,1,M2 TOTAL APPAREL IMPORTS (MFA),SME,2025,7,18879,38267,18879
Russia,1,M2 TOTAL APPAREL IMPORTS (MFA),SME,2025,8,13739,45282,13739
Russia,1,M2 TOTAL APPAREL IMPORTS (MFA),SME,2025,9,8856,24381,8856
Russia,1,M2 TOTAL APPAREL IMPORTS (MFA),SME,2025,10,33545,88501,33545
Russia,1,M2 TOTAL APPAREL IMPORTS (MFA),SME,2025,11,1155,9529,1155
Russia,1,M2 TOTAL APPAREL IMPORTS (MFA),SME,2025,12,14115,33760,14115
Rwanda,1,M2 TOTAL APPAREL IMPORTS (MFA),SME,2025,3,15,336,15
Rwanda,1,M2 TOTAL APPAREL IMPORTS (MFA),SME,2025,9,22494,169155,22494
Saudi Arabia,1,M2 TOTAL APPAREL IMPORTS (MFA),SME,2025,1,7827,5491,7827
Saudi Arabia,1,M2 TOTAL APPAREL IMPORTS (MFA),SME,2025,2,6681,10658,6681
Saudi Arabia,1,M2 TOTAL APPAREL IMPORTS (MFA),SME,2025,3,38171,31345,38171
Saudi Arabia,1,M2 TOTAL APPAREL IMPORTS (MFA),SME,2025,4,20501,21511,20501
Saudi Arabia,1,M2 TOTAL APPAREL IMPORTS (MFA),SME,2025,5,261,3919,261
Saudi Arabia,1,M2 TOTAL APPAREL IMPORTS (MFA),SME,2025,6,56832,5221,56832
Saudi Arabia,1,M2 TOTAL APPAREL IMPORTS (MFA),SME,2025,7,9149,14743,9149
Saudi Arabia,1,M2 TOTAL APPAREL IMPORTS (MFA),SME,2025,8,232,5201,232
Saudi Arabia,1,M2 TOTAL APPAREL IMPORTS (MFA),SME,2025,9,25356,34741,25356
Saudi Arabia,1,M2 TOTAL APPAREL IMPORTS (MFA),SME,2025,10,14566,17208,14566
Saudi Arabia,1,M2 TOTAL APPAREL IMPORTS (MFA),SME,2025,11,23396,194106,23396
Saudi Arabia,1,M2 TOTAL APPAREL IMPORTS (MFA),SME,2025,12,3109,19145,3109
Senegal,1,M2 TOTAL APPAREL IMPORTS (MFA),SME,2025,1,90027,201936,90027
Senegal,1,M2 TOTAL APPAREL IMPORTS (MFA),SME,2025,2,29444,107242,29444
Senegal,1,M2 TOTAL APPAREL IMPORTS (MFA),SME,2025,3,73353,121927,73353
Senegal,1,M2 TOTAL APPAREL IMPORTS (MFA),SME,2025,4,49210,128975,49210
Senegal,1,M2 TOTAL APPAREL IMPORTS (MFA),SME,2025,5,67504,70887,67504
Senegal,1,M2 TOTAL APPAREL IMPORTS (MFA),SME,2025,6,171631,285263,171631
Senegal,1,M2 TOTAL APPAREL IMPORTS (MFA),SME,2025,7,20436,43126,20436
Senegal,1,M2 TOTAL APPAREL IMPORTS (MFA),SME,2025,8,22904,35295,22904
Senegal,1,M2 TOTAL APPAREL IMPORTS (MFA),SME,2025,9,10588,25004,10588
Senegal,1,M2 TOTAL APPAREL IMPORTS (MFA),SME,2025,10,18437,38939,18437
Senegal,1,M2 TOTAL APPAREL IMPORTS (MFA),SME,2025,11,19149,23637,19149
Senegal,1,M2 TOTAL APPAREL IMPORTS (MFA),SME,2025,12,91629,151086,91629
Serbia,1,M2 TOTAL APPAREL IMPORTS (MFA),SME,2025,1,117095,635852,117095
Serbia,1,M2 TOTAL APPAREL IMPORTS (MFA),SME,2025,2,62544,843929,62544
Serbia,1,M2 TOTAL APPAREL IMPORTS (MFA),SME,2025,3,88426,613693,88426
Serbia,1,M2 TOTAL APPAREL IMPORTS (MFA),SME,2025,4,84522,688951,84522
Serbia,1,M2 TOTAL APPAREL IMPORTS (MFA),SME,2025,5,99703,833513,99703
Serbia,1,M2 TOTAL APPAREL IMPORTS (MFA),SME,2025,6,220546,813350,220546
Serbia,1,M2 TOTAL APPAREL IMPORTS (MFA),SME,2025,7,227669,824867,227669
Serbia,1,M2 TOTAL APPAREL IMPORTS (MFA),SME,2025,8,235102,914762,235102
Serbia,1,M2 TOTAL APPAREL IMPORTS (MFA),SME,2025,9,88528,583043,88528
Serbia,1,M2 TOTAL APPAREL IMPORTS (MFA),SME,2025,10,218389,714040,218389
Serbia,1,M2 TOTAL APPAREL IMPORTS (MFA),SME,2025,11,109990,824952,109990
Serbia,1,M2 TOTAL APPAREL IMPORTS (MFA),SME,2025,12,201746,724489,201746
Seychelles,1,M2 TOTAL APPAREL IMPORTS (MFA),SME,2025,3,29,1331,29
Seychelles,1,M2 TOTAL APPAREL IMPORTS (MFA),SME,2025,9,98,7430,98
Seychelles,1,M2 TOTAL APPAREL IMPORTS (MFA),SME,2025,10,31380,45428,31380
Seychelles,1,M2 TOTAL APPAREL IMPORTS (MFA),SME,2025,11,4,257,4
Sierra Leone,1,M2 TOTAL APPAREL IMPORTS (MFA),SME,2025,1,105,5891,105
Sierra Leone,1,M2 TOTAL APPAREL IMPORTS (MFA),SME,2025,2,272,5177,272
Sierra Leone,1,M2 TOTAL APPAREL IMPORTS (MFA),SME,2025,3,121,1465,121
Sierra Leone,1,M2 TOTAL APPAREL IMPORTS (MFA),SME,2025,5,58,2167,58
Sierra Leone,1,M2 TOTAL APPAREL IMPORTS (MFA),SME,2025,6,132,4619,132
Sierra Leone,1,M2 TOTAL APPAREL IMPORTS (MFA),SME,2025,7,15,340,15
Sierra Leone,1,M2 TOTAL APPAREL IMPORTS (MFA),SME,2025,8,506,19475,506
Sierra Leone,1,M2 TOTAL APPAREL IMPORTS (MFA),SME,2025,9,366,4690,366
Sierra Leone,1,M2 TOTAL APPAREL IMPORTS (MFA),SME,2025,10,1218,7145,1218
Sierra Leone,1,M2 TOTAL APPAREL IMPORTS (MFA),SME,2025,11,289,2533,289
Sierra Leone,1,M2 TOTAL APPAREL IMPORTS (MFA),SME,2025,12,1675,8122,1675
Singapore,1,M2 TOTAL APPAREL IMPORTS (MFA),SME,2025,1,33956,229643,33956
Singapore,1,M2 TOTAL APPAREL IMPORTS (MFA),SME,2025,2,19374,149922,19374
Singapore,1,M2 TOTAL APPAREL IMPORTS (MFA),SME,2025,3,23205,227581,23205
Singapore,1,M2 TOTAL APPAREL IMPORTS (MFA),SME,2025,4,46398,405310,46398
Singapore,1,M2 TOTAL APPAREL IMPORTS (MFA),SME,2025,5,34369,67341,34369
Singapore,1,M2 TOTAL APPAREL IMPORTS (MFA),SME,2025,6,21203,124474,21203
Singapore,1,M2 TOTAL APPAREL IMPORTS (MFA),SME,2025,7,84758,702545,84758
Singapore,1,M2 TOTAL APPAREL IMPORTS (MFA),SME,2025,8,43017,368899,43017
Singapore,1,M2 TOTAL APPAREL IMPORTS (MFA),SME,2025,9,9194,25880,9194
Singapore,1,M2 TOTAL APPAREL IMPORTS (MFA),SME,2025,10,45789,489213,45789
Singapore,1,M2 TOTAL APPAREL IMPORTS (MFA),SME,2025,11,15479,88637,15479
Singapore,1,M2 TOTAL APPAREL IMPORTS (MFA),SME,2025,12,207467,123364,207467
Sint Maarten,1,M2 TOTAL APPAREL IMPORTS (MFA),SME,2025,5,72,676,72
Sint Maarten,1,M2 TOTAL APPAREL IMPORTS (MFA),SME,2025,11,13,495,13
Slovakia,1,M2 TOTAL APPAREL IMPORTS (MFA),SME,2025,1,35217,718505,35217
Slovakia,1,M2 TOTAL APPAREL IMPORTS (MFA),SME,2025,2,36274,1011606,36274
Slovakia,1,M2 TOTAL APPAREL IMPORTS (MFA),SME,2025,3,84292,1249277,84292
Slovakia,1,M2 TOTAL APPAREL IMPORTS (MFA),SME,2025,4,68162,1402663,68162
Slovakia,1,M2 TOTAL APPAREL IMPORTS (MFA),SME,2025,5,67206,954623,67206
Slovakia,1,M2 TOTAL APPAREL IMPORTS (MFA),SME,2025,6,70560,1164108,70560
Slovakia,1,M2 TOTAL APPAREL IMPORTS (MFA),SME,2025,7,63111,1086624,63111
Slovakia,1,M2 TOTAL APPAREL IMPORTS (MFA),SME,2025,8,28359,737470,28359
Slovakia,1,M2 TOTAL APPAREL IMPORTS (MFA),SME,2025,9,54762,1079330,54762
Slovakia,1,M2 TOTAL APPAREL IMPORTS (MFA),SME,2025,10,72519,1475906,72519
Slovakia,1,M2 TOTAL APPAREL IMPORTS (MFA),SME,2025,11,92835,1583964,92835
Slovakia,1,M2 TOTAL APPAREL IMPORTS (MFA),SME,2025,12,58967,1013675,58967
Slovenia,1,M2 TOTAL APPAREL IMPORTS (MFA),SME,2025,1,87687,491693,87687
Slovenia,1,M2 TOTAL APPAREL IMPORTS (MFA),SME,2025,2,23882,419722,23882
Slovenia,1,M2 TOTAL APPAREL IMPORTS (MFA),SME,2025,3,29084,401995,29084
Slovenia,1,M2 TOTAL APPAREL IMPORTS (MFA),SME,2025,4,31847,337836,31847
Slovenia,1,M2 TOTAL APPAREL IMPORTS (MFA),SME,2025,5,45422,387813,45422
Slovenia,1,M2 TOTAL APPAREL IMPORTS (MFA),SME,2025,6,38537,423629,38537
Slovenia,1,M2 TOTAL APPAREL IMPORTS (MFA),SME,2025,7,67704,393796,67704
Slovenia,1,M2 TOTAL APPAREL IMPORTS (MFA),SME,2025,8,30901,416107,30901
Slovenia,1,M2 TOTAL APPAREL IMPORTS (MFA),SME,2025,9,81092,399975,81092
Slovenia,1,M2 TOTAL APPAREL IMPORTS (MFA),SME,2025,10,30413,417183,30413
Slovenia,1,M2 TOTAL APPAREL IMPORTS (MFA),SME,2025,11,39946,487215,39946
Slovenia,1,M2 TOTAL APPAREL IMPORTS (MFA),SME,2025,12,37191,610304,37191
South Africa,1,M2 TOTAL APPAREL IMPORTS (MFA),SME,2025,1,100219,991898,100219
South Africa,1,M2 TOTAL APPAREL IMPORTS (MFA),SME,2025,2,9837,198429,9837
South Africa,1,M2 TOTAL APPAREL IMPORTS (MFA),SME,2025,3,52058,415730,52058
South Africa,1,M2 TOTAL APPAREL IMPORTS (MFA),SME,2025,4,110207,1060806,110207
South Africa,1,M2 TOTAL APPAREL IMPORTS (MFA),SME,2025,5,196707,1141419,196707
South Africa,1,M2 TOTAL APPAREL IMPORTS (MFA),SME,2025,6,83189,656513,83189
South Africa,1,M2 TOTAL APPAREL IMPORTS (MFA),SME,2025,7,123969,841705,123969
South Africa,1,M2 TOTAL APPAREL IMPORTS (MFA),SME,2025,8,38520,337087,38520
South Africa,1,M2 TOTAL APPAREL IMPORTS (MFA),SME,2025,9,211324,1238384,211324
South Africa,1,M2 TOTAL APPAREL IMPORTS (MFA),SME,2025,10,44956,365028,44956
South Africa,1,M2 TOTAL APPAREL IMPORTS (MFA),SME,2025,11,36864,97116,36864
South Africa,1,M2 TOTAL APPAREL IMPORTS (MFA),SME,2025,12,104502,883133,104502
South Korea,1,M2 TOTAL APPAREL IMPORTS (MFA),SME,2025,1,2656121,16482885,2656121
South Korea,1,M2 TOTAL APPAREL IMPORTS (MFA),SME,2025,2,1742976,12538854,1742976
South Korea,1,M2 TOTAL APPAREL IMPORTS (MFA),SME,2025,3,1919143,13799135,1919143
South Korea,1,M2 TOTAL APPAREL IMPORTS (MFA),SME,2025,4,2289081,12149872,2289081
South Korea,1,M2 TOTAL APPAREL IMPORTS (MFA),SME,2025,5,2216697,11628297,2216697
South Korea,1,M2 TOTAL APPAREL IMPORTS (MFA),SME,2025,6,2694869,12666329,2694869
South Korea,1,M2 TOTAL APPAREL IMPORTS (MFA),SME,2025,7,2846738,14314617,2846738
South Korea,1,M2 TOTAL APPAREL IMPORTS (MFA),SME,2025,8,4699385,16206774,4699385
South Korea,1,M2 TOTAL APPAREL IMPORTS (MFA),SME,2025,9,3950505,18481576,3950505
South Korea,1,M2 TOTAL APPAREL IMPORTS (MFA),SME,2025,10,3120107,14204994,3120107
South Korea,1,M2 TOTAL APPAREL IMPORTS (MFA),SME,2025,11,3318886,12201613,3318886
South Korea,1,M2 TOTAL APPAREL IMPORTS (MFA),SME,2025,12,3802899,14813704,3802899
Spain,1,M2 TOTAL APPAREL IMPORTS (MFA),SME,2025,1,199822,1771514,199822
Spain,1,M2 TOTAL APPAREL IMPORTS (MFA),SME,2025,2,186594,3312715,186594
Spain,1,M2 TOTAL APPAREL IMPORTS (MFA),SME,2025,3,326093,3613581,326093
Spain,1,M2 TOTAL APPAREL IMPORTS (MFA),SME,2025,4,271434,2735298,271434
Spain,1,M2 TOTAL APPAREL IMPORTS (MFA),SME,2025,5,161782,2291095,161782
Spain,1,M2 TOTAL APPAREL IMPORTS (MFA),SME,2025,6,372726,2283665,372726
Spain,1,M2 TOTAL APPAREL IMPORTS (MFA),SME,2025,7,296423,3608030,296423
Spain,1,M2 TOTAL APPAREL IMPORTS (MFA),SME,2025,8,167363,2788213,167363
Spain,1,M2 TOTAL APPAREL IMPORTS (MFA),SME,2025,9,306714,3033680,306714
Spain,1,M2 TOTAL APPAREL IMPORTS (MFA),SME,2025,10,269110,3737459,269110
Spain,1,M2 TOTAL APPAREL IMPORTS (MFA),SME,2025,11,299839,3862657,299839
Spain,1,M2 TOTAL APPAREL IMPORTS (MFA),SME,2025,12,353172,4769318,353172
Sri Lanka,1,M2 TOTAL APPAREL IMPORTS (MFA),SME,2025,1,41787109,156497077,41787109
Sri Lanka,1,M2 TOTAL APPAREL IMPORTS (MFA),SME,2025,2,35577682,142973476,35577682
Sri Lanka,1,M2 TOTAL APPAREL IMPORTS (MFA),SME,2025,3,37044912,142802142,37044912
Sri Lanka,1,M2 TOTAL APPAREL IMPORTS (MFA),SME,2025,4,39851535,168268473,39851535
Sri Lanka,1,M2 TOTAL APPAREL IMPORTS (MFA),SME,2025,5,23861745,105100230,23861745
Sri Lanka,1,M2 TOTAL APPAREL IMPORTS (MFA),SME,2025,6,25710443,110481637,25710443
Sri Lanka,1,M2 TOTAL APPAREL IMPORTS (MFA),SME,2025,7,32756596,145456331,32756596
Sri Lanka,1,M2 TOTAL APPAREL IMPORTS (MFA),SME,2025,8,39096545,154458499,39096545
Sri Lanka,1,M2 TOTAL APPAREL IMPORTS (MFA),SME,2025,9,41191521,176835254,41191521
Sri Lanka,1,M2 TOTAL APPAREL IMPORTS (MFA),SME,2025,10,35679763,161384115,35679763
Sri Lanka,1,M2 TOTAL APPAREL IMPORTS (MFA),SME,2025,11,30067445,127187774,30067445
Sri Lanka,1,M2 TOTAL APPAREL IMPORTS (MFA),SME,2025,12,34298223,142803883,34298223
St Kitts and Nevis,1,M2 TOTAL APPAREL IMPORTS (MFA),SME,2025,1,213,2250,213
St Kitts and Nevis,1,M2 TOTAL APPAREL IMPORTS (MFA),SME,2025,3,14,922,14
St Kitts and Nevis,1,M2 TOTAL APPAREL IMPORTS (MFA),SME,2025,9,15,252,15
St Kitts and Nevis,1,M2 TOTAL APPAREL IMPORTS (MFA),SME,2025,12,6,296,6
St Lucia,1,M2 TOTAL APPAREL IMPORTS (MFA),SME,2025,8,12,2160,12
St Vincent/Grenadines,1,M2 TOTAL APPAREL IMPORTS (MFA),SME,2025,5,304,2109,304
St Vincent/Grenadines,1,M2 TOTAL APPAREL IMPORTS (MFA),SME,2025,7,63,868,63
St Vincent/Grenadines,1,M2 TOTAL APPAREL IMPORTS (MFA),SME,2025,9,17,320,17
Suriname,1,M2 TOTAL APPAREL IMPORTS (MFA),SME,2025,5,35,317,35
Suriname,1,M2 TOTAL APPAREL IMPORTS (MFA),SME,2025,7,69,1064,69
Suriname,1,M2 TOTAL APPAREL IMPORTS (MFA),SME,2025,8,24,2962,24
Suriname,1,M2 TOTAL APPAREL IMPORTS (MFA),SME,2025,9,206,470,206
Suriname,1,M2 TOTAL APPAREL IMPORTS (MFA),SME,2025,11,152,3170,152
Suriname,1,M2 TOTAL APPAREL IMPORTS (MFA),SME,2025,12,15,453,15
Sweden,1,M2 TOTAL APPAREL IMPORTS (MFA),SME,2025,1,2650,110365,2650
Sweden,1,M2 TOTAL APPAREL IMPORTS (MFA),SME,2025,2,12566,284442,12566
Sweden,1,M2 TOTAL APPAREL IMPORTS (MFA),SME,2025,3,11366,244419,11366
Sweden,1,M2 TOTAL APPAREL IMPORTS (MFA),SME,2025,4,21386,179720,21386
Sweden,1,M2 TOTAL APPAREL IMPORTS (MFA),SME,2025,5,6994,95219,6994
Sweden,1,M2 TOTAL APPAREL IMPORTS (MFA),SME,2025,6,10164,192722,10164
Sweden,1,M2 TOTAL APPAREL IMPORTS (MFA),SME,2025,7,11921,135094,11921
Sweden,1,M2 TOTAL APPAREL IMPORTS (MFA),SME,2025,8,6495,65107,6495
Sweden,1,M2 TOTAL APPAREL IMPORTS (MFA),SME,2025,9,9564,167089,9564
Sweden,1,M2 TOTAL APPAREL IMPORTS (MFA),SME,2025,10,12724,135430,12724
Sweden,1,M2 TOTAL APPAREL IMPORTS (MFA),SME,2025,11,19680,152988,19680
Sweden,1,M2 TOTAL APPAREL IMPORTS (MFA),SME,2025,12,10240,207486,10240
Switzerland,1,M2 TOTAL APPAREL IMPORTS (MFA),SME,2025,1,82968,1898349,82968
Switzerland,1,M2 TOTAL APPAREL IMPORTS (MFA),SME,2025,2,71334,1857465,71334
Switzerland,1,M2 TOTAL APPAREL IMPORTS (MFA),SME,2025,3,125120,2601950,125120
Switzerland,1,M2 TOTAL APPAREL IMPORTS (MFA),SME,2025,4,172361,2519905,172361
Switzerland,1,M2 TOTAL APPAREL IMPORTS (MFA),SME,2025,5,161191,3057240,161191
Switzerland,1,M2 TOTAL APPAREL IMPORTS (MFA),SME,2025,6,176800,2842488,176800
Switzerland,1,M2 TOTAL APPAREL IMPORTS (MFA),SME,2025,7,276293,4386228,276293
Switzerland,1,M2 TOTAL APPAREL IMPORTS (MFA),SME,2025,8,148001,2325356,148001
Switzerland,1,M2 TOTAL APPAREL IMPORTS (MFA),SME,2025,9,99004,2083560,99004
Switzerland,1,M2 TOTAL APPAREL IMPORTS (MFA),SME,2025,10,153768,2505391,153768
Switzerland,1,M2 TOTAL APPAREL IMPORTS (MFA),SME,2025,11,100153,1651946,100153
Switzerland,1,M2 TOTAL APPAREL IMPORTS (MFA),SME,2025,12,61206,1144772,61206
Syria,1,M2 TOTAL APPAREL IMPORTS (MFA),SME,2025,1,61802,7644,61802
Syria,1,M2 TOTAL APPAREL IMPORTS (MFA),SME,2025,2,16695,8035,16695
Syria,1,M2 TOTAL APPAREL IMPORTS (MFA),SME,2025,3,221,1330,221
Syria,1,M2 TOTAL APPAREL IMPORTS (MFA),SME,2025,4,6482,2418,6482
Syria,1,M2 TOTAL APPAREL IMPORTS (MFA),SME,2025,6,531,344,531
Syria,1,M2 TOTAL APPAREL IMPORTS (MFA),SME,2025,7,76,369,76
Syria,1,M2 TOTAL APPAREL IMPORTS (MFA),SME,2025,9,11578,2800,11578
Syria,1,M2 TOTAL APPAREL IMPORTS (MFA),SME,2025,12,2010,4760,2010
Taiwan,1,M2 TOTAL APPAREL IMPORTS (MFA),SME,2025,1,3399821,12445978,3399821
Taiwan,1,M2 TOTAL APPAREL IMPORTS (MFA),SME,2025,2,2423778,8144144,2423778
Taiwan,1,M2 TOTAL APPAREL IMPORTS (MFA),SME,2025,3,2462058,8061941,2462058
Taiwan,1,M2 TOTAL APPAREL IMPORTS (MFA),SME,2025,4,2058211,7124938,2058211
Taiwan,1,M2 TOTAL APPAREL IMPORTS (MFA),SME,2025,5,2662360,8491002,2662360
Taiwan,1,M2 TOTAL APPAREL IMPORTS (MFA),SME,2025,6,3375078,10366307,3375078
Taiwan,1,M2 TOTAL APPAREL IMPORTS (MFA),SME,2025,7,5298982,14370215,5298982
Taiwan,1,M2 TOTAL APPAREL IMPORTS (MFA),SME,2025,8,3459464,10344393,3459464
Taiwan,1,M2 TOTAL APPAREL IMPORTS (MFA),SME,2025,9,3621750,9989974,3621750
Taiwan,1,M2 TOTAL APPAREL IMPORTS (MFA),SME,2025,10,3398028,8573959,3398028
Taiwan,1,M2 TOTAL APPAREL IMPORTS (MFA),SME,2025,11,3077010,7684070,3077010
Taiwan,1,M2 TOTAL APPAREL IMPORTS (MFA),SME,2025,12,3212784,8850644,3212784
Tajikistan,1,M2 TOTAL APPAREL IMPORTS (MFA),SME,2025,1,60,336,60
Tanzania,1,M2 TOTAL APPAREL IMPORTS (MFA),SME,2025,1,5406490,11172678,5406490
Tanzania,1,M2 TOTAL APPAREL IMPORTS (MFA),SME,2025,2,3114487,5827423,3114487
Tanzania,1,M2 TOTAL APPAREL IMPORTS (MFA),SME,2025,3,3025485,5052914,3025485
Tanzania,1,M2 TOTAL APPAREL IMPORTS (MFA),SME,2025,4,4958900,10955821,4958900
Tanzania,1,M2 TOTAL APPAREL IMPORTS (MFA),SME,2025,5,3104160,6885790,3104160
Tanzania,1,M2 TOTAL APPAREL IMPORTS (MFA),SME,2025,6,2904759,5924045,2904759
Tanzania,1,M2 TOTAL APPAREL IMPORTS (MFA),SME,2025,7,3262604,7833027,3262604
Tanzania,1,M2 TOTAL APPAREL IMPORTS (MFA),SME,2025,8,5996275,11381890,5996275
Tanzania,1,M2 TOTAL APPAREL IMPORTS (MFA),SME,2025,9,3210019,6794074,3210019
Tanzania,1,M2 TOTAL APPAREL IMPORTS (MFA),SME,2025,10,3273688,7328859,3273688
Tanzania,1,M2 TOTAL APPAREL IMPORTS (MFA),SME,2025,11,1403150,2880707,1403150
Tanzania,1,M2 TOTAL APPAREL IMPORTS (MFA),SME,2025,12,3306392,6847481,3306392
Thailand,1,M2 TOTAL APPAREL IMPORTS (MFA),SME,2025,1,25218691,81001095,25218691
Thailand,1,M2 TOTAL APPAREL IMPORTS (MFA),SME,2025,2,18421230,61829770,18421230
Thailand,1,M2 TOTAL APPAREL IMPORTS (MFA),SME,2025,3,26657584,84071345,26657584
Thailand,1,M2 TOTAL APPAREL IMPORTS (MFA),SME,2025,4,23181028,68881281,23181028
Thailand,1,M2 TOTAL APPAREL IMPORTS (MFA),SME,2025,5,19346430,62286134,19346430
Thailand,1,M2 TOTAL APPAREL IMPORTS (MFA),SME,2025,6,21438929,85165453,21438929
Thailand,1,M2 TOTAL APPAREL IMPORTS (MFA),SME,2025,7,24750242,81548771,24750242
Thailand,1,M2 TOTAL APPAREL IMPORTS (MFA),SME,2025,8,27573619,97646464,27573619
Thailand,1,M2 TOTAL APPAREL IMPORTS (MFA),SME,2025,9,29731672,105890463,29731672
Thailand,1,M2 TOTAL APPAREL IMPORTS (MFA),SME,2025,10,19603657,75805913,19603657
Thailand,1,M2 TOTAL APPAREL IMPORTS (MFA),SME,2025,11,23430321,80225824,23430321
Thailand,1,M2 TOTAL APPAREL IMPORTS (MFA),SME,2025,12,26305543,91499825,26305543
Togo,1,M2 TOTAL APPAREL IMPORTS (MFA),SME,2025,1,634,890,634
Togo,1,M2 TOTAL APPAREL IMPORTS (MFA),SME,2025,2,433,1279,433
Togo,1,M2 TOTAL APPAREL IMPORTS (MFA),SME,2025,3,306,1194,306
Togo,1,M2 TOTAL APPAREL IMPORTS (MFA),SME,2025,4,1264,1396,1264
Togo,1,M2 TOTAL APPAREL IMPORTS (MFA),SME,2025,5,489,885,489
Togo,1,M2 TOTAL APPAREL IMPORTS (MFA),SME,2025,6,284,1004,284
Togo,1,M2 TOTAL APPAREL IMPORTS (MFA),SME,2025,7,872,1536,872
Togo,1,M2 TOTAL APPAREL IMPORTS (MFA),SME,2025,8,174,437,174
Togo,1,M2 TOTAL APPAREL IMPORTS (MFA),SME,2025,9,60,414,60
Togo,1,M2 TOTAL APPAREL IMPORTS (MFA),SME,2025,10,538,959,538
Togo,1,M2 TOTAL APPAREL IMPORTS (MFA),SME,2025,11,1159,1621,1159
Togo,1,M2 TOTAL APPAREL IMPORTS (MFA),SME,2025,12,1028,660,1028
Tonga,1,M2 TOTAL APPAREL IMPORTS (MFA),SME,2025,1,12,276,12
Tonga,1,M2 TOTAL APPAREL IMPORTS (MFA),SME,2025,7,12,654,12
Tonga,1,M2 TOTAL APPAREL IMPORTS (MFA),SME,2025,8,30,3726,30
Tonga,1,M2 TOTAL APPAREL IMPORTS (MFA),SME,2025,9,15,272,15
Trinidad and Tobago,1,M2 TOTAL APPAREL IMPORTS (MFA),SME,2025,5,63,17200,63
Trinidad and Tobago,1,M2 TOTAL APPAREL IMPORTS (MFA),SME,2025,6,96,6904,96
Trinidad and Tobago,1,M2 TOTAL APPAREL IMPORTS (MFA),SME,2025,7,105,4778,105
Trinidad and Tobago,1,M2 TOTAL APPAREL IMPORTS (MFA),SME,2025,8,227,6276,227
Trinidad and Tobago,1,M2 TOTAL APPAREL IMPORTS (MFA),SME,2025,9,227,584,227
Trinidad and Tobago,1,M2 TOTAL APPAREL IMPORTS (MFA),SME,2025,11,43,3049,43
Trinidad and Tobago,1,M2 TOTAL APPAREL IMPORTS (MFA),SME,2025,12,110,928,110
Tunisia,1,M2 TOTAL APPAREL IMPORTS (MFA),SME,2025,1,521004,9469074,521004
Tunisia,1,M2 TOTAL APPAREL IMPORTS (MFA),SME,2025,2,413631,9048784,413631
Tunisia,1,M2 TOTAL APPAREL IMPORTS (MFA),SME,2025,3,411636,8711651,411636
Tunisia,1,M2 TOTAL APPAREL IMPORTS (MFA),SME,2025,4,400051,7542972,400051
Tunisia,1,M2 TOTAL APPAREL IMPORTS (MFA),SME,2025,5,384287,7217981,384287
Tunisia,1,M2 TOTAL APPAREL IMPORTS (MFA),SME,2025,6,406513,8204371,406513
Tunisia,1,M2 TOTAL APPAREL IMPORTS (MFA),SME,2025,7,516044,8863004,516044
Tunisia,1,M2 TOTAL APPAREL IMPORTS (MFA),SME,2025,8,395320,8386459,395320
Tunisia,1,M2 TOTAL APPAREL IMPORTS (MFA),SME,2025,9,378767,7888632,378767
Tunisia,1,M2 TOTAL APPAREL IMPORTS (MFA),SME,2025,10,360385,6409484,360385
Tunisia,1,M2 TOTAL APPAREL IMPORTS (MFA),SME,2025,11,391800,6843887,391800
Tunisia,1,M2 TOTAL APPAREL IMPORTS (MFA),SME,2025,12,407398,6943294,407398
Turkey,1,M2 TOTAL APPAREL IMPORTS (MFA),SME,2025,1,9069077,77868318,9069077
Turkey,1,M2 TOTAL APPAREL IMPORTS (MFA),SME,2025,2,7542962,64207247,7542962
Turkey,1,M2 TOTAL APPAREL IMPORTS (MFA),SME,2025,3,9806452,76200985,9806452
Turkey,1,M2 TOTAL APPAREL IMPORTS (MFA),SME,2025,4,8148003,66610412,8148003
Turkey,1,M2 TOTAL APPAREL IMPORTS (MFA),SME,2025,5,8744778,64493408,8744778
Turkey,1,M2 TOTAL APPAREL IMPORTS (MFA),SME,2025,6,8003806,64641148,8003806
Turkey,1,M2 TOTAL APPAREL IMPORTS (MFA),SME,2025,7,9115891,81047144,9115891
Turkey,1,M2 TOTAL APPAREL IMPORTS (MFA),SME,2025,8,8940224,82011352,8940224
Turkey,1,M2 TOTAL APPAREL IMPORTS (MFA),SME,2025,9,8962669,77624029,8962669
Turkey,1,M2 TOTAL APPAREL IMPORTS (MFA),SME,2025,10,9522880,79637638,9522880
Turkey,1,M2 TOTAL APPAREL IMPORTS (MFA),SME,2025,11,7729885,66605622,7729885
Turkey,1,M2 TOTAL APPAREL IMPORTS (MFA),SME,2025,12,10111402,80388647,10111402
Turkmenistan,1,M2 TOTAL APPAREL IMPORTS (MFA),SME,2025,7,82,18458,82
Turkmenistan,1,M2 TOTAL APPAREL IMPORTS (MFA),SME,2025,12,35,351,35
"Turks, Caicos Isls.",1,M2 TOTAL APPAREL IMPORTS (MFA),SME,2025,7,11,384,11
"Turks, Caicos Isls.",1,M2 TOTAL APPAREL IMPORTS (MFA),SME,2025,10,30,850,30
"Turks, Caicos Isls.",1,M2 TOTAL APPAREL IMPORTS (MFA),SME,2025,12,35,300,35
Uganda,1,M2 TOTAL APPAREL IMPORTS (MFA),SME,2025,4,38,1750,38
Uganda,1,M2 TOTAL APPAREL IMPORTS (MFA),SME,2025,6,125,3127,125
Uganda,1,M2 TOTAL APPAREL IMPORTS (MFA),SME,2025,7,2150,12582,2150
Uganda,1,M2 TOTAL APPAREL IMPORTS (MFA),SME,2025,8,20705,15210,20705
Uganda,1,M2 TOTAL APPAREL IMPORTS (MFA),SME,2025,10,1173,447,1173
Uganda,1,M2 TOTAL APPAREL IMPORTS (MFA),SME,2025,11,35,416,35
Ukraine,1,M2 TOTAL APPAREL IMPORTS (MFA),SME,2025,1,202939,1647944,202939
Ukraine,1,M2 TOTAL APPAREL IMPORTS (MFA),SME,2025,2,131841,695163,131841
Ukraine,1,M2 TOTAL APPAREL IMPORTS (MFA),SME,2025,3,101333,1371817,101333
Ukraine,1,M2 TOTAL APPAREL IMPORTS (MFA),SME,2025,4,67634,754364,67634
Ukraine,1,M2 TOTAL APPAREL IMPORTS (MFA),SME,2025,5,97967,980236,97967
Ukraine,1,M2 TOTAL APPAREL IMPORTS (MFA),SME,2025,6,212660,1923164,212660
Ukraine,1,M2 TOTAL APPAREL IMPORTS (MFA),SME,2025,7,109738,1601745,109738
Ukraine,1,M2 TOTAL APPAREL IMPORTS (MFA),SME,2025,8,158775,1655370,158775
Ukraine,1,M2 TOTAL APPAREL IMPORTS (MFA),SME,2025,9,178288,2064543,178288
Ukraine,1,M2 TOTAL APPAREL IMPORTS (MFA),SME,2025,10,103993,1541922,103993
Ukraine,1,M2 TOTAL APPAREL IMPORTS (MFA),SME,2025,11,112414,1316687,112414
Ukraine,1,M2 TOTAL APPAREL IMPORTS (MFA),SME,2025,12,241512,1962048,241512
United Arab Emirates,1,M2 TOTAL APPAREL IMPORTS (MFA),SME,2025,1,410370,1404643,410370
United Arab Emirates,1,M2 TOTAL APPAREL IMPORTS (MFA),SME,2025,2,322075,1054116,322075
United Arab Emirates,1,M2 TOTAL APPAREL IMPORTS (MFA),SME,2025,3,168120,1120036,168120
United Arab Emirates,1,M2 TOTAL APPAREL IMPORTS (MFA),SME,2025,4,256406,1219237,256406
United Arab Emirates,1,M2 TOTAL APPAREL IMPORTS (MFA),SME,2025,5,214036,1209830,214036
United Arab Emirates,1,M2 TOTAL APPAREL IMPORTS (MFA),SME,2025,6,212244,1367495,212244
United Arab Emirates,1,M2 TOTAL APPAREL IMPORTS (MFA),SME,2025,7,439811,861819,439811
United Arab Emirates,1,M2 TOTAL APPAREL IMPORTS (MFA),SME,2025,8,438680,2690391,438680
United Arab Emirates,1,M2 TOTAL APPAREL IMPORTS (MFA),SME,2025,9,300189,1127287,300189
United Arab Emirates,1,M2 TOTAL APPAREL IMPORTS (MFA),SME,2025,10,441179,1869881,441179
United Arab Emirates,1,M2 TOTAL APPAREL IMPORTS (MFA),SME,2025,11,340972,1321719,340972
United Arab Emirates,1,M2 TOTAL APPAREL IMPORTS (MFA),SME,2025,12,448361,1236466,448361
United Kingdom,1,M2 TOTAL APPAREL IMPORTS (MFA),SME,2025,1,351505,8271898,351505
United Kingdom,1,M2 TOTAL APPAREL IMPORTS (MFA),SME,2025,2,824091,9132784,824091
United Kingdom,1,M2 TOTAL APPAREL IMPORTS (MFA),SME,2025,3,564848,9369520,564848
United Kingdom,1,M2 TOTAL APPAREL IMPORTS (MFA),SME,2025,4,422777,7853691,422777
United Kingdom,1,M2 TOTAL APPAREL IMPORTS (MFA),SME,2025,5,507940,8608631,507940
United Kingdom,1,M2 TOTAL APPAREL IMPORTS (MFA),SME,2025,6,511175,7378678,511175
United Kingdom,1,M2 TOTAL APPAREL IMPORTS (MFA),SME,2025,7,741953,11359566,741953
United Kingdom,1,M2 TOTAL APPAREL IMPORTS (MFA),SME,2025,8,986372,12933634,986372
United Kingdom,1,M2 TOTAL APPAREL IMPORTS (MFA),SME,2025,9,1272798,15702164,1272798
United Kingdom,1,M2 TOTAL APPAREL IMPORTS (MFA),SME,2025,10,1067767,15968693,1067767
United Kingdom,1,M2 TOTAL APPAREL IMPORTS (MFA),SME,2025,11,1515770,15783976,1515770
United Kingdom,1,M2 TOTAL APPAREL IMPORTS (MFA),SME,2025,12,1552151,17738406,1552151
Uruguay,1,M2 TOTAL APPAREL IMPORTS (MFA),SME,2025,1,228,29757,228
Uruguay,1,M2 TOTAL APPAREL IMPORTS (MFA),SME,2025,2,2872,91122,2872
Uruguay,1,M2 TOTAL APPAREL IMPORTS (MFA),SME,2025,3,6389,154618,6389
Uruguay,1,M2 TOTAL APPAREL IMPORTS (MFA),SME,2025,4,9307,73451,9307
Uruguay,1,M2 TOTAL APPAREL IMPORTS (MFA),SME,2025,5,5060,52066,5060
Uruguay,1,M2 TOTAL APPAREL IMPORTS (MFA),SME,2025,6,133,8312,133
Uruguay,1,M2 TOTAL APPAREL IMPORTS (MFA),SME,2025,7,1403,115740,1403
Uruguay,1,M2 TOTAL APPAREL IMPORTS (MFA),SME,2025,8,2951,164396,2951
Uruguay,1,M2 TOTAL APPAREL IMPORTS (MFA),SME,2025,9,6534,228352,6534
Uruguay,1,M2 TOTAL APPAREL IMPORTS (MFA),SME,2025,10,3489,143918,3489
Uruguay,1,M2 TOTAL APPAREL IMPORTS (MFA),SME,2025,11,6006,161931,6006
Uruguay,1,M2 TOTAL APPAREL IMPORTS (MFA),SME,2025,12,5804,227516,5804
Uzbekistan,1,M2 TOTAL APPAREL IMPORTS (MFA),SME,2025,1,48882,172302,48882
Uzbekistan,1,M2 TOTAL APPAREL IMPORTS (MFA),SME,2025,2,61474,256882,61474
Uzbekistan,1,M2 TOTAL APPAREL IMPORTS (MFA),SME,2025,3,23550,63079,23550
Uzbekistan,1,M2 TOTAL APPAREL IMPORTS (MFA),SME,2025,4,5614,65571,5614
Uzbekistan,1,M2 TOTAL APPAREL IMPORTS (MFA),SME,2025,5,1560,6394,1560
Uzbekistan,1,M2 TOTAL APPAREL IMPORTS (MFA),SME,2025,6,4037,35220,4037
Uzbekistan,1,M2 TOTAL APPAREL IMPORTS (MFA),SME,2025,7,1447,19827,1447
Uzbekistan,1,M2 TOTAL APPAREL IMPORTS (MFA),SME,2025,8,79795,314243,79795
Uzbekistan,1,M2 TOTAL APPAREL IMPORTS (MFA),SME,2025,9,30433,33381,30433
Uzbekistan,1,M2 TOTAL APPAREL IMPORTS (MFA),SME,2025,10,18836,53728,18836
Uzbekistan,1,M2 TOTAL APPAREL IMPORTS (MFA),SME,2025,11,124250,437494,124250
Uzbekistan,1,M2 TOTAL APPAREL IMPORTS (MFA),SME,2025,12,18414,61599,18414
Vanuatu,1,M2 TOTAL APPAREL IMPORTS (MFA),SME,2025,1,6,1021,6
Vanuatu,1,M2 TOTAL APPAREL IMPORTS (MFA),SME,2025,4,17,430,17
Venezuela,1,M2 TOTAL APPAREL IMPORTS (MFA),SME,2025,4,716,21276,716
Venezuela,1,M2 TOTAL APPAREL IMPORTS (MFA),SME,2025,5,46786,166875,46786
Venezuela,1,M2 TOTAL APPAREL IMPORTS (MFA),SME,2025,6,6,3528,6
Venezuela,1,M2 TOTAL APPAREL IMPORTS (MFA),SME,2025,7,391,3756,391
Venezuela,1,M2 TOTAL APPAREL IMPORTS (MFA),SME,2025,8,59,2090,59
Venezuela,1,M2 TOTAL APPAREL IMPORTS (MFA),SME,2025,9,90,4500,90
Venezuela,1,M2 TOTAL APPAREL IMPORTS (MFA),SME,2025,10,120,2460,120
Venezuela,1,M2 TOTAL APPAREL IMPORTS (MFA),SME,2025,11,428,2913,428
Venezuela,1,M2 TOTAL APPAREL IMPORTS (MFA),SME,2025,12,22,360,22
Vietnam,1,M2 TOTAL APPAREL IMPORTS (MFA),SME,2025,1,400334788,1444762620,400334788
Vietnam,1,M2 TOTAL APPAREL IMPORTS (MFA),SME,2025,2,353415072,1183895187,353415072
Vietnam,1,M2 TOTAL APPAREL IMPORTS (MFA),SME,2025,3,371682166,1248324335,371682166
Vietnam,1,M2 TOTAL APPAREL IMPORTS (MFA),SME,2025,4,358688246,1212432530,358688246
Vietnam,1,M2 TOTAL APPAREL IMPORTS (MFA),SME,2025,5,348425277,1209263811,348425277
Vietnam,1,M2 TOTAL APPAREL IMPORTS (MFA),SME,2025,6,383374864,1470819197,383374864
Vietnam,1,M2 TOTAL APPAREL IMPORTS (MFA),SME,2025,7,452249017,1693524851,452249017
Vietnam,1,M2 TOTAL APPAREL IMPORTS (MFA),SME,2025,8,435384398,1596230899,435384398
Vietnam,1,M2 TOTAL APPAREL IMPORTS (MFA),SME,2025,9,492565367,1697211999,492565367
Vietnam,1,M2 TOTAL APPAREL IMPORTS (MFA),SME,2025,10,363263177,1420011647,363263177
Vietnam,1,M2 TOTAL APPAREL IMPORTS (MFA),SME,2025,11,327821104,1166192140,327821104
Vietnam,1,M2 TOTAL APPAREL IMPORTS (MFA),SME,2025,12,415068538,1404436653,415068538
Western Samoa,1,M2 TOTAL APPAREL IMPORTS (MFA),SME,2025,2,576,1999,576
Western Samoa,1,M2 TOTAL APPAREL IMPORTS (MFA),SME,2025,6,76,813,76
Western Samoa,1,M2 TOTAL APPAREL IMPORTS (MFA),SME,2025,10,616,3507,616
World,1,M2 TOTAL APPAREL IMPORTS (MFA),SME,2025,1,2346839522,7193739909,2346839522
World,1,M2 TOTAL APPAREL IMPORTS (MFA),SME,2025,2,2073846275,6363412052,2073846275
World,1,M2 TOTAL APPAREL IMPORTS (MFA),SME,2025,3,2021048895,6501158341,2021048895
World,1,M2 TOTAL APPAREL IMPORTS (MFA),SME,2025,4,1965154408,6165460374,1965154408
World,1,M2 TOTAL APPAREL IMPORTS (MFA),SME,2025,5,1706596692,5485182587,1706596692
World,1,M2 TOTAL APPAREL IMPORTS (MFA),SME,2025,6,2034591292,6445560807,2034591292
World,1,M2 TOTAL APPAREL IMPORTS (MFA),SME,2025,7,2422726501,7643732539,2422726501
World,1,M2 TOTAL APPAREL IMPORTS (MFA),SME,2025,8,2377601150,7209983876,2377601150
World,1,M2 TOTAL APPAREL IMPORTS (MFA),SME,2025,9,2424184681,7374992633,2424184681
World,1,M2 TOTAL APPAREL IMPORTS (MFA),SME,2025,10,1930738891,6289882781,1930738891
World,1,M2 TOTAL APPAREL IMPORTS (MFA),SME,2025,11,1649206846,5232019571,1649206846
World,1,M2 TOTAL APPAREL IMPORTS (MFA),SME,2025,12,1861524003,5976816842,1861524003
Yemen,1,M2 TOTAL APPAREL IMPORTS (MFA),SME,2025,1,44377,18688,44377
Yemen,1,M2 TOTAL APPAREL IMPORTS (MFA),SME,2025,2,3001,4158,3001
Yemen,1,M2 TOTAL APPAREL IMPORTS (MFA),SME,2025,3,1526,2131,1526
Yemen,1,M2 TOTAL APPAREL IMPORTS (MFA),SME,2025,4,1742,3830,1742
Yemen,1,M2 TOTAL APPAREL IMPORTS (MFA),SME,2025,5,2615,6541,2615
Yemen,1,M2 TOTAL APPAREL IMPORTS (MFA),SME,2025,7,599,760,599
Yemen,1,M2 TOTAL APPAREL IMPORTS (MFA),SME,2025,8,649,3585,649
Yemen,1,M2 TOTAL APPAREL IMPORTS (MFA),SME,2025,9,14,2000,14
Yemen,1,M2 TOTAL APPAREL IMPORTS (MFA),SME,2025,10,128,2245,128
Yemen,1,M2 TOTAL APPAREL IMPORTS (MFA),SME,2025,11,807,1718,807
Yemen,1,M2 TOTAL APPAREL IMPORTS (MFA),SME,2025,12,2589,5739,2589
Zambia,1,M2 TOTAL APPAREL IMPORTS (MFA),SME,2025,5,70,1960,70
Zambia,1,M2 TOTAL APPAREL IMPORTS (MFA),SME,2025,9,38,342,38
Zambia,1,M2 TOTAL APPAREL IMPORTS (MFA),SME,2025,10,15,362,15
Zimbabwe,1,M2 TOTAL APPAREL IMPORTS (MFA),SME,2025,1,13486,126551,13486
Zimbabwe,1,M2 TOTAL APPAREL IMPORTS (MFA),SME,2025,4,2914,17442,2914
Zimbabwe,1,M2 TOTAL APPAREL IMPORTS (MFA),SME,2025,5,16289,125986,16289
Zimbabwe,1,M2 TOTAL APPAREL IMPORTS (MFA),SME,2025,8,2238,10917,2238
Zimbabwe,1,M2 TOTAL APPAREL IMPORTS (MFA),SME,2025,9,30421,112645,30421
Zimbabwe,1,M2 TOTAL APPAREL IMPORTS (MFA),SME,2025,10,173,995,173
Zimbabwe,1,M2 TOTAL APPAREL IMPORTS (MFA),SME,2025,11,3434,18786,3434
_ANDEAN (ATPA),1,M2 TOTAL APPAREL IMPORTS (MFA),SME,2024,1,83106,223583,83106
_ANDEAN (ATPA),1,M2 TOTAL APPAREL IMPORTS (MFA),SME,2024,2,106673,333073,106673
_ANDEAN (ATPA),1,M2 TOTAL APPAREL IMPORTS (MFA),SME,2024,3,163998,419723,163998
_ANDEAN (ATPA),1,M2 TOTAL APPAREL IMPORTS (MFA),SME,2024,4,192808,467868,192808
_ANDEAN (ATPA),1,M2 TOTAL APPAREL IMPORTS (MFA),SME,2024,5,150887,416301,150887
_ANDEAN (ATPA),1,M2 TOTAL APPAREL IMPORTS (MFA),SME,2024,6,164541,348679,164541
_ANDEAN (ATPA),1,M2 TOTAL APPAREL IMPORTS (MFA),SME,2024,7,202173,451962,202173
_ANDEAN (ATPA),1,M2 TOTAL APPAREL IMPORTS (MFA),SME,2024,8,262164,482685,262164
_ANDEAN (ATPA),1,M2 TOTAL APPAREL IMPORTS (MFA),SME,2024,9,185217,462250,185217
_ANDEAN (ATPA),1,M2 TOTAL APPAREL IMPORTS (MFA),SME,2024,10,218815,562796,218815
_ANDEAN (ATPA),1,M2 TOTAL APPAREL IMPORTS (MFA),SME,2024,11,279094,567306,279094
_ANDEAN (ATPA),1,M2 TOTAL APPAREL IMPORTS (MFA),SME,2024,12,182832,419242,182832
_ASEAN,1,M2 TOTAL APPAREL IMPORTS (MFA),SME,2024,1,528860356,1876302309,528860356
_ASEAN,1,M2 TOTAL APPAREL IMPORTS (MFA),SME,2024,2,587619468,1931517839,587619468
_ASEAN,1,M2 TOTAL APPAREL IMPORTS (MFA),SME,2024,3,553687067,1805903208,553687067
_ASEAN,1,M2 TOTAL APPAREL IMPORTS (MFA),SME,2024,4,491810439,1680257110,491810439
_ASEAN,1,M2 TOTAL APPAREL IMPORTS (MFA),SME,2024,5,474707187,1667492238,474707187
_ASEAN,1,M2 TOTAL APPAREL IMPORTS (MFA),SME,2024,6,497376094,1842613729,497376094
_ASEAN,1,M2 TOTAL APPAREL IMPORTS (MFA),SME,2024,7,633495883,2420555358,633495883
_ASEAN,1,M2 TOTAL APPAREL IMPORTS (MFA),SME,2024,8,618345886,2413620106,618345886
_ASEAN,1,M2 TOTAL APPAREL IMPORTS (MFA),SME,2024,9,747559579,2806657754,747559579
_ASEAN,1,M2 TOTAL APPAREL IMPORTS (MFA),SME,2024,10,695316747,2565504614,695316747
_ASEAN,1,M2 TOTAL APPAREL IMPORTS (MFA),SME,2024,11,486112861,1772301609,486112861
_ASEAN,1,M2 TOTAL APPAREL IMPORTS (MFA),SME,2024,12,571744987,2012412535,571744987
_CAFTA-DR,1,M2 TOTAL APPAREL IMPORTS (MFA),SME,2024,1,157497773,546061945,157497773
_CAFTA-DR,1,M2 TOTAL APPAREL IMPORTS (MFA),SME,2024,2,196931629,655589598,196931629
_CAFTA-DR,1,M2 TOTAL APPAREL IMPORTS (MFA),SME,2024,3,194777983,634934641,194777983
_CAFTA-DR,1,M2 TOTAL APPAREL IMPORTS (MFA),SME,2024,4,181756571,610923128,181756571
_CAFTA-DR,1,M2 TOTAL APPAREL IMPORTS (MFA),SME,2024,5,204269838,679217565,204269838
_CAFTA-DR,1,M2 TOTAL APPAREL IMPORTS (MFA),SME,2024,6,201746253,620718554,201746253
_CAFTA-DR,1,M2 TOTAL APPAREL IMPORTS (MFA),SME,2024,7,220148237,719923844,220148237
_CAFTA-DR,1,M2 TOTAL APPAREL IMPORTS (MFA),SME,2024,8,191648009,686217636,191648009
_CAFTA-DR,1,M2 TOTAL APPAREL IMPORTS (MFA),SME,2024,9,193519292,683299907,193519292
_CAFTA-DR,1,M2 TOTAL APPAREL IMPORTS (MFA),SME,2024,10,213649167,705754669,213649167
_CAFTA-DR,1,M2 TOTAL APPAREL IMPORTS (MFA),SME,2024,11,171210557,582041045,171210557
_CAFTA-DR,1,M2 TOTAL APPAREL IMPORTS (MFA),SME,2024,12,185157846,641638770,185157846
_CBI,1,M2 TOTAL APPAREL IMPORTS (MFA),SME,2024,1,14586533,38387126,14586533
_CBI,1,M2 TOTAL APPAREL IMPORTS (MFA),SME,2024,2,14815431,36000940,14815431
_CBI,1,M2 TOTAL APPAREL IMPORTS (MFA),SME,2024,3,21314630,56599073,21314630
_CBI,1,M2 TOTAL APPAREL IMPORTS (MFA),SME,2024,4,17388714,44891395,17388714
_CBI,1,M2 TOTAL APPAREL IMPORTS (MFA),SME,2024,5,22858980,63238573,22858980
_CBI,1,M2 TOTAL APPAREL IMPORTS (MFA),SME,2024,6,18803938,52095340,18803938
_CBI,1,M2 TOTAL APPAREL IMPORTS (MFA),SME,2024,7,19246810,52489807,19246810
_CBI,1,M2 TOTAL APPAREL IMPORTS (MFA),SME,2024,8,17792029,49143423,17792029
_CBI,1,M2 TOTAL APPAREL IMPORTS (MFA),SME,2024,9,18440530,45846394,18440530
_CBI,1,M2 TOTAL APPAREL IMPORTS (MFA),SME,2024,10,19880107,51675538,19880107
_CBI,1,M2 TOTAL APPAREL IMPORTS (MFA),SME,2024,11,18944485,42755878,18944485
_CBI,1,M2 TOTAL APPAREL IMPORTS (MFA),SME,2024,12,18257142,45077979,18257142
_EU (2020-present),1,M2 TOTAL APPAREL IMPORTS (MFA),SME,2024,1,10353841,245372176,10353841
_EU (2020-present),1,M2 TOTAL APPAREL IMPORTS (MFA),SME,2024,2,11410173,263903360,11410173
_EU (2020-present),1,M2 TOTAL APPAREL IMPORTS (MFA),SME,2024,3,11322965,242442485,11322965
_EU (2020-present),1,M2 TOTAL APPAREL IMPORTS (MFA),SME,2024,4,10532560,235108590,10532560
_EU (2020-present),1,M2 TOTAL APPAREL IMPORTS (MFA),SME,2024,5,10925528,244304609,10925528
_EU (2020-present),1,M2 TOTAL APPAREL IMPORTS (MFA),SME,2024,6,9928198,233237395,9928198
_EU (2020-present),1,M2 TOTAL APPAREL IMPORTS (MFA),SME,2024,7,11823368,288175848,11823368
_EU (2020-present),1,M2 TOTAL APPAREL IMPORTS (MFA),SME,2024,8,12066669,275562505,12066669
_EU (2020-present),1,M2 TOTAL APPAREL IMPORTS (MFA),SME,2024,9,10020529,221924846,10020529
_EU (2020-present),1,M2 TOTAL APPAREL IMPORTS (MFA),SME,2024,10,11200604,278207639,11200604
_EU (2020-present),1,M2 TOTAL APPAREL IMPORTS (MFA),SME,2024,11,10652946,250911734,10652946
_EU (2020-present),1,M2 TOTAL APPAREL IMPORTS (MFA),SME,2024,12,10430706,255092997,10430706
_EU27 (2007-2012),1,M2 TOTAL APPAREL IMPORTS (MFA),SME,2024,1,10828822,253204324,10828822
_EU27 (2007-2012),1,M2 TOTAL APPAREL IMPORTS (MFA),SME,2024,2,11865339,273012491,11865339
_EU27 (2007-2012),1,M2 TOTAL APPAREL IMPORTS (MFA),SME,2024,3,11846267,252620196,11846267
_EU27 (2007-2012),1,M2 TOTAL APPAREL IMPORTS (MFA),SME,2024,4,11016765,244187087,11016765
_EU27 (2007-2012),1,M2 TOTAL APPAREL IMPORTS (MFA),SME,2024,5,11278328,252872039,11278328
_EU27 (2007-2012),1,M2 TOTAL APPAREL IMPORTS (MFA),SME,2024,6,10465672,242436478,10465672
_EU27 (2007-2012),1,M2 TOTAL APPAREL IMPORTS (MFA),SME,2024,7,12236309,298792313,12236309
_EU27 (2007-2012),1,M2 TOTAL APPAREL IMPORTS (MFA),SME,2024,8,12399144,286016117,12399144
_EU27 (2007-2012),1,M2 TOTAL APPAREL IMPORTS (MFA),SME,2024,9,10348457,232128322,10348457
_EU27 (2007-2012),1,M2 TOTAL APPAREL IMPORTS (MFA),SME,2024,10,11923617,294473635,11923617
_EU27 (2007-2012),1,M2 TOTAL APPAREL IMPORTS (MFA),SME,2024,11,11056020,261305590,11056020
_EU27 (2007-2012),1,M2 TOTAL APPAREL IMPORTS (MFA),SME,2024,12,10990579,265354476,10990579
_EU28 (2013-2019),1,M2 TOTAL APPAREL IMPORTS (MFA),SME,2024,1,10868149,253996321,10868149
_EU28 (2013-2019),1,M2 TOTAL APPAREL IMPORTS (MFA),SME,2024,2,11900059,273747604,11900059
_EU28 (2013-2019),1,M2 TOTAL APPAREL IMPORTS (MFA),SME,2024,3,11874562,253136535,11874562
_EU28 (2013-2019),1,M2 TOTAL APPAREL IMPORTS (MFA),SME,2024,4,11027727,244524395,11027727
_EU28 (2013-2019),1,M2 TOTAL APPAREL IMPORTS (MFA),SME,2024,5,11321067,253261277,11321067
_EU28 (2013-2019),1,M2 TOTAL APPAREL IMPORTS (MFA),SME,2024,6,10491983,242860694,10491983
_EU28 (2013-2019),1,M2 TOTAL APPAREL IMPORTS (MFA),SME,2024,7,12262799,299269650,12262799
_EU28 (2013-2019),1,M2 TOTAL APPAREL IMPORTS (MFA),SME,2024,8,12541409,286840931,12541409
_EU28 (2013-2019),1,M2 TOTAL APPAREL IMPORTS (MFA),SME,2024,9,10384273,232663562,10384273
_EU28 (2013-2019),1,M2 TOTAL APPAREL IMPORTS (MFA),SME,2024,10,11959131,295044516,11959131
_EU28 (2013-2019),1,M2 TOTAL APPAREL IMPORTS (MFA),SME,2024,11,11083769,261666511,11083769
_EU28 (2013-2019),1,M2 TOTAL APPAREL IMPORTS (MFA),SME,2024,12,11039052,265954373,11039052
_SUB-SAHARA,1,M2 TOTAL APPAREL IMPORTS (MFA),SME,2024,1,24321946,84046523,24321946
_SUB-SAHARA,1,M2 TOTAL APPAREL IMPORTS (MFA),SME,2024,2,30022192,94438531,30022192
_SUB-SAHARA,1,M2 TOTAL APPAREL IMPORTS (MFA),SME,2024,3,41274043,127231804,41274043
_SUB-SAHARA,1,M2 TOTAL APPAREL IMPORTS (MFA),SME,2024,4,29360955,105323529,29360955
_SUB-SAHARA,1,M2 TOTAL APPAREL IMPORTS (MFA),SME,2024,5,35523459,124225724,35523459
_SUB-SAHARA,1,M2 TOTAL APPAREL IMPORTS (MFA),SME,2024,6,27758409,94620468,27758409
_SUB-SAHARA,1,M2 TOTAL APPAREL IMPORTS (MFA),SME,2024,7,35711073,127526900,35711073
_SUB-SAHARA,1,M2 TOTAL APPAREL IMPORTS (MFA),SME,2024,8,28183214,110607911,28183214
_SUB-SAHARA,1,M2 TOTAL APPAREL IMPORTS (MFA),SME,2024,9,37910009,136777599,37910009
_SUB-SAHARA,1,M2 TOTAL APPAREL IMPORTS (MFA),SME,2024,10,35029296,135254830,35029296
_SUB-SAHARA,1,M2 TOTAL APPAREL IMPORTS (MFA),SME,2024,11,35239575,117657801,35239575
_SUB-SAHARA,1,M2 TOTAL APPAREL IMPORTS (MFA),SME,2024,12,37138025,117368691,37138025
_USMCA,1,M2 TOTAL APPAREL IMPORTS (MFA),SME,2024,1,45105258,230266437,45105258
_USMCA,1,M2 TOTAL APPAREL IMPORTS (MFA),SME,2024,2,52376750,250895774,52376750
_USMCA,1,M2 TOTAL APPAREL IMPORTS (MFA),SME,2024,3,56915505,254252868,56915505
_USMCA,1,M2 TOTAL APPAREL IMPORTS (MFA),SME,2024,4,55244988,252073763,55244988
_USMCA,1,M2 TOTAL APPAREL IMPORTS (MFA),SME,2024,5,53671617,252872298,53671617
_USMCA,1,M2 TOTAL APPAREL IMPORTS (MFA),SME,2024,6,51350889,266942623,51350889
_USMCA,1,M2 TOTAL APPAREL IMPORTS (MFA),SME,2024,7,54957944,278719062,54957944
_USMCA,1,M2 TOTAL APPAREL IMPORTS (MFA),SME,2024,8,53086968,285184640,53086968
_USMCA,1,M2 TOTAL APPAREL IMPORTS (MFA),SME,2024,9,45760963,261445937,45760963
_USMCA,1,M2 TOTAL APPAREL IMPORTS (MFA),SME,2024,10,49012910,284742432,49012910
_USMCA,1,M2 TOTAL APPAREL IMPORTS (MFA),SME,2024,11,45102021,260102699,45102021
_USMCA,1,M2 TOTAL APPAREL IMPORTS (MFA),SME,2024,12,43980935,249353837,43980935
_W HEMI,1,M2 TOTAL APPAREL IMPORTS (MFA),SME,2024,1,227459619,904938415,227459619
_W HEMI,1,M2 TOTAL APPAREL IMPORTS (MFA),SME,2024,2,275335439,1031437467,275335439
_W HEMI,1,M2 TOTAL APPAREL IMPORTS (MFA),SME,2024,3,281038258,1014284185,281038258
_W HEMI,1,M2 TOTAL APPAREL IMPORTS (MFA),SME,2024,4,266418602,1002300557,266418602
_W HEMI,1,M2 TOTAL APPAREL IMPORTS (MFA),SME,2024,5,293112443,1090944884,293112443
_W HEMI,1,M2 TOTAL APPAREL IMPORTS (MFA),SME,2024,6,281283495,1022237437,281283495
_W HEMI,1,M2 TOTAL APPAREL IMPORTS (MFA),SME,2024,7,305589778,1152940755,305589778
_W HEMI,1,M2 TOTAL APPAREL IMPORTS (MFA),SME,2024,8,272964559,1112614124,272964559
_W HEMI,1,M2 TOTAL APPAREL IMPORTS (MFA),SME,2024,9,266265291,1077417648,266265291
_W HEMI,1,M2 TOTAL APPAREL IMPORTS (MFA),SME,2024,10,291176404,1137258011,291176404
_W HEMI,1,M2 TOTAL APPAREL IMPORTS (MFA),SME,2024,11,242592870,961064966,242592870
_W HEMI,1,M2 TOTAL APPAREL IMPORTS (MFA),SME,2024,12,258500948,1032136584,258500948
Afghanistan,1,M2 TOTAL APPAREL IMPORTS (MFA),SME,2024,1,121,2704,121
Afghanistan,1,M2 TOTAL APPAREL IMPORTS (MFA),SME,2024,2,984,1924,984
Afghanistan,1,M2 TOTAL APPAREL IMPORTS (MFA),SME,2024,3,1003,3818,1003
Afghanistan,1,M2 TOTAL APPAREL IMPORTS (MFA),SME,2024,4,5219,19151,5219
Afghanistan,1,M2 TOTAL APPAREL IMPORTS (MFA),SME,2024,5,2340,4476,2340
Afghanistan,1,M2 TOTAL APPAREL IMPORTS (MFA),SME,2024,6,2615,7372,2615
Afghanistan,1,M2 TOTAL APPAREL IMPORTS (MFA),SME,2024,7,214,1404,214
Afghanistan,1,M2 TOTAL APPAREL IMPORTS (MFA),SME,2024,8,590,9745,590
Afghanistan,1,M2 TOTAL APPAREL IMPORTS (MFA),SME,2024,9,2118,2902,2118
Afghanistan,1,M2 TOTAL APPAREL IMPORTS (MFA),SME,2024,10,270,3892,270
Afghanistan,1,M2 TOTAL APPAREL IMPORTS (MFA),SME,2024,11,2510,6431,2510
Afghanistan,1,M2 TOTAL APPAREL IMPORTS (MFA),SME,2024,12,35,931,35
Albania,1,M2 TOTAL APPAREL IMPORTS (MFA),SME,2024,1,44675,909770,44675
Albania,1,M2 TOTAL APPAREL IMPORTS (MFA),SME,2024,2,50313,1105611,50313
Albania,1,M2 TOTAL APPAREL IMPORTS (MFA),SME,2024,3,55931,1184013,55931
Albania,1,M2 TOTAL APPAREL IMPORTS (MFA),SME,2024,4,44920,751591,44920
Albania,1,M2 TOTAL APPAREL IMPORTS (MFA),SME,2024,5,39150,678901,39150
Albania,1,M2 TOTAL APPAREL IMPORTS (MFA),SME,2024,6,28283,530185,28283
Albania,1,M2 TOTAL APPAREL IMPORTS (MFA),SME,2024,7,37136,766791,37136
Albania,1,M2 TOTAL APPAREL IMPORTS (MFA),SME,2024,8,51699,1007719,51699
Albania,1,M2 TOTAL APPAREL IMPORTS (MFA),SME,2024,9,21599,535232,21599
Albania,1,M2 TOTAL APPAREL IMPORTS (MFA),SME,2024,10,38208,963926,38208
Albania,1,M2 TOTAL APPAREL IMPORTS (MFA),SME,2024,11,38863,1041891,38863
Albania,1,M2 TOTAL APPAREL IMPORTS (MFA),SME,2024,12,54764,1324820,54764
Algeria,1,M2 TOTAL APPAREL IMPORTS (MFA),SME,2024,5,69,1591,69
Algeria,1,M2 TOTAL APPAREL IMPORTS (MFA),SME,2024,12,68,1265,68
Angola,1,M2 TOTAL APPAREL IMPORTS (MFA),SME,2024,6,187,900,187
Antigua and Barbuda,1,M2 TOTAL APPAREL IMPORTS (MFA),SME,2024,5,241,3380,241
Argentina,1,M2 TOTAL APPAREL IMPORTS (MFA),SME,2024,1,16277,32110,16277
Argentina,1,M2 TOTAL APPAREL IMPORTS (MFA),SME,2024,2,3901,35329,3901
Argentina,1,M2 TOTAL APPAREL IMPORTS (MFA),SME,2024,3,4525,10417,4525
Argentina,1,M2 TOTAL APPAREL IMPORTS (MFA),SME,2024,4,1399,6726,1399
Argentina,1,M2 TOTAL APPAREL IMPORTS (MFA),SME,2024,5,5623,15951,5623
Argentina,1,M2 TOTAL APPAREL IMPORTS (MFA),SME,2024,6,5357,7220,5357
Argentina,1,M2 TOTAL APPAREL IMPORTS (MFA),SME,2024,7,19577,15961,19577
Argentina,1,M2 TOTAL APPAREL IMPORTS (MFA),SME,2024,8,12256,30505,12256
Argentina,1,M2 TOTAL APPAREL IMPORTS (MFA),SME,2024,9,3628,14321,3628
Argentina,1,M2 TOTAL APPAREL IMPORTS (MFA),SME,2024,10,25324,68739,25324
Argentina,1,M2 TOTAL APPAREL IMPORTS (MFA),SME,2024,11,4081,15574,4081
Argentina,1,M2 TOTAL APPAREL IMPORTS (MFA),SME,2024,12,11156,54677,11156
Armenia,1,M2 TOTAL APPAREL IMPORTS (MFA),SME,2024,1,43798,949578,43798
Armenia,1,M2 TOTAL APPAREL IMPORTS (MFA),SME,2024,2,37248,494788,37248
Armenia,1,M2 TOTAL APPAREL IMPORTS (MFA),SME,2024,3,6132,152159,6132
Armenia,1,M2 TOTAL APPAREL IMPORTS (MFA),SME,2024,4,19702,368729,19702
Armenia,1,M2 TOTAL APPAREL IMPORTS (MFA),SME,2024,5,22726,649748,22726
Armenia,1,M2 TOTAL APPAREL IMPORTS (MFA),SME,2024,6,35725,1087140,35725
Armenia,1,M2 TOTAL APPAREL IMPORTS (MFA),SME,2024,7,21701,727193,21701
Armenia,1,M2 TOTAL APPAREL IMPORTS (MFA),SME,2024,8,15777,531153,15777
Armenia,1,M2 TOTAL APPAREL IMPORTS (MFA),SME,2024,9,19804,572564,19804
Armenia,1,M2 TOTAL APPAREL IMPORTS (MFA),SME,2024,10,21060,537502,21060
Armenia,1,M2 TOTAL APPAREL IMPORTS (MFA),SME,2024,11,32278,660686,32278
Armenia,1,M2 TOTAL APPAREL IMPORTS (MFA),SME,2024,12,34919,1253336,34919
Aruba,1,M2 TOTAL APPAREL IMPORTS (MFA),SME,2024,9,30,789,30
Australia,1,M2 TOTAL APPAREL IMPORTS (MFA),SME,2024,1,56419,926948,56419
Australia,1,M2 TOTAL APPAREL IMPORTS (MFA),SME,2024,2,104193,1691710,104193
Australia,1,M2 TOTAL APPAREL IMPORTS (MFA),SME,2024,3,90163,1457703,90163
Australia,1,M2 TOTAL APPAREL IMPORTS (MFA),SME,2024,4,191819,2403966,191819
Australia,1,M2 TOTAL APPAREL IMPORTS (MFA),SME,2024,5,63565,1256832,63565
Australia,1,M2 TOTAL APPAREL IMPORTS (MFA),SME,2024,6,52878,1046899,52878
Australia,1,M2 TOTAL APPAREL IMPORTS (MFA),SME,2024,7,46761,1049268,46761
Australia,1,M2 TOTAL APPAREL IMPORTS (MFA),SME,2024,8,53685,1112739,53685
Australia,1,M2 TOTAL APPAREL IMPORTS (MFA),SME,2024,9,68404,1249247,68404
Australia,1,M2 TOTAL APPAREL IMPORTS (MFA),SME,2024,10,51153,1066169,51153
Australia,1,M2 TOTAL APPAREL IMPORTS (MFA),SME,2024,11,75357,998880,75357
Australia,1,M2 TOTAL APPAREL IMPORTS (MFA),SME,2024,12,61428,1172629,61428
Austria,1,M2 TOTAL APPAREL IMPORTS (MFA),SME,2024,1,71991,617716,71991
Austria,1,M2 TOTAL APPAREL IMPORTS (MFA),SME,2024,2,49970,751007,49970
Austria,1,M2 TOTAL APPAREL IMPORTS (MFA),SME,2024,3,42739,468326,42739
Austria,1,M2 TOTAL APPAREL IMPORTS (MFA),SME,2024,4,7274,168596,7274
Austria,1,M2 TOTAL APPAREL IMPORTS (MFA),SME,2024,5,25774,72220,25774
Austria,1,M2 TOTAL APPAREL IMPORTS (MFA),SME,2024,6,9562,115301,9562
Austria,1,M2 TOTAL APPAREL IMPORTS (MFA),SME,2024,7,8535,159953,8535
Austria,1,M2 TOTAL APPAREL IMPORTS (MFA),SME,2024,8,46995,671190,46995
Austria,1,M2 TOTAL APPAREL IMPORTS (MFA),SME,2024,9,45769,650370,45769
Austria,1,M2 TOTAL APPAREL IMPORTS (MFA),SME,2024,10,348372,1732059,348372
Austria,1,M2 TOTAL APPAREL IMPORTS (MFA),SME,2024,11,38323,775560,38323
Austria,1,M2 TOTAL APPAREL IMPORTS (MFA),SME,2024,12,35512,387209,35512
Azerbaijan,1,M2 TOTAL APPAREL IMPORTS (MFA),SME,2024,3,99,6561,99
Azerbaijan,1,M2 TOTAL APPAREL IMPORTS (MFA),SME,2024,4,15,435,15
Azerbaijan,1,M2 TOTAL APPAREL IMPORTS (MFA),SME,2024,7,38,2835,38
Azerbaijan,1,M2 TOTAL APPAREL IMPORTS (MFA),SME,2024,11,143,15827,143
Azerbaijan,1,M2 TOTAL APPAREL IMPORTS (MFA),SME,2024,12,198,3257,198
Bahamas,1,M2 TOTAL APPAREL IMPORTS (MFA),SME,2024,1,35,450,35
Bahamas,1,M2 TOTAL APPAREL IMPORTS (MFA),SME,2024,2,85,2038,85
Bahamas,1,M2 TOTAL APPAREL IMPORTS (MFA),SME,2024,6,438,1663,438
Bahamas,1,M2 TOTAL APPAREL IMPORTS (MFA),SME,2024,8,6,272,6
Bahamas,1,M2 TOTAL APPAREL IMPORTS (MFA),SME,2024,9,12,1322,12
Bahamas,1,M2 TOTAL APPAREL IMPORTS (MFA),SME,2024,10,12,916,12
Bahamas,1,M2 TOTAL APPAREL IMPORTS (MFA),SME,2024,11,250,12615,250
Bahamas,1,M2 TOTAL APPAREL IMPORTS (MFA),SME,2024,12,50,3649,50
Bahrain,1,M2 TOTAL APPAREL IMPORTS (MFA),SME,2024,1,104,2886,104
Bahrain,1,M2 TOTAL APPAREL IMPORTS (MFA),SME,2024,2,293,2932,293
Bahrain,1,M2 TOTAL APPAREL IMPORTS (MFA),SME,2024,3,308,4605,308
Bahrain,1,M2 TOTAL APPAREL IMPORTS (MFA),SME,2024,5,35,1420,35
Bahrain,1,M2 TOTAL APPAREL IMPORTS (MFA),SME,2024,6,15,321,15
Bahrain,1,M2 TOTAL APPAREL IMPORTS (MFA),SME,2024,8,38,340,38
Bahrain,1,M2 TOTAL APPAREL IMPORTS (MFA),SME,2024,9,584,16655,584
Bahrain,1,M2 TOTAL APPAREL IMPORTS (MFA),SME,2024,10,94,5645,94
Bahrain,1,M2 TOTAL APPAREL IMPORTS (MFA),SME,2024,11,1451,23961,1451
Bangladesh,1,M2 TOTAL APPAREL IMPORTS (MFA),SME,2024,1,175120781,547964183,175120781
Bangladesh,1,M2 TOTAL APPAREL IMPORTS (MFA),SME,2024,2,220632640,637128279,220632640
Bangladesh,1,M2 TOTAL APPAREL IMPORTS (MFA),SME,2024,3,190313305,570974784,190313305
Bangladesh,1,M2 TOTAL APPAREL IMPORTS (MFA),SME,2024,4,177176404,550567152,177176404
Bangladesh,1,M2 TOTAL APPAREL IMPORTS (MFA),SME,2024,5,192956769,596672469,192956769
Bangladesh,1,M2 TOTAL APPAREL IMPORTS (MFA),SME,2024,6,156126643,496364328,156126643
Bangladesh,1,M2 TOTAL APPAREL IMPORTS (MFA),SME,2024,7,216829497,695278230,216829497
Bangladesh,1,M2 TOTAL APPAREL IMPORTS (MFA),SME,2024,8,193695115,614665123,193695115
Bangladesh,1,M2 TOTAL APPAREL IMPORTS (MFA),SME,2024,9,215745939,703809517,215745939
Bangladesh,1,M2 TOTAL APPAREL IMPORTS (MFA),SME,2024,10,227904115,732716576,227904115
Bangladesh,1,M2 TOTAL APPAREL IMPORTS (MFA),SME,2024,11,207203914,616279741,207203914
Bangladesh,1,M2 TOTAL APPAREL IMPORTS (MFA),SME,2024,12,195896584,580425814,195896584
Barbados,1,M2 TOTAL APPAREL IMPORTS (MFA),SME,2024,1,49,2839,49
Barbados,1,M2 TOTAL APPAREL IMPORTS (MFA),SME,2024,2,183,701,183
Barbados,1,M2 TOTAL APPAREL IMPORTS (MFA),SME,2024,3,86,1828,86
Barbados,1,M2 TOTAL APPAREL IMPORTS (MFA),SME,2024,4,798,2006,798
Barbados,1,M2 TOTAL APPAREL IMPORTS (MFA),SME,2024,6,24,530,24
Barbados,1,M2 TOTAL APPAREL IMPORTS (MFA),SME,2024,7,2042,14946,2042
Barbados,1,M2 TOTAL APPAREL IMPORTS (MFA),SME,2024,9,30472,231891,30472
Barbados,1,M2 TOTAL APPAREL IMPORTS (MFA),SME,2024,11,66,1318,66
Barbados,1,M2 TOTAL APPAREL IMPORTS (MFA),SME,2024,12,191,1205,191
Belarus,1,M2 TOTAL APPAREL IMPORTS (MFA),SME,2024,1,19339,29750,19339
Belarus,1,M2 TOTAL APPAREL IMPORTS (MFA),SME,2024,2,10255,36194,10255
Belarus,1,M2 TOTAL APPAREL IMPORTS (MFA),SME,2024,3,14563,31626,14563
Belarus,1,M2 TOTAL APPAREL IMPORTS (MFA),SME,2024,4,16725,29710,16725
Belarus,1,M2 TOTAL APPAREL IMPORTS (MFA),SME,2024,6,38,296,38
Belarus,1,M2 TOTAL APPAREL IMPORTS (MFA),SME,2024,7,21859,30658,21859
Belarus,1,M2 TOTAL APPAREL IMPORTS (MFA),SME,2024,8,12727,40068,12727
Belarus,1,M2 TOTAL APPAREL IMPORTS (MFA),SME,2024,10,380,3263,380
Belarus,1,M2 TOTAL APPAREL IMPORTS (MFA),SME,2024,11,20664,30743,20664
Belgium,1,M2 TOTAL APPAREL IMPORTS (MFA),SME,2024,1,22941,238356,22941
Belgium,1,M2 TOTAL APPAREL IMPORTS (MFA),SME,2024,2,23654,759238,23654
Belgium,1,M2 TOTAL APPAREL IMPORTS (MFA),SME,2024,3,19884,471124,19884
Belgium,1,M2 TOTAL APPAREL IMPORTS (MFA),SME,2024,4,12953,200494,12953
Belgium,1,M2 TOTAL APPAREL IMPORTS (MFA),SME,2024,5,4913,134908,4913
Belgium,1,M2 TOTAL APPAREL IMPORTS (MFA),SME,2024,6,4135,161667,4135
Belgium,1,M2 TOTAL APPAREL IMPORTS (MFA),SME,2024,7,34240,570896,34240
Belgium,1,M2 TOTAL APPAREL IMPORTS (MFA),SME,2024,8,8453,365387,8453
Belgium,1,M2 TOTAL APPAREL IMPORTS (MFA),SME,2024,9,92864,501638,92864
Belgium,1,M2 TOTAL APPAREL IMPORTS (MFA),SME,2024,10,4900,215990,4900
Belgium,1,M2 TOTAL APPAREL IMPORTS (MFA),SME,2024,11,22723,186310,22723
Belgium,1,M2 TOTAL APPAREL IMPORTS (MFA),SME,2024,12,5705,151084,5705
Benin,1,M2 TOTAL APPAREL IMPORTS (MFA),SME,2024,1,99779,202683,99779
Benin,1,M2 TOTAL APPAREL IMPORTS (MFA),SME,2024,2,100665,320171,100665
Benin,1,M2 TOTAL APPAREL IMPORTS (MFA),SME,2024,3,91318,190477,91318
Benin,1,M2 TOTAL APPAREL IMPORTS (MFA),SME,2024,4,88233,235347,88233
Benin,1,M2 TOTAL APPAREL IMPORTS (MFA),SME,2024,5,141153,335952,141153
Benin,1,M2 TOTAL APPAREL IMPORTS (MFA),SME,2024,6,293399,403430,293399
Benin,1,M2 TOTAL APPAREL IMPORTS (MFA),SME,2024,8,86331,106378,86331
Benin,1,M2 TOTAL APPAREL IMPORTS (MFA),SME,2024,9,195721,346017,195721
Benin,1,M2 TOTAL APPAREL IMPORTS (MFA),SME,2024,10,85837,166545,85837
Benin,1,M2 TOTAL APPAREL IMPORTS (MFA),SME,2024,11,83964,216470,83964
Benin,1,M2 TOTAL APPAREL IMPORTS (MFA),SME,2024,12,121663,269017,121663
Bhutan,1,M2 TOTAL APPAREL IMPORTS (MFA),SME,2024,3,12,582,12
Bhutan,1,M2 TOTAL APPAREL IMPORTS (MFA),SME,2024,7,38,400,38
Bolivia,1,M2 TOTAL APPAREL IMPORTS (MFA),SME,2024,1,11980,132271,11980
Bolivia,1,M2 TOTAL APPAREL IMPORTS (MFA),SME,2024,2,21495,158139,21495
Bolivia,1,M2 TOTAL APPAREL IMPORTS (MFA),SME,2024,3,4713,74846,4713
Bolivia,1,M2 TOTAL APPAREL IMPORTS (MFA),SME,2024,4,20537,143271,20537
Bolivia,1,M2 TOTAL APPAREL IMPORTS (MFA),SME,2024,5,29588,332146,29588
Bolivia,1,M2 TOTAL APPAREL IMPORTS (MFA),SME,2024,6,8523,132626,8523
Bolivia,1,M2 TOTAL APPAREL IMPORTS (MFA),SME,2024,7,24349,397950,24349
Bolivia,1,M2 TOTAL APPAREL IMPORTS (MFA),SME,2024,8,29353,281336,29353
Bolivia,1,M2 TOTAL APPAREL IMPORTS (MFA),SME,2024,9,13271,211788,13271
Bolivia,1,M2 TOTAL APPAREL IMPORTS (MFA),SME,2024,10,42250,312145,42250
Bolivia,1,M2 TOTAL APPAREL IMPORTS (MFA),SME,2024,11,20024,260278,20024
Bolivia,1,M2 TOTAL APPAREL IMPORTS (MFA),SME,2024,12,37141,380316,37141
Bosnia-Hercegovina,1,M2 TOTAL APPAREL IMPORTS (MFA),SME,2024,1,34987,759121,34987
Bosnia-Hercegovina,1,M2 TOTAL APPAREL IMPORTS (MFA),SME,2024,2,66384,1469356,66384
Bosnia-Hercegovina,1,M2 TOTAL APPAREL IMPORTS (MFA),SME,2024,3,28398,760448,28398
Bosnia-Hercegovina,1,M2 TOTAL APPAREL IMPORTS (MFA),SME,2024,4,21220,431145,21220
Bosnia-Hercegovina,1,M2 TOTAL APPAREL IMPORTS (MFA),SME,2024,5,27846,830184,27846
Bosnia-Hercegovina,1,M2 TOTAL APPAREL IMPORTS (MFA),SME,2024,6,46706,1045278,46706
Bosnia-Hercegovina,1,M2 TOTAL APPAREL IMPORTS (MFA),SME,2024,7,33917,1193361,33917
Bosnia-Hercegovina,1,M2 TOTAL APPAREL IMPORTS (MFA),SME,2024,8,32009,1131820,32009
Bosnia-Hercegovina,1,M2 TOTAL APPAREL IMPORTS (MFA),SME,2024,9,46981,1308206,46981
Bosnia-Hercegovina,1,M2 TOTAL APPAREL IMPORTS (MFA),SME,2024,10,50229,1027412,50229
Bosnia-Hercegovina,1,M2 TOTAL APPAREL IMPORTS (MFA),SME,2024,11,26005,812228,26005
Bosnia-Hercegovina,1,M2 TOTAL APPAREL IMPORTS (MFA),SME,2024,12,18817,611501,18817
Botswana,1,M2 TOTAL APPAREL IMPORTS (MFA),SME,2024,1,6,284,6
Brazil,1,M2 TOTAL APPAREL IMPORTS (MFA),SME,2024,1,156277,1480486,156277
Brazil,1,M2 TOTAL APPAREL IMPORTS (MFA),SME,2024,2,182088,1751438,182088
Brazil,1,M2 TOTAL APPAREL IMPORTS (MFA),SME,2024,3,158538,1539801,158538
Brazil,1,M2 TOTAL APPAREL IMPORTS (MFA),SME,2024,4,119509,1170123,119509
Brazil,1,M2 TOTAL APPAREL IMPORTS (MFA),SME,2024,5,201660,1692232,201660
Brazil,1,M2 TOTAL APPAREL IMPORTS (MFA),SME,2024,6,175406,1382875,175406
Brazil,1,M2 TOTAL APPAREL IMPORTS (MFA),SME,2024,7,183887,1159628,183887
Brazil,1,M2 TOTAL APPAREL IMPORTS (MFA),SME,2024,8,140903,1265793,140903
Brazil,1,M2 TOTAL APPAREL IMPORTS (MFA),SME,2024,9,166913,1046086,166913
Brazil,1,M2 TOTAL APPAREL IMPORTS (MFA),SME,2024,10,188114,1310601,188114
Brazil,1,M2 TOTAL APPAREL IMPORTS (MFA),SME,2024,11,123506,1551826,123506
Brazil,1,M2 TOTAL APPAREL IMPORTS (MFA),SME,2024,12,297157,1571981,297157
British Virgin Isls.,1,M2 TOTAL APPAREL IMPORTS (MFA),SME,2024,6,189,1549,189
British Virgin Isls.,1,M2 TOTAL APPAREL IMPORTS (MFA),SME,2024,8,42180,89766,42180
Brunei,1,M2 TOTAL APPAREL IMPORTS (MFA),SME,2024,1,30076,231206,30076
Brunei,1,M2 TOTAL APPAREL IMPORTS (MFA),SME,2024,2,61776,396270,61776
Brunei,1,M2 TOTAL APPAREL IMPORTS (MFA),SME,2024,3,24459,139194,24459
Brunei,1,M2 TOTAL APPAREL IMPORTS (MFA),SME,2024,4,38308,199658,38308
Brunei,1,M2 TOTAL APPAREL IMPORTS (MFA),SME,2024,5,38188,252079,38188
Brunei,1,M2 TOTAL APPAREL IMPORTS (MFA),SME,2024,6,52886,380047,52886
Brunei,1,M2 TOTAL APPAREL IMPORTS (MFA),SME,2024,7,20573,129460,20573
Brunei,1,M2 TOTAL APPAREL IMPORTS (MFA),SME,2024,8,63991,459265,63991
Brunei,1,M2 TOTAL APPAREL IMPORTS (MFA),SME,2024,9,129413,693297,129413
Brunei,1,M2 TOTAL APPAREL IMPORTS (MFA),SME,2024,10,87755,745529,87755
Brunei,1,M2 TOTAL APPAREL IMPORTS (MFA),SME,2024,11,61031,401534,61031
Brunei,1,M2 TOTAL APPAREL IMPORTS (MFA),SME,2024,12,55272,305505,55272
Bulgaria,1,M2 TOTAL APPAREL IMPORTS (MFA),SME,2024,1,464738,6317801,464738
Bulgaria,1,M2 TOTAL APPAREL IMPORTS (MFA),SME,2024,2,304861,6075909,304861
Bulgaria,1,M2 TOTAL APPAREL IMPORTS (MFA),SME,2024,3,355391,6533409,355391
Bulgaria,1,M2 TOTAL APPAREL IMPORTS (MFA),SME,2024,4,332092,5580485,332092
Bulgaria,1,M2 TOTAL APPAREL IMPORTS (MFA),SME,2024,5,298725,5269828,298725
Bulgaria,1,M2 TOTAL APPAREL IMPORTS (MFA),SME,2024,6,286473,4863335,286473
Bulgaria,1,M2 TOTAL APPAREL IMPORTS (MFA),SME,2024,7,354669,7454644,354669
Bulgaria,1,M2 TOTAL APPAREL IMPORTS (MFA),SME,2024,8,351042,7482948,351042
Bulgaria,1,M2 TOTAL APPAREL IMPORTS (MFA),SME,2024,9,340106,5633247,340106
Bulgaria,1,M2 TOTAL APPAREL IMPORTS (MFA),SME,2024,10,367716,6563185,367716
Bulgaria,1,M2 TOTAL APPAREL IMPORTS (MFA),SME,2024,11,380819,6320422,380819
Bulgaria,1,M2 TOTAL APPAREL IMPORTS (MFA),SME,2024,12,410586,6653566,410586
Burkina Faso,1,M2 TOTAL APPAREL IMPORTS (MFA),SME,2024,4,2949,2134,2949
Burkina Faso,1,M2 TOTAL APPAREL IMPORTS (MFA),SME,2024,5,3290,1161,3290
Burkina Faso,1,M2 TOTAL APPAREL IMPORTS (MFA),SME,2024,6,2588,3819,2588
Burkina Faso,1,M2 TOTAL APPAREL IMPORTS (MFA),SME,2024,8,38,1902,38
Burkina Faso,1,M2 TOTAL APPAREL IMPORTS (MFA),SME,2024,9,425,600,425
Burma (Myanmar),1,M2 TOTAL APPAREL IMPORTS (MFA),SME,2024,1,6399224,15225920,6399224
Burma (Myanmar),1,M2 TOTAL APPAREL IMPORTS (MFA),SME,2024,2,5351454,14079547,5351454
Burma (Myanmar),1,M2 TOTAL APPAREL IMPORTS (MFA),SME,2024,3,6897840,16888316,6897840
Burma (Myanmar),1,M2 TOTAL APPAREL IMPORTS (MFA),SME,2024,4,5344794,12056916,5344794
Burma (Myanmar),1,M2 TOTAL APPAREL IMPORTS (MFA),SME,2024,5,4752696,12511038,4752696
Burma (Myanmar),1,M2 TOTAL APPAREL IMPORTS (MFA),SME,2024,6,5877470,14069646,5877470
Burma (Myanmar),1,M2 TOTAL APPAREL IMPORTS (MFA),SME,2024,7,9389084,17443185,9389084
Burma (Myanmar),1,M2 TOTAL APPAREL IMPORTS (MFA),SME,2024,8,10840345,24900102,10840345
Burma (Myanmar),1,M2 TOTAL APPAREL IMPORTS (MFA),SME,2024,9,9912281,23403266,9912281
Burma (Myanmar),1,M2 TOTAL APPAREL IMPORTS (MFA),SME,2024,10,13638865,29735556,13638865
Burma (Myanmar),1,M2 TOTAL APPAREL IMPORTS (MFA),SME,2024,11,10345784,20408895,10345784
Burma (Myanmar),1,M2 TOTAL APPAREL IMPORTS (MFA),SME,2024,12,10252269,25847807,10252269
Burundi,1,M2 TOTAL APPAREL IMPORTS (MFA),SME,2024,2,35,315,35
Burundi,1,M2 TOTAL APPAREL IMPORTS (MFA),SME,2024,3,7372,28429,7372
Burundi,1,M2 TOTAL APPAREL IMPORTS (MFA),SME,2024,4,4610,33810,4610
Burundi,1,M2 TOTAL APPAREL IMPORTS (MFA),SME,2024,5,17592,78021,17592
Burundi,1,M2 TOTAL APPAREL IMPORTS (MFA),SME,2024,10,57695,189572,57695
Burundi,1,M2 TOTAL APPAREL IMPORTS (MFA),SME,2024,12,114,2843,114
Cabo Verde,1,M2 TOTAL APPAREL IMPORTS (MFA),SME,2024,7,35,432,35
Cambodia,1,M2 TOTAL APPAREL IMPORTS (MFA),SME,2024,1,78002660,250098821,78002660
Cambodia,1,M2 TOTAL APPAREL IMPORTS (MFA),SME,2024,2,99966395,295190459,99966395
Cambodia,1,M2 TOTAL APPAREL IMPORTS (MFA),SME,2024,3,84654158,263036753,84654158
Cambodia,1,M2 TOTAL APPAREL IMPORTS (MFA),SME,2024,4,70558315,219275709,70558315
Cambodia,1,M2 TOTAL APPAREL IMPORTS (MFA),SME,2024,5,77745539,257532810,77745539
Cambodia,1,M2 TOTAL APPAREL IMPORTS (MFA),SME,2024,6,65963749,242240877,65963749
Cambodia,1,M2 TOTAL APPAREL IMPORTS (MFA),SME,2024,7,112785213,379070091,112785213
Cambodia,1,M2 TOTAL APPAREL IMPORTS (MFA),SME,2024,8,112911794,386406315,112911794
Cambodia,1,M2 TOTAL APPAREL IMPORTS (MFA),SME,2024,9,142671144,488084625,142671144
Cambodia,1,M2 TOTAL APPAREL IMPORTS (MFA),SME,2024,10,135696640,442649716,135696640
Cambodia,1,M2 TOTAL APPAREL IMPORTS (MFA),SME,2024,11,80947483,256755599,80947483
Cambodia,1,M2 TOTAL APPAREL IMPORTS (MFA),SME,2024,12,102650536,321291198,102650536
Cameroon,1,M2 TOTAL APPAREL IMPORTS (MFA),SME,2024,4,4623,3289,4623
Cameroon,1,M2 TOTAL APPAREL IMPORTS (MFA),SME,2024,5,601,6154,601
Cameroon,1,M2 TOTAL APPAREL IMPORTS (MFA),SME,2024,6,190,1744,190
Cameroon,1,M2 TOTAL APPAREL IMPORTS (MFA),SME,2024,7,417,2322,417
Cameroon,1,M2 TOTAL APPAREL IMPORTS (MFA),SME,2024,8,2062,7773,2062
Cameroon,1,M2 TOTAL APPAREL IMPORTS (MFA),SME,2024,9,158,2915,158
Cameroon,1,M2 TOTAL APPAREL IMPORTS (MFA),SME,2024,10,15,525,15
Cameroon,1,M2 TOTAL APPAREL IMPORTS (MFA),SME,2024,11,164,872,164
Canada,1,M2 TOTAL APPAREL IMPORTS (MFA),SME,2024,1,2996901,38910127,2996901
Canada,1,M2 TOTAL APPAREL IMPORTS (MFA),SME,2024,2,2728923,37966676,2728923
Canada,1,M2 TOTAL APPAREL IMPORTS (MFA),SME,2024,3,2585029,35761679,2585029
Canada,1,M2 TOTAL APPAREL IMPORTS (MFA),SME,2024,4,2495526,32701873,2495526
Canada,1,M2 TOTAL APPAREL IMPORTS (MFA),SME,2024,5,2229126,36227153,2229126
Canada,1,M2 TOTAL APPAREL IMPORTS (MFA),SME,2024,6,3476413,44773816,3476413
Canada,1,M2 TOTAL APPAREL IMPORTS (MFA),SME,2024,7,3819027,46114928,3819027
Canada,1,M2 TOTAL APPAREL IMPORTS (MFA),SME,2024,8,3604718,52205121,3604718
Canada,1,M2 TOTAL APPAREL IMPORTS (MFA),SME,2024,9,3395718,49730301,3395718
Canada,1,M2 TOTAL APPAREL IMPORTS (MFA),SME,2024,10,3352082,46522865,3352082
Canada,1,M2 TOTAL APPAREL IMPORTS (MFA),SME,2024,11,2787588,43519127,2787588
Canada,1,M2 TOTAL APPAREL IMPORTS (MFA),SME,2024,12,2839620,40993008,2839620
Cayman Islands,1,M2 TOTAL APPAREL IMPORTS (MFA),SME,2024,2,80,750,80
Central African Rep.,1,M2 TOTAL APPAREL IMPORTS (MFA),SME,2024,2,35,8096,35
Chad,1,M2 TOTAL APPAREL IMPORTS (MFA),SME,2024,3,114,300,114
Chad,1,M2 TOTAL APPAREL IMPORTS (MFA),SME,2024,10,277,2783,277
Chile,1,M2 TOTAL APPAREL IMPORTS (MFA),SME,2024,1,6523,327667,6523
Chile,1,M2 TOTAL APPAREL IMPORTS (MFA),SME,2024,2,22382,1109143,22382
Chile,1,M2 TOTAL APPAREL IMPORTS (MFA),SME,2024,3,17287,771978,17287
Chile,1,M2 TOTAL APPAREL IMPORTS (MFA),SME,2024,4,15415,704329,15415
Chile,1,M2 TOTAL APPAREL IMPORTS (MFA),SME,2024,5,16605,760684,16605
Chile,1,M2 TOTAL APPAREL IMPORTS (MFA),SME,2024,6,24367,872347,24367
Chile,1,M2 TOTAL APPAREL IMPORTS (MFA),SME,2024,7,16784,800779,16784
Chile,1,M2 TOTAL APPAREL IMPORTS (MFA),SME,2024,8,15518,712685,15518
Chile,1,M2 TOTAL APPAREL IMPORTS (MFA),SME,2024,9,13415,669254,13415
Chile,1,M2 TOTAL APPAREL IMPORTS (MFA),SME,2024,10,13717,684090,13717
Chile,1,M2 TOTAL APPAREL IMPORTS (MFA),SME,2024,11,18149,1204411,18149
Chile,1,M2 TOTAL APPAREL IMPORTS (MFA),SME,2024,12,11769,581055,11769
China,1,M2 TOTAL APPAREL IMPORTS (MFA),SME,2024,1,787977992,1410011138,787977992
China,1,M2 TOTAL APPAREL IMPORTS (MFA),SME,2024,2,653611931,1134718124,653611931
China,1,M2 TOTAL APPAREL IMPORTS (MFA),SME,2024,3,480007887,907074433,480007887
China,1,M2 TOTAL APPAREL IMPORTS (MFA),SME,2024,4,481879407,877140272,481879407
China,1,M2 TOTAL APPAREL IMPORTS (MFA),SME,2024,5,672761121,1109149071,672761121
China,1,M2 TOTAL APPAREL IMPORTS (MFA),SME,2024,6,791254235,1386904091,791254235
China,1,M2 TOTAL APPAREL IMPORTS (MFA),SME,2024,7,1058841803,1939228843,1058841803
China,1,M2 TOTAL APPAREL IMPORTS (MFA),SME,2024,8,1087213392,1930832819,1087213392
China,1,M2 TOTAL APPAREL IMPORTS (MFA),SME,2024,9,1024806454,1814258601,1024806454
China,1,M2 TOTAL APPAREL IMPORTS (MFA),SME,2024,10,859815169,1526036914,859815169
China,1,M2 TOTAL APPAREL IMPORTS (MFA),SME,2024,11,687935662,1194347335,687935662
China,1,M2 TOTAL APPAREL IMPORTS (MFA),SME,2024,12,707396510,1277705072,707396510
Christmas Island,1,M2 TOTAL APPAREL IMPORTS (MFA),SME,2024,3,35,850,35
Christmas Island,1,M2 TOTAL APPAREL IMPORTS (MFA),SME,2024,4,5155,3557,5155
Christmas Island,1,M2 TOTAL APPAREL IMPORTS (MFA),SME,2024,5,35,560,35
Christmas Island,1,M2 TOTAL APPAREL IMPORTS (MFA),SME,2024,11,11,350,11
Cocos (Keeling) Islands,1,M2 TOTAL APPAREL IMPORTS (MFA),SME,2024,5,2367,13045,2367
Cocos (Keeling) Islands,1,M2 TOTAL APPAREL IMPORTS (MFA),SME,2024,11,2161,5669,2161
Colombia,1,M2 TOTAL APPAREL IMPORTS (MFA),SME,2024,1,1609254,14657433,1609254
Colombia,1,M2 TOTAL APPAREL IMPORTS (MFA),SME,2024,2,2183853,17667202,2183853
Colombia,1,M2 TOTAL APPAREL IMPORTS (MFA),SME,2024,3,2402995,19949328,2402995
Colombia,1,M2 TOTAL APPAREL IMPORTS (MFA),SME,2024,4,2307152,20106252,2307152
Colombia,1,M2 TOTAL APPAREL IMPORTS (MFA),SME,2024,5,2400870,20137730,2400870
Colombia,1,M2 TOTAL APPAREL IMPORTS (MFA),SME,2024,6,1893861,17122430,1893861
Colombia,1,M2 TOTAL APPAREL IMPORTS (MFA),SME,2024,7,2474218,17872751,2474218
Colombia,1,M2 TOTAL APPAREL IMPORTS (MFA),SME,2024,8,1885199,17566557,1885199
Colombia,1,M2 TOTAL APPAREL IMPORTS (MFA),SME,2024,9,1632508,15142713,1632508
Colombia,1,M2 TOTAL APPAREL IMPORTS (MFA),SME,2024,10,1879495,15587682,1879495
Colombia,1,M2 TOTAL APPAREL IMPORTS (MFA),SME,2024,11,1701572,16914416,1701572
Colombia,1,M2 TOTAL APPAREL IMPORTS (MFA),SME,2024,12,2108495,17491013,2108495
Comoros,1,M2 TOTAL APPAREL IMPORTS (MFA),SME,2024,1,15,266,15
Comoros,1,M2 TOTAL APPAREL IMPORTS (MFA),SME,2024,10,15,980,15
"Congo, Democratic Republic of",1,M2 TOTAL APPAREL IMPORTS (MFA),SME,2024,9,1895,2000,1895
"Congo, Democratic Republic of",1,M2 TOTAL APPAREL IMPORTS (MFA),SME,2024,10,796,1000,796
Cook Islands,1,M2 TOTAL APPAREL IMPORTS (MFA),SME,2024,6,2653,15739,2653
Costa Rica,1,M2 TOTAL APPAREL IMPORTS (MFA),SME,2024,1,112708,928767,112708
Costa Rica,1,M2 TOTAL APPAREL IMPORTS (MFA),SME,2024,2,139770,1171970,139770
Costa Rica,1,M2 TOTAL APPAREL IMPORTS (MFA),SME,2024,3,217357,1349002,217357
Costa Rica,1,M2 TOTAL APPAREL IMPORTS (MFA),SME,2024,4,141399,788818,141399
Costa Rica,1,M2 TOTAL APPAREL IMPORTS (MFA),SME,2024,5,191291,1371213,191291
Costa Rica,1,M2 TOTAL APPAREL IMPORTS (MFA),SME,2024,6,170231,1403721,170231
Costa Rica,1,M2 TOTAL APPAREL IMPORTS (MFA),SME,2024,7,95655,751877,95655
Costa Rica,1,M2 TOTAL APPAREL IMPORTS (MFA),SME,2024,8,144699,1160404,144699
Costa Rica,1,M2 TOTAL APPAREL IMPORTS (MFA),SME,2024,9,170437,1130605,170437
Costa Rica,1,M2 TOTAL APPAREL IMPORTS (MFA),SME,2024,10,153397,1314400,153397
Costa Rica,1,M2 TOTAL APPAREL IMPORTS (MFA),SME,2024,11,126159,959861,126159
Costa Rica,1,M2 TOTAL APPAREL IMPORTS (MFA),SME,2024,12,122076,1035522,122076
Cote D’Ivoire,1,M2 TOTAL APPAREL IMPORTS (MFA),SME,2024,3,1907,5005,1907
Cote D’Ivoire,1,M2 TOTAL APPAREL IMPORTS (MFA),SME,2024,4,455,2835,455
Cote D’Ivoire,1,M2 TOTAL APPAREL IMPORTS (MFA),SME,2024,7,15,302,15
Cote D’Ivoire,1,M2 TOTAL APPAREL IMPORTS (MFA),SME,2024,8,25,1208,25
Cote D’Ivoire,1,M2 TOTAL APPAREL IMPORTS (MFA),SME,2024,10,76,565,76
Cote D’Ivoire,1,M2 TOTAL APPAREL IMPORTS (MFA),SME,2024,11,2700,48254,2700
Croatia,1,M2 TOTAL APPAREL IMPORTS (MFA),SME,2024,1,39327,791997,39327
Croatia,1,M2 TOTAL APPAREL IMPORTS (MFA),SME,2024,2,34721,735113,34721
Croatia,1,M2 TOTAL APPAREL IMPORTS (MFA),SME,2024,3,28295,516339,28295
Croatia,1,M2 TOTAL APPAREL IMPORTS (MFA),SME,2024,4,10962,337308,10962
Croatia,1,M2 TOTAL APPAREL IMPORTS (MFA),SME,2024,5,42739,389238,42739
Croatia,1,M2 TOTAL APPAREL IMPORTS (MFA),SME,2024,6,26311,424216,26311
Croatia,1,M2 TOTAL APPAREL IMPORTS (MFA),SME,2024,7,26490,477337,26490
Croatia,1,M2 TOTAL APPAREL IMPORTS (MFA),SME,2024,8,142265,824814,142265
Croatia,1,M2 TOTAL APPAREL IMPORTS (MFA),SME,2024,9,35816,535240,35816
Croatia,1,M2 TOTAL APPAREL IMPORTS (MFA),SME,2024,10,35514,570881,35514
Croatia,1,M2 TOTAL APPAREL IMPORTS (MFA),SME,2024,11,27749,360921,27749
Croatia,1,M2 TOTAL APPAREL IMPORTS (MFA),SME,2024,12,48474,599897,48474
Cyprus,1,M2 TOTAL APPAREL IMPORTS (MFA),SME,2024,1,395,4268,395
Cyprus,1,M2 TOTAL APPAREL IMPORTS (MFA),SME,2024,2,135,1369,135
Cyprus,1,M2 TOTAL APPAREL IMPORTS (MFA),SME,2024,3,110,1695,110
Cyprus,1,M2 TOTAL APPAREL IMPORTS (MFA),SME,2024,4,38,954,38
Cyprus,1,M2 TOTAL APPAREL IMPORTS (MFA),SME,2024,5,76,1947,76
Cyprus,1,M2 TOTAL APPAREL IMPORTS (MFA),SME,2024,7,38,928,38
Cyprus,1,M2 TOTAL APPAREL IMPORTS (MFA),SME,2024,8,49,616,49
Cyprus,1,M2 TOTAL APPAREL IMPORTS (MFA),SME,2024,9,38,3261,38
Cyprus,1,M2 TOTAL APPAREL IMPORTS (MFA),SME,2024,10,15,271,15
Czech Republic,1,M2 TOTAL APPAREL IMPORTS (MFA),SME,2024,1,8132,205979,8132
Czech Republic,1,M2 TOTAL APPAREL IMPORTS (MFA),SME,2024,2,4870,129215,4870
Czech Republic,1,M2 TOTAL APPAREL IMPORTS (MFA),SME,2024,3,12444,112366,12444
Czech Republic,1,M2 TOTAL APPAREL IMPORTS (MFA),SME,2024,4,4440,130092,4440
Czech Republic,1,M2 TOTAL APPAREL IMPORTS (MFA),SME,2024,5,27281,160644,27281
Czech Republic,1,M2 TOTAL APPAREL IMPORTS (MFA),SME,2024,6,7113,168755,7113
Czech Republic,1,M2 TOTAL APPAREL IMPORTS (MFA),SME,2024,7,71943,345500,71943
Czech Republic,1,M2 TOTAL APPAREL IMPORTS (MFA),SME,2024,8,8717,274612,8717
Czech Republic,1,M2 TOTAL APPAREL IMPORTS (MFA),SME,2024,9,9931,218992,9931
Czech Republic,1,M2 TOTAL APPAREL IMPORTS (MFA),SME,2024,10,25072,356672,25072
Czech Republic,1,M2 TOTAL APPAREL IMPORTS (MFA),SME,2024,11,11276,281116,11276
Czech Republic,1,M2 TOTAL APPAREL IMPORTS (MFA),SME,2024,12,21626,151640,21626
Denmark,1,M2 TOTAL APPAREL IMPORTS (MFA),SME,2024,1,12780,97942,12780
Denmark,1,M2 TOTAL APPAREL IMPORTS (MFA),SME,2024,2,22065,271840,22065
Denmark,1,M2 TOTAL APPAREL IMPORTS (MFA),SME,2024,3,8845,140109,8845
Denmark,1,M2 TOTAL APPAREL IMPORTS (MFA),SME,2024,4,4486,97856,4486
Denmark,1,M2 TOTAL APPAREL IMPORTS (MFA),SME,2024,5,25842,165267,25842
Denmark,1,M2 TOTAL APPAREL IMPORTS (MFA),SME,2024,6,22729,317446,22729
Denmark,1,M2 TOTAL APPAREL IMPORTS (MFA),SME,2024,7,90318,265893,90318
Denmark,1,M2 TOTAL APPAREL IMPORTS (MFA),SME,2024,8,34355,305593,34355
Denmark,1,M2 TOTAL APPAREL IMPORTS (MFA),SME,2024,9,37037,403247,37037
Denmark,1,M2 TOTAL APPAREL IMPORTS (MFA),SME,2024,10,27615,218583,27615
Denmark,1,M2 TOTAL APPAREL IMPORTS (MFA),SME,2024,11,24106,200550,24106
Denmark,1,M2 TOTAL APPAREL IMPORTS (MFA),SME,2024,12,10453,243881,10453
Dominica,1,M2 TOTAL APPAREL IMPORTS (MFA),SME,2024,9,6318,13274,6318
Dominica,1,M2 TOTAL APPAREL IMPORTS (MFA),SME,2024,11,2772,5841,2772
Dominica,1,M2 TOTAL APPAREL IMPORTS (MFA),SME,2024,12,2784,5842,2784
Dominican Republic,1,M2 TOTAL APPAREL IMPORTS (MFA),SME,2024,1,13756044,30973356,13756044
Dominican Republic,1,M2 TOTAL APPAREL IMPORTS (MFA),SME,2024,2,17978070,45130289,17978070
Dominican Republic,1,M2 TOTAL APPAREL IMPORTS (MFA),SME,2024,3,21316396,53325746,21316396
Dominican Republic,1,M2 TOTAL APPAREL IMPORTS (MFA),SME,2024,4,18739935,46298848,18739935
Dominican Republic,1,M2 TOTAL APPAREL IMPORTS (MFA),SME,2024,5,20742967,51932032,20742967
Dominican Republic,1,M2 TOTAL APPAREL IMPORTS (MFA),SME,2024,6,19542969,47300186,19542969
Dominican Republic,1,M2 TOTAL APPAREL IMPORTS (MFA),SME,2024,7,20531686,53804218,20531686
Dominican Republic,1,M2 TOTAL APPAREL IMPORTS (MFA),SME,2024,8,14610279,40565603,14610279
Dominican Republic,1,M2 TOTAL APPAREL IMPORTS (MFA),SME,2024,9,18638558,47150596,18638558
Dominican Republic,1,M2 TOTAL APPAREL IMPORTS (MFA),SME,2024,10,21527363,53389068,21527363
Dominican Republic,1,M2 TOTAL APPAREL IMPORTS (MFA),SME,2024,11,18773895,46222360,18773895
Dominican Republic,1,M2 TOTAL APPAREL IMPORTS (MFA),SME,2024,12,20696765,47961290,20696765
East Timor,1,M2 TOTAL APPAREL IMPORTS (MFA),SME,2024,7,606,781,606
Ecuador,1,M2 TOTAL APPAREL IMPORTS (MFA),SME,2024,1,83106,223583,83106
Ecuador,1,M2 TOTAL APPAREL IMPORTS (MFA),SME,2024,2,106673,333073,106673
Ecuador,1,M2 TOTAL APPAREL IMPORTS (MFA),SME,2024,3,163998,419723,163998
Ecuador,1,M2 TOTAL APPAREL IMPORTS (MFA),SME,2024,4,192808,467868,192808
Ecuador,1,M2 TOTAL APPAREL IMPORTS (MFA),SME,2024,5,150887,416301,150887
Ecuador,1,M2 TOTAL APPAREL IMPORTS (MFA),SME,2024,6,164541,348679,164541
Ecuador,1,M2 TOTAL APPAREL IMPORTS (MFA),SME,2024,7,202173,451962,202173
Ecuador,1,M2 TOTAL APPAREL IMPORTS (MFA),SME,2024,8,262164,482685,262164
Ecuador,1,M2 TOTAL APPAREL IMPORTS (MFA),SME,2024,9,185217,462250,185217
Ecuador,1,M2 TOTAL APPAREL IMPORTS (MFA),SME,2024,10,218815,562796,218815
Ecuador,1,M2 TOTAL APPAREL IMPORTS (MFA),SME,2024,11,279094,567306,279094
Ecuador,1,M2 TOTAL APPAREL IMPORTS (MFA),SME,2024,12,182832,419242,182832
Egypt,1,M2 TOTAL APPAREL IMPORTS (MFA),SME,2024,1,14364201,58231992,14364201
Egypt,1,M2 TOTAL APPAREL IMPORTS (MFA),SME,2024,2,26646561,91711885,26646561
Egypt,1,M2 TOTAL APPAREL IMPORTS (MFA),SME,2024,3,32283667,109922310,32283667
Egypt,1,M2 TOTAL APPAREL IMPORTS (MFA),SME,2024,4,31009019,94208928,31009019
Egypt,1,M2 TOTAL APPAREL IMPORTS (MFA),SME,2024,5,24034685,82116903,24034685
Egypt,1,M2 TOTAL APPAREL IMPORTS (MFA),SME,2024,6,22713591,94252810,22713591
Egypt,1,M2 TOTAL APPAREL IMPORTS (MFA),SME,2024,7,25886114,106152326,25886114
Egypt,1,M2 TOTAL APPAREL IMPORTS (MFA),SME,2024,8,28833715,108675304,28833715
Egypt,1,M2 TOTAL APPAREL IMPORTS (MFA),SME,2024,9,28474871,111091601,28474871
Egypt,1,M2 TOTAL APPAREL IMPORTS (MFA),SME,2024,10,33985263,137825336,33985263
Egypt,1,M2 TOTAL APPAREL IMPORTS (MFA),SME,2024,11,23321802,93536470,23321802
Egypt,1,M2 TOTAL APPAREL IMPORTS (MFA),SME,2024,12,27796937,107068480,27796937
El Salvador,1,M2 TOTAL APPAREL IMPORTS (MFA),SME,2024,1,27226338,79851754,27226338
El Salvador,1,M2 TOTAL APPAREL IMPORTS (MFA),SME,2024,2,46191729,127650238,46191729
El Salvador,1,M2 TOTAL APPAREL IMPORTS (MFA),SME,2024,3,42063934,115716861,42063934
El Salvador,1,M2 TOTAL APPAREL IMPORTS (MFA),SME,2024,4,34826284,96362406,34826284
El Salvador,1,M2 TOTAL APPAREL IMPORTS (MFA),SME,2024,5,42892993,117130105,42892993
El Salvador,1,M2 TOTAL APPAREL IMPORTS (MFA),SME,2024,6,37235377,107829404,37235377
El Salvador,1,M2 TOTAL APPAREL IMPORTS (MFA),SME,2024,7,43301647,123843606,43301647
El Salvador,1,M2 TOTAL APPAREL IMPORTS (MFA),SME,2024,8,33481234,101374987,33481234
El Salvador,1,M2 TOTAL APPAREL IMPORTS (MFA),SME,2024,9,33295501,106796374,33295501
El Salvador,1,M2 TOTAL APPAREL IMPORTS (MFA),SME,2024,10,47742627,139709214,47742627
El Salvador,1,M2 TOTAL APPAREL IMPORTS (MFA),SME,2024,11,35206393,101631170,35206393
El Salvador,1,M2 TOTAL APPAREL IMPORTS (MFA),SME,2024,12,33165106,108117080,33165106
Equatorial Guinea,1,M2 TOTAL APPAREL IMPORTS (MFA),SME,2024,5,25,648,25
Eritrea,1,M2 TOTAL APPAREL IMPORTS (MFA),SME,2024,1,60,338,60
Eritrea,1,M2 TOTAL APPAREL IMPORTS (MFA),SME,2024,2,417,1793,417
Eritrea,1,M2 TOTAL APPAREL IMPORTS (MFA),SME,2024,3,3108,13572,3108
Eritrea,1,M2 TOTAL APPAREL IMPORTS (MFA),SME,2024,4,2274,10082,2274
Eritrea,1,M2 TOTAL APPAREL IMPORTS (MFA),SME,2024,5,796,3719,796
Eritrea,1,M2 TOTAL APPAREL IMPORTS (MFA),SME,2024,6,303,1173,303
Eritrea,1,M2 TOTAL APPAREL IMPORTS (MFA),SME,2024,12,89,672,89
Estonia,1,M2 TOTAL APPAREL IMPORTS (MFA),SME,2024,1,7583,140701,7583
Estonia,1,M2 TOTAL APPAREL IMPORTS (MFA),SME,2024,2,16860,233979,16860
Estonia,1,M2 TOTAL APPAREL IMPORTS (MFA),SME,2024,3,8374,198003,8374
Estonia,1,M2 TOTAL APPAREL IMPORTS (MFA),SME,2024,4,4262,120945,4262
Estonia,1,M2 TOTAL APPAREL IMPORTS (MFA),SME,2024,5,8943,117413,8943
Estonia,1,M2 TOTAL APPAREL IMPORTS (MFA),SME,2024,6,2843,72199,2843
Estonia,1,M2 TOTAL APPAREL IMPORTS (MFA),SME,2024,7,9623,284414,9623
Estonia,1,M2 TOTAL APPAREL IMPORTS (MFA),SME,2024,8,9874,387368,9874
Estonia,1,M2 TOTAL APPAREL IMPORTS (MFA),SME,2024,9,9378,288634,9378
Estonia,1,M2 TOTAL APPAREL IMPORTS (MFA),SME,2024,10,9026,250635,9026
Estonia,1,M2 TOTAL APPAREL IMPORTS (MFA),SME,2024,11,7701,193099,7701
Estonia,1,M2 TOTAL APPAREL IMPORTS (MFA),SME,2024,12,4379,117758,4379
Eswatini (formerly Swaziland),1,M2 TOTAL APPAREL IMPORTS (MFA),SME,2024,3,140593,861693,140593
Eswatini (formerly Swaziland),1,M2 TOTAL APPAREL IMPORTS (MFA),SME,2024,4,78777,422758,78777
Eswatini (formerly Swaziland),1,M2 TOTAL APPAREL IMPORTS (MFA),SME,2024,5,72578,393353,72578
Eswatini (formerly Swaziland),1,M2 TOTAL APPAREL IMPORTS (MFA),SME,2024,6,56428,303835,56428
Eswatini (formerly Swaziland),1,M2 TOTAL APPAREL IMPORTS (MFA),SME,2024,7,72639,406724,72639
Eswatini (formerly Swaziland),1,M2 TOTAL APPAREL IMPORTS (MFA),SME,2024,8,28859,212144,28859
Eswatini (formerly Swaziland),1,M2 TOTAL APPAREL IMPORTS (MFA),SME,2024,9,57772,421342,57772
Eswatini (formerly Swaziland),1,M2 TOTAL APPAREL IMPORTS (MFA),SME,2024,10,48238,245421,48238
Eswatini (formerly Swaziland),1,M2 TOTAL APPAREL IMPORTS (MFA),SME,2024,11,63579,335893,63579
Eswatini (formerly Swaziland),1,M2 TOTAL APPAREL IMPORTS (MFA),SME,2024,12,4,356,4
Ethiopia,1,M2 TOTAL APPAREL IMPORTS (MFA),SME,2024,1,3082553,6910813,3082553
Ethiopia,1,M2 TOTAL APPAREL IMPORTS (MFA),SME,2024,2,5419003,12121061,5419003
Ethiopia,1,M2 TOTAL APPAREL IMPORTS (MFA),SME,2024,3,7621627,18893846,7621627
Ethiopia,1,M2 TOTAL APPAREL IMPORTS (MFA),SME,2024,4,4372239,10523079,4372239
Ethiopia,1,M2 TOTAL APPAREL IMPORTS (MFA),SME,2024,5,6818031,17047522,6818031
Ethiopia,1,M2 TOTAL APPAREL IMPORTS (MFA),SME,2024,6,3850723,9464803,3850723
Ethiopia,1,M2 TOTAL APPAREL IMPORTS (MFA),SME,2024,7,8745169,18375456,8745169
Ethiopia,1,M2 TOTAL APPAREL IMPORTS (MFA),SME,2024,8,5263493,15174841,5263493
Ethiopia,1,M2 TOTAL APPAREL IMPORTS (MFA),SME,2024,9,4019221,10373948,4019221
Ethiopia,1,M2 TOTAL APPAREL IMPORTS (MFA),SME,2024,10,4746601,14277796,4746601
Ethiopia,1,M2 TOTAL APPAREL IMPORTS (MFA),SME,2024,11,6649645,14440017,6649645
Ethiopia,1,M2 TOTAL APPAREL IMPORTS (MFA),SME,2024,12,6419650,12021672,6419650
Federated States of Mic,1,M2 TOTAL APPAREL IMPORTS (MFA),SME,2024,1,20,920,20
Federated States of Mic,1,M2 TOTAL APPAREL IMPORTS (MFA),SME,2024,6,21,781,21
Federated States of Mic,1,M2 TOTAL APPAREL IMPORTS (MFA),SME,2024,7,80,6320,80
Federated States of Mic,1,M2 TOTAL APPAREL IMPORTS (MFA),SME,2024,8,45,1629,45
Federated States of Mic,1,M2 TOTAL APPAREL IMPORTS (MFA),SME,2024,9,41,3359,41
Federated States of Mic,1,M2 TOTAL APPAREL IMPORTS (MFA),SME,2024,11,18,840,18
Fiji,1,M2 TOTAL APPAREL IMPORTS (MFA),SME,2024,2,422,1150,422
Fiji,1,M2 TOTAL APPAREL IMPORTS (MFA),SME,2024,3,35147,105414,35147
Fiji,1,M2 TOTAL APPAREL IMPORTS (MFA),SME,2024,6,510,6295,510
Fiji,1,M2 TOTAL APPAREL IMPORTS (MFA),SME,2024,10,1158,7293,1158
Fiji,1,M2 TOTAL APPAREL IMPORTS (MFA),SME,2024,11,4382,20366,4382
Fiji,1,M2 TOTAL APPAREL IMPORTS (MFA),SME,2024,12,143,11475,143
Finland,1,M2 TOTAL APPAREL IMPORTS (MFA),SME,2024,1,5214,72550,5214
Finland,1,M2 TOTAL APPAREL IMPORTS (MFA),SME,2024,2,529,18463,529
Finland,1,M2 TOTAL APPAREL IMPORTS (MFA),SME,2024,3,1667,41596,1667
Finland,1,M2 TOTAL APPAREL IMPORTS (MFA),SME,2024,4,273,8651,273
Finland,1,M2 TOTAL APPAREL IMPORTS (MFA),SME,2024,5,2083,20059,2083
Finland,1,M2 TOTAL APPAREL IMPORTS (MFA),SME,2024,6,2758,25378,2758
Finland,1,M2 TOTAL APPAREL IMPORTS (MFA),SME,2024,7,2654,61334,2654
Finland,1,M2 TOTAL APPAREL IMPORTS (MFA),SME,2024,8,616,18312,616
Finland,1,M2 TOTAL APPAREL IMPORTS (MFA),SME,2024,9,3012,83480,3012
Finland,1,M2 TOTAL APPAREL IMPORTS (MFA),SME,2024,10,2386,87672,2386
Finland,1,M2 TOTAL APPAREL IMPORTS (MFA),SME,2024,11,2830,27188,2830
Finland,1,M2 TOTAL APPAREL IMPORTS (MFA),SME,2024,12,913,36561,913
France,1,M2 TOTAL APPAREL IMPORTS (MFA),SME,2024,1,967393,16326716,967393
France,1,M2 TOTAL APPAREL IMPORTS (MFA),SME,2024,2,1202616,20908010,1202616
France,1,M2 TOTAL APPAREL IMPORTS (MFA),SME,2024,3,1160488,17903831,1160488
France,1,M2 TOTAL APPAREL IMPORTS (MFA),SME,2024,4,1403651,22538961,1403651
France,1,M2 TOTAL APPAREL IMPORTS (MFA),SME,2024,5,606597,16071773,606597
France,1,M2 TOTAL APPAREL IMPORTS (MFA),SME,2024,6,843310,16429064,843310
France,1,M2 TOTAL APPAREL IMPORTS (MFA),SME,2024,7,1025121,20751947,1025121
France,1,M2 TOTAL APPAREL IMPORTS (MFA),SME,2024,8,836789,15839078,836789
France,1,M2 TOTAL APPAREL IMPORTS (MFA),SME,2024,9,1378660,14433288,1378660
France,1,M2 TOTAL APPAREL IMPORTS (MFA),SME,2024,10,970054,24154977,970054
France,1,M2 TOTAL APPAREL IMPORTS (MFA),SME,2024,11,892581,19942838,892581
France,1,M2 TOTAL APPAREL IMPORTS (MFA),SME,2024,12,802513,20535725,802513
French Guiana,1,M2 TOTAL APPAREL IMPORTS (MFA),SME,2024,5,38,613,38
French Indian Ocean Areas,1,M2 TOTAL APPAREL IMPORTS (MFA),SME,2024,1,12,345,12
French Indian Ocean Areas,1,M2 TOTAL APPAREL IMPORTS (MFA),SME,2024,7,15,685,15
French Indian Ocean Areas,1,M2 TOTAL APPAREL IMPORTS (MFA),SME,2024,8,20,907,20
French Indian Ocean Areas,1,M2 TOTAL APPAREL IMPORTS (MFA),SME,2024,9,38,968,38
French Polynesia,1,M2 TOTAL APPAREL IMPORTS (MFA),SME,2024,4,2838,9329,2838
French Polynesia,1,M2 TOTAL APPAREL IMPORTS (MFA),SME,2024,5,2448,7438,2448
French Polynesia,1,M2 TOTAL APPAREL IMPORTS (MFA),SME,2024,6,922,2255,922
French Polynesia,1,M2 TOTAL APPAREL IMPORTS (MFA),SME,2024,9,12,615,12
French Polynesia,1,M2 TOTAL APPAREL IMPORTS (MFA),SME,2024,12,646,3636,646
French West Indies,1,M2 TOTAL APPAREL IMPORTS (MFA),SME,2024,1,38,252,38
French West Indies,1,M2 TOTAL APPAREL IMPORTS (MFA),SME,2024,3,38,295,38
French West Indies,1,M2 TOTAL APPAREL IMPORTS (MFA),SME,2024,4,76,5672,76
French West Indies,1,M2 TOTAL APPAREL IMPORTS (MFA),SME,2024,8,74,15592,74
French West Indies,1,M2 TOTAL APPAREL IMPORTS (MFA),SME,2024,9,70,5006,70
French West Indies,1,M2 TOTAL APPAREL IMPORTS (MFA),SME,2024,10,252,8259,252
French West Indies,1,M2 TOTAL APPAREL IMPORTS (MFA),SME,2024,12,69,4571,69
Gabon,1,M2 TOTAL APPAREL IMPORTS (MFA),SME,2024,2,94,2352,94
Gabon,1,M2 TOTAL APPAREL IMPORTS (MFA),SME,2024,6,15,435,15
Gabon,1,M2 TOTAL APPAREL IMPORTS (MFA),SME,2024,9,30,1320,30
Gambia,1,M2 TOTAL APPAREL IMPORTS (MFA),SME,2024,3,38,1757,38
Gambia,1,M2 TOTAL APPAREL IMPORTS (MFA),SME,2024,5,114,566,114
Georgia,1,M2 TOTAL APPAREL IMPORTS (MFA),SME,2024,1,35294,406473,35294
Georgia,1,M2 TOTAL APPAREL IMPORTS (MFA),SME,2024,2,48643,401487,48643
Georgia,1,M2 TOTAL APPAREL IMPORTS (MFA),SME,2024,3,94814,726096,94814
Georgia,1,M2 TOTAL APPAREL IMPORTS (MFA),SME,2024,4,49165,287533,49165
Georgia,1,M2 TOTAL APPAREL IMPORTS (MFA),SME,2024,5,89183,918230,89183
Georgia,1,M2 TOTAL APPAREL IMPORTS (MFA),SME,2024,6,14180,257034,14180
Georgia,1,M2 TOTAL APPAREL IMPORTS (MFA),SME,2024,7,44466,632399,44466
Georgia,1,M2 TOTAL APPAREL IMPORTS (MFA),SME,2024,8,11397,112534,11397
Georgia,1,M2 TOTAL APPAREL IMPORTS (MFA),SME,2024,9,42032,279657,42032
Georgia,1,M2 TOTAL APPAREL IMPORTS (MFA),SME,2024,10,8477,135707,8477
Georgia,1,M2 TOTAL APPAREL IMPORTS (MFA),SME,2024,11,78867,425542,78867
Georgia,1,M2 TOTAL APPAREL IMPORTS (MFA),SME,2024,12,95576,528122,95576
Germany,1,M2 TOTAL APPAREL IMPORTS (MFA),SME,2024,1,252147,1669098,252147
Germany,1,M2 TOTAL APPAREL IMPORTS (MFA),SME,2024,2,247068,1780224,247068
Germany,1,M2 TOTAL APPAREL IMPORTS (MFA),SME,2024,3,335473,2163672,335473
Germany,1,M2 TOTAL APPAREL IMPORTS (MFA),SME,2024,4,154691,1646270,154691
Germany,1,M2 TOTAL APPAREL IMPORTS (MFA),SME,2024,5,99983,1277809,99983
Germany,1,M2 TOTAL APPAREL IMPORTS (MFA),SME,2024,6,430487,1764037,430487
Germany,1,M2 TOTAL APPAREL IMPORTS (MFA),SME,2024,7,864674,2855892,864674
Germany,1,M2 TOTAL APPAREL IMPORTS (MFA),SME,2024,8,375837,2375410,375837
Germany,1,M2 TOTAL APPAREL IMPORTS (MFA),SME,2024,9,238717,1996303,238717
Germany,1,M2 TOTAL APPAREL IMPORTS (MFA),SME,2024,10,99160,2015225,99160
Germany,1,M2 TOTAL APPAREL IMPORTS (MFA),SME,2024,11,395243,1890147,395243
Germany,1,M2 TOTAL APPAREL IMPORTS (MFA),SME,2024,12,270475,1704247,270475
Ghana,1,M2 TOTAL APPAREL IMPORTS (MFA),SME,2024,1,1002572,2778565,1002572
Ghana,1,M2 TOTAL APPAREL IMPORTS (MFA),SME,2024,2,657904,1528213,657904
Ghana,1,M2 TOTAL APPAREL IMPORTS (MFA),SME,2024,3,2035002,5933592,2035002
Ghana,1,M2 TOTAL APPAREL IMPORTS (MFA),SME,2024,4,895269,2732345,895269
Ghana,1,M2 TOTAL APPAREL IMPORTS (MFA),SME,2024,5,1454464,4201597,1454464
Ghana,1,M2 TOTAL APPAREL IMPORTS (MFA),SME,2024,6,959819,2683390,959819
Ghana,1,M2 TOTAL APPAREL IMPORTS (MFA),SME,2024,7,660984,1710937,660984
Ghana,1,M2 TOTAL APPAREL IMPORTS (MFA),SME,2024,8,1252935,3569187,1252935
Ghana,1,M2 TOTAL APPAREL IMPORTS (MFA),SME,2024,9,891956,2924940,891956
Ghana,1,M2 TOTAL APPAREL IMPORTS (MFA),SME,2024,10,693828,1679028,693828
Ghana,1,M2 TOTAL APPAREL IMPORTS (MFA),SME,2024,11,1546959,5481881,1546959
Ghana,1,M2 TOTAL APPAREL IMPORTS (MFA),SME,2024,12,1308674,4438298,1308674
Gibraltar,1,M2 TOTAL APPAREL IMPORTS (MFA),SME,2024,3,38,700,38
Greece,1,M2 TOTAL APPAREL IMPORTS (MFA),SME,2024,1,31475,673320,31475
Greece,1,M2 TOTAL APPAREL IMPORTS (MFA),SME,2024,2,63193,1279541,63193
Greece,1,M2 TOTAL APPAREL IMPORTS (MFA),SME,2024,3,108374,1193072,108374
Greece,1,M2 TOTAL APPAREL IMPORTS (MFA),SME,2024,4,40531,986149,40531
Greece,1,M2 TOTAL APPAREL IMPORTS (MFA),SME,2024,5,46270,721625,46270
Greece,1,M2 TOTAL APPAREL IMPORTS (MFA),SME,2024,6,36347,657194,36347
Greece,1,M2 TOTAL APPAREL IMPORTS (MFA),SME,2024,7,29654,696250,29654
Greece,1,M2 TOTAL APPAREL IMPORTS (MFA),SME,2024,8,40584,877658,40584
Greece,1,M2 TOTAL APPAREL IMPORTS (MFA),SME,2024,9,28455,433592,28455
Greece,1,M2 TOTAL APPAREL IMPORTS (MFA),SME,2024,10,28668,563417,28668
Greece,1,M2 TOTAL APPAREL IMPORTS (MFA),SME,2024,11,30556,711893,30556
Greece,1,M2 TOTAL APPAREL IMPORTS (MFA),SME,2024,12,32354,699374,32354
Grenada,1,M2 TOTAL APPAREL IMPORTS (MFA),SME,2024,2,465,5984,465
Guatemala,1,M2 TOTAL APPAREL IMPORTS (MFA),SME,2024,1,27273445,133556521,27273445
Guatemala,1,M2 TOTAL APPAREL IMPORTS (MFA),SME,2024,2,25665787,122569027,25665787
Guatemala,1,M2 TOTAL APPAREL IMPORTS (MFA),SME,2024,3,24846839,113008365,24846839
Guatemala,1,M2 TOTAL APPAREL IMPORTS (MFA),SME,2024,4,26887147,129993204,26887147
Guatemala,1,M2 TOTAL APPAREL IMPORTS (MFA),SME,2024,5,27214352,138186319,27214352
Guatemala,1,M2 TOTAL APPAREL IMPORTS (MFA),SME,2024,6,24468783,127817050,24468783
Guatemala,1,M2 TOTAL APPAREL IMPORTS (MFA),SME,2024,7,30325794,160659258,30325794
Guatemala,1,M2 TOTAL APPAREL IMPORTS (MFA),SME,2024,8,28781404,154286080,28781404
Guatemala,1,M2 TOTAL APPAREL IMPORTS (MFA),SME,2024,9,27167440,146430600,27167440
Guatemala,1,M2 TOTAL APPAREL IMPORTS (MFA),SME,2024,10,23731431,131315695,23731431
Guatemala,1,M2 TOTAL APPAREL IMPORTS (MFA),SME,2024,11,17291776,102808589,17291776
Guatemala,1,M2 TOTAL APPAREL IMPORTS (MFA),SME,2024,12,23002514,124834308,23002514
Guinea,1,M2 TOTAL APPAREL IMPORTS (MFA),SME,2024,1,15,2096,15
Guinea,1,M2 TOTAL APPAREL IMPORTS (MFA),SME,2024,2,2615,1566,2615
Guinea,1,M2 TOTAL APPAREL IMPORTS (MFA),SME,2024,3,2309,2495,2309
Guinea,1,M2 TOTAL APPAREL IMPORTS (MFA),SME,2024,5,1444,1098,1444
Guinea,1,M2 TOTAL APPAREL IMPORTS (MFA),SME,2024,6,985,1583,985
Guinea,1,M2 TOTAL APPAREL IMPORTS (MFA),SME,2024,7,835,3223,835
Guinea,1,M2 TOTAL APPAREL IMPORTS (MFA),SME,2024,8,2543,4385,2543
Guinea,1,M2 TOTAL APPAREL IMPORTS (MFA),SME,2024,9,4940,3408,4940
Guinea,1,M2 TOTAL APPAREL IMPORTS (MFA),SME,2024,10,872,1261,872
Guinea,1,M2 TOTAL APPAREL IMPORTS (MFA),SME,2024,11,872,1250,872
Guinea,1,M2 TOTAL APPAREL IMPORTS (MFA),SME,2024,12,1402,1085,1402
Guinea-Bissau,1,M2 TOTAL APPAREL IMPORTS (MFA),SME,2024,4,4590,3548,4590
Guinea-Bissau,1,M2 TOTAL APPAREL IMPORTS (MFA),SME,2024,8,131,2152,131
Guyana,1,M2 TOTAL APPAREL IMPORTS (MFA),SME,2024,2,265,435,265
Guyana,1,M2 TOTAL APPAREL IMPORTS (MFA),SME,2024,11,26,734,26
Haiti,1,M2 TOTAL APPAREL IMPORTS (MFA),SME,2024,1,14585941,38376417,14585941
Haiti,1,M2 TOTAL APPAREL IMPORTS (MFA),SME,2024,2,14814434,35991782,14814434
Haiti,1,M2 TOTAL APPAREL IMPORTS (MFA),SME,2024,3,21305701,56553635,21305701
Haiti,1,M2 TOTAL APPAREL IMPORTS (MFA),SME,2024,4,17387902,44889081,17387902
Haiti,1,M2 TOTAL APPAREL IMPORTS (MFA),SME,2024,5,22858701,63234673,22858701
Haiti,1,M2 TOTAL APPAREL IMPORTS (MFA),SME,2024,6,18803273,52091195,18803273
Haiti,1,M2 TOTAL APPAREL IMPORTS (MFA),SME,2024,7,19244730,52474445,19244730
Haiti,1,M2 TOTAL APPAREL IMPORTS (MFA),SME,2024,8,17749828,49053022,17749828
Haiti,1,M2 TOTAL APPAREL IMPORTS (MFA),SME,2024,9,18403697,45599118,18403697
Haiti,1,M2 TOTAL APPAREL IMPORTS (MFA),SME,2024,10,19879695,51671101,19879695
Haiti,1,M2 TOTAL APPAREL IMPORTS (MFA),SME,2024,11,18941348,42734067,18941348
Haiti,1,M2 TOTAL APPAREL IMPORTS (MFA),SME,2024,12,18253955,45064407,18253955
Honduras,1,M2 TOTAL APPAREL IMPORTS (MFA),SME,2024,1,42169185,151579752,42169185
Honduras,1,M2 TOTAL APPAREL IMPORTS (MFA),SME,2024,2,55412049,196214591,55412049
Honduras,1,M2 TOTAL APPAREL IMPORTS (MFA),SME,2024,3,54720153,186706889,54720153
Honduras,1,M2 TOTAL APPAREL IMPORTS (MFA),SME,2024,4,50256868,179270314,50256868
Honduras,1,M2 TOTAL APPAREL IMPORTS (MFA),SME,2024,5,61734462,213209883,61734462
Honduras,1,M2 TOTAL APPAREL IMPORTS (MFA),SME,2024,6,73923412,190829878,73923412
Honduras,1,M2 TOTAL APPAREL IMPORTS (MFA),SME,2024,7,72265951,210134165,72265951
Honduras,1,M2 TOTAL APPAREL IMPORTS (MFA),SME,2024,8,57392516,208654878,57392516
Honduras,1,M2 TOTAL APPAREL IMPORTS (MFA),SME,2024,9,58523344,205554614,58523344
Honduras,1,M2 TOTAL APPAREL IMPORTS (MFA),SME,2024,10,61019875,195271699,61019875
Honduras,1,M2 TOTAL APPAREL IMPORTS (MFA),SME,2024,11,53846236,182573203,53846236
Honduras,1,M2 TOTAL APPAREL IMPORTS (MFA),SME,2024,12,56337237,196239913,56337237
Hong Kong,1,M2 TOTAL APPAREL IMPORTS (MFA),SME,2024,1,533516,4954252,533516
Hong Kong,1,M2 TOTAL APPAREL IMPORTS (MFA),SME,2024,2,420627,3975511,420627
Hong Kong,1,M2 TOTAL APPAREL IMPORTS (MFA),SME,2024,3,417993,4250239,417993
Hong Kong,1,M2 TOTAL APPAREL IMPORTS (MFA),SME,2024,4,265490,2132048,265490
Hong Kong,1,M2 TOTAL APPAREL IMPORTS (MFA),SME,2024,5,685750,3450082,685750
Hong Kong,1,M2 TOTAL APPAREL IMPORTS (MFA),SME,2024,6,1218369,3825040,1218369
Hong Kong,1,M2 TOTAL APPAREL IMPORTS (MFA),SME,2024,7,915023,7764031,915023
Hong Kong,1,M2 TOTAL APPAREL IMPORTS (MFA),SME,2024,8,823617,6160533,823617
Hong Kong,1,M2 TOTAL APPAREL IMPORTS (MFA),SME,2024,9,1871922,13488233,1871922
Hong Kong,1,M2 TOTAL APPAREL IMPORTS (MFA),SME,2024,10,1160984,8728706,1160984
Hong Kong,1,M2 TOTAL APPAREL IMPORTS (MFA),SME,2024,11,678303,4963340,678303
Hong Kong,1,M2 TOTAL APPAREL IMPORTS (MFA),SME,2024,12,720587,5111576,720587
Hungary,1,M2 TOTAL APPAREL IMPORTS (MFA),SME,2024,1,205354,1149371,205354
Hungary,1,M2 TOTAL APPAREL IMPORTS (MFA),SME,2024,2,76457,942811,76457
Hungary,1,M2 TOTAL APPAREL IMPORTS (MFA),SME,2024,3,198243,1300227,198243
Hungary,1,M2 TOTAL APPAREL IMPORTS (MFA),SME,2024,4,22935,639671,22935
Hungary,1,M2 TOTAL APPAREL IMPORTS (MFA),SME,2024,5,234702,1167274,234702
Hungary,1,M2 TOTAL APPAREL IMPORTS (MFA),SME,2024,6,48267,715101,48267
Hungary,1,M2 TOTAL APPAREL IMPORTS (MFA),SME,2024,7,39320,942779,39320
Hungary,1,M2 TOTAL APPAREL IMPORTS (MFA),SME,2024,8,184680,1242145,184680
Hungary,1,M2 TOTAL APPAREL IMPORTS (MFA),SME,2024,9,104893,1084392,104893
Hungary,1,M2 TOTAL APPAREL IMPORTS (MFA),SME,2024,10,109693,1007251,109693
Hungary,1,M2 TOTAL APPAREL IMPORTS (MFA),SME,2024,11,243617,936763,243617
Hungary,1,M2 TOTAL APPAREL IMPORTS (MFA),SME,2024,12,91319,865900,91319
Iceland,1,M2 TOTAL APPAREL IMPORTS (MFA),SME,2024,2,17,3188,17
Iceland,1,M2 TOTAL APPAREL IMPORTS (MFA),SME,2024,3,50,940,50
Iceland,1,M2 TOTAL APPAREL IMPORTS (MFA),SME,2024,4,49,2565,49
Iceland,1,M2 TOTAL APPAREL IMPORTS (MFA),SME,2024,5,179,3191,179
Iceland,1,M2 TOTAL APPAREL IMPORTS (MFA),SME,2024,8,1535,2382,1535
Iceland,1,M2 TOTAL APPAREL IMPORTS (MFA),SME,2024,9,1570,2742,1570
Iceland,1,M2 TOTAL APPAREL IMPORTS (MFA),SME,2024,10,4303,42666,4303
Iceland,1,M2 TOTAL APPAREL IMPORTS (MFA),SME,2024,11,125,3639,125
Iceland,1,M2 TOTAL APPAREL IMPORTS (MFA),SME,2024,12,1577,6840,1577
India,1,M2 TOTAL APPAREL IMPORTS (MFA),SME,2024,1,94748522,354148549,94748522
India,1,M2 TOTAL APPAREL IMPORTS (MFA),SME,2024,2,105298983,406020322,105298983
India,1,M2 TOTAL APPAREL IMPORTS (MFA),SME,2024,3,128552935,455409934,128552935
India,1,M2 TOTAL APPAREL IMPORTS (MFA),SME,2024,4,128898882,447699859,128898882
India,1,M2 TOTAL APPAREL IMPORTS (MFA),SME,2024,5,127626681,423976454,127626681
India,1,M2 TOTAL APPAREL IMPORTS (MFA),SME,2024,6,105526111,355507658,105526111
India,1,M2 TOTAL APPAREL IMPORTS (MFA),SME,2024,7,115323587,404271685,115323587
India,1,M2 TOTAL APPAREL IMPORTS (MFA),SME,2024,8,114805396,366122680,114805396
India,1,M2 TOTAL APPAREL IMPORTS (MFA),SME,2024,9,131123380,424335659,131123380
India,1,M2 TOTAL APPAREL IMPORTS (MFA),SME,2024,10,125393192,413585520,125393192
India,1,M2 TOTAL APPAREL IMPORTS (MFA),SME,2024,11,96096501,318764131,96096501
India,1,M2 TOTAL APPAREL IMPORTS (MFA),SME,2024,12,98675015,321229158,98675015
Indonesia,1,M2 TOTAL APPAREL IMPORTS (MFA),SME,2024,1,70251587,296363901,70251587
Indonesia,1,M2 TOTAL APPAREL IMPORTS (MFA),SME,2024,2,92305924,363333732,92305924
Indonesia,1,M2 TOTAL APPAREL IMPORTS (MFA),SME,2024,3,94427912,362532092,94427912
Indonesia,1,M2 TOTAL APPAREL IMPORTS (MFA),SME,2024,4,90671997,362825920,90671997
Indonesia,1,M2 TOTAL APPAREL IMPORTS (MFA),SME,2024,5,59364860,261445580,59364860
Indonesia,1,M2 TOTAL APPAREL IMPORTS (MFA),SME,2024,6,65858419,269018538,65858419
Indonesia,1,M2 TOTAL APPAREL IMPORTS (MFA),SME,2024,7,84829513,369180381,84829513
Indonesia,1,M2 TOTAL APPAREL IMPORTS (MFA),SME,2024,8,88609865,400535584,88609865
Indonesia,1,M2 TOTAL APPAREL IMPORTS (MFA),SME,2024,9,114761780,480709090,114761780
Indonesia,1,M2 TOTAL APPAREL IMPORTS (MFA),SME,2024,10,104810854,452946697,104810854
Indonesia,1,M2 TOTAL APPAREL IMPORTS (MFA),SME,2024,11,67870841,303689967,67870841
Indonesia,1,M2 TOTAL APPAREL IMPORTS (MFA),SME,2024,12,80267364,327944940,80267364
Iraq,1,M2 TOTAL APPAREL IMPORTS (MFA),SME,2024,2,38,950,38
Iraq,1,M2 TOTAL APPAREL IMPORTS (MFA),SME,2024,4,417,1690,417
Iraq,1,M2 TOTAL APPAREL IMPORTS (MFA),SME,2024,6,720,2508,720
Iraq,1,M2 TOTAL APPAREL IMPORTS (MFA),SME,2024,7,227,5475,227
Iraq,1,M2 TOTAL APPAREL IMPORTS (MFA),SME,2024,9,12,435,12
Ireland,1,M2 TOTAL APPAREL IMPORTS (MFA),SME,2024,1,16457,524110,16457
Ireland,1,M2 TOTAL APPAREL IMPORTS (MFA),SME,2024,2,29941,791427,29941
Ireland,1,M2 TOTAL APPAREL IMPORTS (MFA),SME,2024,3,2194,49385,2194
Ireland,1,M2 TOTAL APPAREL IMPORTS (MFA),SME,2024,4,5941,95113,5941
Ireland,1,M2 TOTAL APPAREL IMPORTS (MFA),SME,2024,5,5486,184720,5486
Ireland,1,M2 TOTAL APPAREL IMPORTS (MFA),SME,2024,6,4409,127040,4409
Ireland,1,M2 TOTAL APPAREL IMPORTS (MFA),SME,2024,7,12790,415088,12790
Ireland,1,M2 TOTAL APPAREL IMPORTS (MFA),SME,2024,8,30650,978715,30650
Ireland,1,M2 TOTAL APPAREL IMPORTS (MFA),SME,2024,9,26565,698969,26565
Ireland,1,M2 TOTAL APPAREL IMPORTS (MFA),SME,2024,10,27793,690847,27793
Ireland,1,M2 TOTAL APPAREL IMPORTS (MFA),SME,2024,11,11283,372677,11283
Ireland,1,M2 TOTAL APPAREL IMPORTS (MFA),SME,2024,12,5978,199853,5978
Israel,1,M2 TOTAL APPAREL IMPORTS (MFA),SME,2024,1,335385,3060655,335385
Israel,1,M2 TOTAL APPAREL IMPORTS (MFA),SME,2024,2,300054,4800731,300054
Israel,1,M2 TOTAL APPAREL IMPORTS (MFA),SME,2024,3,171611,3660333,171611
Israel,1,M2 TOTAL APPAREL IMPORTS (MFA),SME,2024,4,280154,3044297,280154
Israel,1,M2 TOTAL APPAREL IMPORTS (MFA),SME,2024,5,156818,3582768,156818
Israel,1,M2 TOTAL APPAREL IMPORTS (MFA),SME,2024,6,148464,3008951,148464
Israel,1,M2 TOTAL APPAREL IMPORTS (MFA),SME,2024,7,134080,3258996,134080
Israel,1,M2 TOTAL APPAREL IMPORTS (MFA),SME,2024,8,135581,3530798,135581
Israel,1,M2 TOTAL APPAREL IMPORTS (MFA),SME,2024,9,147347,2961013,147347
Israel,1,M2 TOTAL APPAREL IMPORTS (MFA),SME,2024,10,119951,2052596,119951
Israel,1,M2 TOTAL APPAREL IMPORTS (MFA),SME,2024,11,164100,2878240,164100
Israel,1,M2 TOTAL APPAREL IMPORTS (MFA),SME,2024,12,247507,3019078,247507
Italy,1,M2 TOTAL APPAREL IMPORTS (MFA),SME,2024,1,5514240,164252623,5514240
Italy,1,M2 TOTAL APPAREL IMPORTS (MFA),SME,2024,2,5888167,171253065,5888167
Italy,1,M2 TOTAL APPAREL IMPORTS (MFA),SME,2024,3,6170226,155759098,6170226
Italy,1,M2 TOTAL APPAREL IMPORTS (MFA),SME,2024,4,5808675,152761659,5808675
Italy,1,M2 TOTAL APPAREL IMPORTS (MFA),SME,2024,5,6558364,166827732,6558364
Italy,1,M2 TOTAL APPAREL IMPORTS (MFA),SME,2024,6,5887025,159216024,5887025
Italy,1,M2 TOTAL APPAREL IMPORTS (MFA),SME,2024,7,6388942,190474537,6388942
Italy,1,M2 TOTAL APPAREL IMPORTS (MFA),SME,2024,8,6416833,174586017,6416833
Italy,1,M2 TOTAL APPAREL IMPORTS (MFA),SME,2024,9,5170891,141545102,5170891
Italy,1,M2 TOTAL APPAREL IMPORTS (MFA),SME,2024,10,6371061,182384650,6371061
Italy,1,M2 TOTAL APPAREL IMPORTS (MFA),SME,2024,11,6102642,166348704,6102642
Italy,1,M2 TOTAL APPAREL IMPORTS (MFA),SME,2024,12,6134931,168178822,6134931
Jamaica,1,M2 TOTAL APPAREL IMPORTS (MFA),SME,2024,1,38,899,38
Jamaica,1,M2 TOTAL APPAREL IMPORTS (MFA),SME,2024,3,53,1253,53
Jamaica,1,M2 TOTAL APPAREL IMPORTS (MFA),SME,2024,4,14,308,14
Jamaica,1,M2 TOTAL APPAREL IMPORTS (MFA),SME,2024,5,38,520,38
Jamaica,1,M2 TOTAL APPAREL IMPORTS (MFA),SME,2024,6,15,403,15
Jamaica,1,M2 TOTAL APPAREL IMPORTS (MFA),SME,2024,7,38,416,38
Jamaica,1,M2 TOTAL APPAREL IMPORTS (MFA),SME,2024,10,44,1136,44
Jamaica,1,M2 TOTAL APPAREL IMPORTS (MFA),SME,2024,11,15,403,15
Jamaica,1,M2 TOTAL APPAREL IMPORTS (MFA),SME,2024,12,111,2525,111
Japan,1,M2 TOTAL APPAREL IMPORTS (MFA),SME,2024,1,278912,7733006,278912
Japan,1,M2 TOTAL APPAREL IMPORTS (MFA),SME,2024,2,280099,8145080,280099
Japan,1,M2 TOTAL APPAREL IMPORTS (MFA),SME,2024,3,295601,8099143,295601
Japan,1,M2 TOTAL APPAREL IMPORTS (MFA),SME,2024,4,221992,6208552,221992
Japan,1,M2 TOTAL APPAREL IMPORTS (MFA),SME,2024,5,266258,6066360,266258
Japan,1,M2 TOTAL APPAREL IMPORTS (MFA),SME,2024,6,319082,6678306,319082
Japan,1,M2 TOTAL APPAREL IMPORTS (MFA),SME,2024,7,278433,8596748,278433
Japan,1,M2 TOTAL APPAREL IMPORTS (MFA),SME,2024,8,308246,8911381,308246
Japan,1,M2 TOTAL APPAREL IMPORTS (MFA),SME,2024,9,332678,8829835,332678
Japan,1,M2 TOTAL APPAREL IMPORTS (MFA),SME,2024,10,291169,7767492,291169
Japan,1,M2 TOTAL APPAREL IMPORTS (MFA),SME,2024,11,294610,7021530,294610
Japan,1,M2 TOTAL APPAREL IMPORTS (MFA),SME,2024,12,276381,6996153,276381
Jordan,1,M2 TOTAL APPAREL IMPORTS (MFA),SME,2024,1,15987347,104040685,15987347
Jordan,1,M2 TOTAL APPAREL IMPORTS (MFA),SME,2024,2,28942734,145914491,28942734
Jordan,1,M2 TOTAL APPAREL IMPORTS (MFA),SME,2024,3,32080192,150057453,32080192
Jordan,1,M2 TOTAL APPAREL IMPORTS (MFA),SME,2024,4,36038368,181383037,36038368
Jordan,1,M2 TOTAL APPAREL IMPORTS (MFA),SME,2024,5,24727805,131835697,24727805
Jordan,1,M2 TOTAL APPAREL IMPORTS (MFA),SME,2024,6,23621396,135153739,23621396
Jordan,1,M2 TOTAL APPAREL IMPORTS (MFA),SME,2024,7,27405510,171035160,27405510
Jordan,1,M2 TOTAL APPAREL IMPORTS (MFA),SME,2024,8,35968755,208620136,35968755
Jordan,1,M2 TOTAL APPAREL IMPORTS (MFA),SME,2024,9,30618624,179242749,30618624
Jordan,1,M2 TOTAL APPAREL IMPORTS (MFA),SME,2024,10,39385061,206779159,39385061
Jordan,1,M2 TOTAL APPAREL IMPORTS (MFA),SME,2024,11,22427593,124093213,22427593
Jordan,1,M2 TOTAL APPAREL IMPORTS (MFA),SME,2024,12,24779016,140031835,24779016
Kazakhstan,1,M2 TOTAL APPAREL IMPORTS (MFA),SME,2024,1,551,12055,551
Kazakhstan,1,M2 TOTAL APPAREL IMPORTS (MFA),SME,2024,3,45,3107,45
Kazakhstan,1,M2 TOTAL APPAREL IMPORTS (MFA),SME,2024,4,201,16682,201
Kazakhstan,1,M2 TOTAL APPAREL IMPORTS (MFA),SME,2024,5,621,4760,621
Kazakhstan,1,M2 TOTAL APPAREL IMPORTS (MFA),SME,2024,9,1650,2611,1650
Kazakhstan,1,M2 TOTAL APPAREL IMPORTS (MFA),SME,2024,11,31,300,31
Kazakhstan,1,M2 TOTAL APPAREL IMPORTS (MFA),SME,2024,12,114,8240,114
Kenya,1,M2 TOTAL APPAREL IMPORTS (MFA),SME,2024,1,7728723,25987881,7728723
Kenya,1,M2 TOTAL APPAREL IMPORTS (MFA),SME,2024,2,10631442,30695561,10631442
Kenya,1,M2 TOTAL APPAREL IMPORTS (MFA),SME,2024,3,16897479,46715340,16897479
Kenya,1,M2 TOTAL APPAREL IMPORTS (MFA),SME,2024,4,10941351,38308786,10941351
Kenya,1,M2 TOTAL APPAREL IMPORTS (MFA),SME,2024,5,13132380,50490572,13132380
Kenya,1,M2 TOTAL APPAREL IMPORTS (MFA),SME,2024,6,9112802,32321342,9112802
Kenya,1,M2 TOTAL APPAREL IMPORTS (MFA),SME,2024,7,12408682,49982152,12408682
Kenya,1,M2 TOTAL APPAREL IMPORTS (MFA),SME,2024,8,11061386,43210233,11061386
Kenya,1,M2 TOTAL APPAREL IMPORTS (MFA),SME,2024,9,13101289,53287332,13101289
Kenya,1,M2 TOTAL APPAREL IMPORTS (MFA),SME,2024,10,15551844,63384757,15551844
Kenya,1,M2 TOTAL APPAREL IMPORTS (MFA),SME,2024,11,12806142,46751885,12806142
Kenya,1,M2 TOTAL APPAREL IMPORTS (MFA),SME,2024,12,16822554,52027373,16822554
Kiribati (Gilbert Isl),1,M2 TOTAL APPAREL IMPORTS (MFA),SME,2024,8,38,410,38
Kosovo,1,M2 TOTAL APPAREL IMPORTS (MFA),SME,2024,1,1188,68519,1188
Kosovo,1,M2 TOTAL APPAREL IMPORTS (MFA),SME,2024,2,1213,91893,1213
Kosovo,1,M2 TOTAL APPAREL IMPORTS (MFA),SME,2024,3,1576,83548,1576
Kosovo,1,M2 TOTAL APPAREL IMPORTS (MFA),SME,2024,4,726,52972,726
Kosovo,1,M2 TOTAL APPAREL IMPORTS (MFA),SME,2024,5,1364,118199,1364
Kosovo,1,M2 TOTAL APPAREL IMPORTS (MFA),SME,2024,6,1733,73142,1733
Kosovo,1,M2 TOTAL APPAREL IMPORTS (MFA),SME,2024,7,1239,67684,1239
Kosovo,1,M2 TOTAL APPAREL IMPORTS (MFA),SME,2024,8,770,83809,770
Kosovo,1,M2 TOTAL APPAREL IMPORTS (MFA),SME,2024,9,948,75607,948
Kosovo,1,M2 TOTAL APPAREL IMPORTS (MFA),SME,2024,10,1377,112059,1377
Kosovo,1,M2 TOTAL APPAREL IMPORTS (MFA),SME,2024,11,954,77476,954
Kosovo,1,M2 TOTAL APPAREL IMPORTS (MFA),SME,2024,12,8513,120253,8513
Kuwait,1,M2 TOTAL APPAREL IMPORTS (MFA),SME,2024,1,590,7857,590
Kuwait,1,M2 TOTAL APPAREL IMPORTS (MFA),SME,2024,3,38,902,38
Kuwait,1,M2 TOTAL APPAREL IMPORTS (MFA),SME,2024,4,1057,12927,1057
Kuwait,1,M2 TOTAL APPAREL IMPORTS (MFA),SME,2024,5,5733,11615,5733
Kuwait,1,M2 TOTAL APPAREL IMPORTS (MFA),SME,2024,6,216,270,216
Kuwait,1,M2 TOTAL APPAREL IMPORTS (MFA),SME,2024,7,12439,15265,12439
Kuwait,1,M2 TOTAL APPAREL IMPORTS (MFA),SME,2024,10,25,630,25
Kuwait,1,M2 TOTAL APPAREL IMPORTS (MFA),SME,2024,12,76,2379,76
Kyrgyzstan,1,M2 TOTAL APPAREL IMPORTS (MFA),SME,2024,1,263,6200,263
Kyrgyzstan,1,M2 TOTAL APPAREL IMPORTS (MFA),SME,2024,2,1290,12195,1290
Kyrgyzstan,1,M2 TOTAL APPAREL IMPORTS (MFA),SME,2024,3,120,3024,120
Kyrgyzstan,1,M2 TOTAL APPAREL IMPORTS (MFA),SME,2024,4,104,1924,104
Kyrgyzstan,1,M2 TOTAL APPAREL IMPORTS (MFA),SME,2024,5,74,2520,74
Kyrgyzstan,1,M2 TOTAL APPAREL IMPORTS (MFA),SME,2024,7,486,4765,486
Kyrgyzstan,1,M2 TOTAL APPAREL IMPORTS (MFA),SME,2024,8,171,2601,171
Kyrgyzstan,1,M2 TOTAL APPAREL IMPORTS (MFA),SME,2024,9,3507,24677,3507
Kyrgyzstan,1,M2 TOTAL APPAREL IMPORTS (MFA),SME,2024,10,725,5707,725
Kyrgyzstan,1,M2 TOTAL APPAREL IMPORTS (MFA),SME,2024,11,744,10615,744
Kyrgyzstan,1,M2 TOTAL APPAREL IMPORTS (MFA),SME,2024,12,1931,18025,1931
Laos,1,M2 TOTAL APPAREL IMPORTS (MFA),SME,2024,1,940139,4268235,940139
Laos,1,M2 TOTAL APPAREL IMPORTS (MFA),SME,2024,2,2150174,5472605,2150174
Laos,1,M2 TOTAL APPAREL IMPORTS (MFA),SME,2024,3,1347612,4868363,1347612
Laos,1,M2 TOTAL APPAREL IMPORTS (MFA),SME,2024,4,936208,3021173,936208
Laos,1,M2 TOTAL APPAREL IMPORTS (MFA),SME,2024,5,944586,2756950,944586
Laos,1,M2 TOTAL APPAREL IMPORTS (MFA),SME,2024,6,598016,1923782,598016
Laos,1,M2 TOTAL APPAREL IMPORTS (MFA),SME,2024,7,2822011,8994066,2822011
Laos,1,M2 TOTAL APPAREL IMPORTS (MFA),SME,2024,8,1672063,3859519,1672063
Laos,1,M2 TOTAL APPAREL IMPORTS (MFA),SME,2024,9,1377886,4360534,1377886
Laos,1,M2 TOTAL APPAREL IMPORTS (MFA),SME,2024,10,817039,2951979,817039
Laos,1,M2 TOTAL APPAREL IMPORTS (MFA),SME,2024,11,543735,1146667,543735
Laos,1,M2 TOTAL APPAREL IMPORTS (MFA),SME,2024,12,996046,3601035,996046
Latvia,1,M2 TOTAL APPAREL IMPORTS (MFA),SME,2024,1,14348,193422,14348
Latvia,1,M2 TOTAL APPAREL IMPORTS (MFA),SME,2024,2,18998,287477,18998
Latvia,1,M2 TOTAL APPAREL IMPORTS (MFA),SME,2024,3,19986,301399,19986
Latvia,1,M2 TOTAL APPAREL IMPORTS (MFA),SME,2024,4,4534,119245,4534
Latvia,1,M2 TOTAL APPAREL IMPORTS (MFA),SME,2024,5,62086,172357,62086
Latvia,1,M2 TOTAL APPAREL IMPORTS (MFA),SME,2024,6,2029,62179,2029
Latvia,1,M2 TOTAL APPAREL IMPORTS (MFA),SME,2024,7,7769,221621,7769
Latvia,1,M2 TOTAL APPAREL IMPORTS (MFA),SME,2024,8,5532,135953,5532
Latvia,1,M2 TOTAL APPAREL IMPORTS (MFA),SME,2024,9,9168,238891,9168
Latvia,1,M2 TOTAL APPAREL IMPORTS (MFA),SME,2024,10,8815,349222,8815
Latvia,1,M2 TOTAL APPAREL IMPORTS (MFA),SME,2024,11,8342,229837,8342
Latvia,1,M2 TOTAL APPAREL IMPORTS (MFA),SME,2024,12,12124,263464,12124
Lebanon,1,M2 TOTAL APPAREL IMPORTS (MFA),SME,2024,1,54013,1025261,54013
Lebanon,1,M2 TOTAL APPAREL IMPORTS (MFA),SME,2024,2,63485,935568,63485
Lebanon,1,M2 TOTAL APPAREL IMPORTS (MFA),SME,2024,3,83221,1032078,83221
Lebanon,1,M2 TOTAL APPAREL IMPORTS (MFA),SME,2024,4,71782,952474,71782
Lebanon,1,M2 TOTAL APPAREL IMPORTS (MFA),SME,2024,5,45351,837159,45351
Lebanon,1,M2 TOTAL APPAREL IMPORTS (MFA),SME,2024,6,17737,581423,17737
Lebanon,1,M2 TOTAL APPAREL IMPORTS (MFA),SME,2024,7,27616,703581,27616
Lebanon,1,M2 TOTAL APPAREL IMPORTS (MFA),SME,2024,8,40659,895339,40659
Lebanon,1,M2 TOTAL APPAREL IMPORTS (MFA),SME,2024,9,65158,1074211,65158
Lebanon,1,M2 TOTAL APPAREL IMPORTS (MFA),SME,2024,10,56814,1049796,56814
Lebanon,1,M2 TOTAL APPAREL IMPORTS (MFA),SME,2024,11,31626,673687,31626
Lebanon,1,M2 TOTAL APPAREL IMPORTS (MFA),SME,2024,12,25724,592039,25724
Lesotho,1,M2 TOTAL APPAREL IMPORTS (MFA),SME,2024,1,2684553,13182475,2684553
Lesotho,1,M2 TOTAL APPAREL IMPORTS (MFA),SME,2024,2,3035109,12870739,3035109
Lesotho,1,M2 TOTAL APPAREL IMPORTS (MFA),SME,2024,3,3147145,10223521,3147145
Lesotho,1,M2 TOTAL APPAREL IMPORTS (MFA),SME,2024,4,4258759,16372971,4258759
Lesotho,1,M2 TOTAL APPAREL IMPORTS (MFA),SME,2024,5,2673091,9903551,2673091
Lesotho,1,M2 TOTAL APPAREL IMPORTS (MFA),SME,2024,6,3017517,13345989,3017517
Lesotho,1,M2 TOTAL APPAREL IMPORTS (MFA),SME,2024,7,3631916,15813463,3631916
Lesotho,1,M2 TOTAL APPAREL IMPORTS (MFA),SME,2024,8,1837593,9820177,1837593
Lesotho,1,M2 TOTAL APPAREL IMPORTS (MFA),SME,2024,9,4316590,16539844,4316590
Lesotho,1,M2 TOTAL APPAREL IMPORTS (MFA),SME,2024,10,2825847,9995320,2825847
Lesotho,1,M2 TOTAL APPAREL IMPORTS (MFA),SME,2024,11,2863885,10779815,2863885
Lesotho,1,M2 TOTAL APPAREL IMPORTS (MFA),SME,2024,12,2790085,12549125,2790085
Liberia,1,M2 TOTAL APPAREL IMPORTS (MFA),SME,2024,3,682,860,682
Liberia,1,M2 TOTAL APPAREL IMPORTS (MFA),SME,2024,5,34,955,34
Liberia,1,M2 TOTAL APPAREL IMPORTS (MFA),SME,2024,6,1327,1500,1327
Liberia,1,M2 TOTAL APPAREL IMPORTS (MFA),SME,2024,7,42290,277421,42290
Liberia,1,M2 TOTAL APPAREL IMPORTS (MFA),SME,2024,8,145,2117,145
Libya,1,M2 TOTAL APPAREL IMPORTS (MFA),SME,2024,4,13,590,13
Libya,1,M2 TOTAL APPAREL IMPORTS (MFA),SME,2024,9,15,1230,15
Lithuania,1,M2 TOTAL APPAREL IMPORTS (MFA),SME,2024,1,44143,1144237,44143
Lithuania,1,M2 TOTAL APPAREL IMPORTS (MFA),SME,2024,2,46581,1121678,46581
Lithuania,1,M2 TOTAL APPAREL IMPORTS (MFA),SME,2024,3,47895,1042678,47895
Lithuania,1,M2 TOTAL APPAREL IMPORTS (MFA),SME,2024,4,45311,1040738,45311
Lithuania,1,M2 TOTAL APPAREL IMPORTS (MFA),SME,2024,5,40395,886325,40395
Lithuania,1,M2 TOTAL APPAREL IMPORTS (MFA),SME,2024,6,34796,750979,34796
Lithuania,1,M2 TOTAL APPAREL IMPORTS (MFA),SME,2024,7,57722,1131199,57722
Lithuania,1,M2 TOTAL APPAREL IMPORTS (MFA),SME,2024,8,53041,1370760,53041
Lithuania,1,M2 TOTAL APPAREL IMPORTS (MFA),SME,2024,9,65155,1304532,65155
Lithuania,1,M2 TOTAL APPAREL IMPORTS (MFA),SME,2024,10,41025,1134712,41025
Lithuania,1,M2 TOTAL APPAREL IMPORTS (MFA),SME,2024,11,48833,982737,48833
Lithuania,1,M2 TOTAL APPAREL IMPORTS (MFA),SME,2024,12,45783,1025616,45783
Luxembourg,1,M2 TOTAL APPAREL IMPORTS (MFA),SME,2024,1,101,1732,101
Luxembourg,1,M2 TOTAL APPAREL IMPORTS (MFA),SME,2024,3,30,1258,30
Luxembourg,1,M2 TOTAL APPAREL IMPORTS (MFA),SME,2024,4,318,7883,318
Luxembourg,1,M2 TOTAL APPAREL IMPORTS (MFA),SME,2024,5,12,956,12
Luxembourg,1,M2 TOTAL APPAREL IMPORTS (MFA),SME,2024,6,814,9678,814
Luxembourg,1,M2 TOTAL APPAREL IMPORTS (MFA),SME,2024,7,36,1524,36
Luxembourg,1,M2 TOTAL APPAREL IMPORTS (MFA),SME,2024,8,80,4028,80
Luxembourg,1,M2 TOTAL APPAREL IMPORTS (MFA),SME,2024,9,409,4006,409
Luxembourg,1,M2 TOTAL APPAREL IMPORTS (MFA),SME,2024,10,196,6510,196
Luxembourg,1,M2 TOTAL APPAREL IMPORTS (MFA),SME,2024,11,159,5487,159
Macau,1,M2 TOTAL APPAREL IMPORTS (MFA),SME,2024,1,543699,4014678,543699
Macau,1,M2 TOTAL APPAREL IMPORTS (MFA),SME,2024,2,473142,3200647,473142
Macau,1,M2 TOTAL APPAREL IMPORTS (MFA),SME,2024,3,476009,3324096,476009
Macau,1,M2 TOTAL APPAREL IMPORTS (MFA),SME,2024,4,261207,2036782,261207
Macau,1,M2 TOTAL APPAREL IMPORTS (MFA),SME,2024,5,384460,2239848,384460
Macau,1,M2 TOTAL APPAREL IMPORTS (MFA),SME,2024,6,891313,5127402,891313
Macau,1,M2 TOTAL APPAREL IMPORTS (MFA),SME,2024,7,1282033,8462487,1282033
Macau,1,M2 TOTAL APPAREL IMPORTS (MFA),SME,2024,8,528573,3727431,528573
Macau,1,M2 TOTAL APPAREL IMPORTS (MFA),SME,2024,9,715674,6107052,715674
Macau,1,M2 TOTAL APPAREL IMPORTS (MFA),SME,2024,10,561047,5675874,561047
Macau,1,M2 TOTAL APPAREL IMPORTS (MFA),SME,2024,11,465218,3221879,465218
Macau,1,M2 TOTAL APPAREL IMPORTS (MFA),SME,2024,12,417856,3939269,417856
Madagascar,1,M2 TOTAL APPAREL IMPORTS (MFA),SME,2024,1,7746519,26962672,7746519
Madagascar,1,M2 TOTAL APPAREL IMPORTS (MFA),SME,2024,2,4856498,20868528,4856498
Madagascar,1,M2 TOTAL APPAREL IMPORTS (MFA),SME,2024,3,9590197,38528259,9590197
Madagascar,1,M2 TOTAL APPAREL IMPORTS (MFA),SME,2024,4,4845037,23464540,4845037
Madagascar,1,M2 TOTAL APPAREL IMPORTS (MFA),SME,2024,5,7072203,30137822,7072203
Madagascar,1,M2 TOTAL APPAREL IMPORTS (MFA),SME,2024,6,6596326,25147614,6596326
Madagascar,1,M2 TOTAL APPAREL IMPORTS (MFA),SME,2024,7,6547691,28346874,6547691
Madagascar,1,M2 TOTAL APPAREL IMPORTS (MFA),SME,2024,8,5509160,27224394,5509160
Madagascar,1,M2 TOTAL APPAREL IMPORTS (MFA),SME,2024,9,9870103,38360716,9870103
Madagascar,1,M2 TOTAL APPAREL IMPORTS (MFA),SME,2024,10,8063276,36559144,8063276
Madagascar,1,M2 TOTAL APPAREL IMPORTS (MFA),SME,2024,11,7389533,28294379,7389533
Madagascar,1,M2 TOTAL APPAREL IMPORTS (MFA),SME,2024,12,6647748,27911382,6647748
Malawi,1,M2 TOTAL APPAREL IMPORTS (MFA),SME,2024,4,12,1562,12
Malaysia,1,M2 TOTAL APPAREL IMPORTS (MFA),SME,2024,1,1989028,10145494,1989028
Malaysia,1,M2 TOTAL APPAREL IMPORTS (MFA),SME,2024,2,2425923,9179703,2425923
Malaysia,1,M2 TOTAL APPAREL IMPORTS (MFA),SME,2024,3,3009785,11045549,3009785
Malaysia,1,M2 TOTAL APPAREL IMPORTS (MFA),SME,2024,4,1902091,9884498,1902091
Malaysia,1,M2 TOTAL APPAREL IMPORTS (MFA),SME,2024,5,2996241,17383541,2996241
Malaysia,1,M2 TOTAL APPAREL IMPORTS (MFA),SME,2024,6,4500959,25078595,4500959
Malaysia,1,M2 TOTAL APPAREL IMPORTS (MFA),SME,2024,7,2722549,16499440,2722549
Malaysia,1,M2 TOTAL APPAREL IMPORTS (MFA),SME,2024,8,3364855,17272141,3364855
Malaysia,1,M2 TOTAL APPAREL IMPORTS (MFA),SME,2024,9,2160073,16381603,2160073
Malaysia,1,M2 TOTAL APPAREL IMPORTS (MFA),SME,2024,10,2382939,18762122,2382939
Malaysia,1,M2 TOTAL APPAREL IMPORTS (MFA),SME,2024,11,2446670,12672136,2446670
Malaysia,1,M2 TOTAL APPAREL IMPORTS (MFA),SME,2024,12,2884372,15796968,2884372
Maldive Islands,1,M2 TOTAL APPAREL IMPORTS (MFA),SME,2024,2,15,1066,15
Maldive Islands,1,M2 TOTAL APPAREL IMPORTS (MFA),SME,2024,9,879,3469,879
Mali,1,M2 TOTAL APPAREL IMPORTS (MFA),SME,2024,1,1933,1230,1933
Mali,1,M2 TOTAL APPAREL IMPORTS (MFA),SME,2024,3,1213,2043,1213
Mali,1,M2 TOTAL APPAREL IMPORTS (MFA),SME,2024,4,1781,2805,1781
Mali,1,M2 TOTAL APPAREL IMPORTS (MFA),SME,2024,6,606,2000,606
Mali,1,M2 TOTAL APPAREL IMPORTS (MFA),SME,2024,7,2901,18857,2901
Mali,1,M2 TOTAL APPAREL IMPORTS (MFA),SME,2024,9,872,1375,872
Mali,1,M2 TOTAL APPAREL IMPORTS (MFA),SME,2024,10,227,480,227
Mali,1,M2 TOTAL APPAREL IMPORTS (MFA),SME,2024,11,493,3720,493
Mali,1,M2 TOTAL APPAREL IMPORTS (MFA),SME,2024,12,4337,3200,4337
Malta,1,M2 TOTAL APPAREL IMPORTS (MFA),SME,2024,1,6704,47079,6704
Malta,1,M2 TOTAL APPAREL IMPORTS (MFA),SME,2024,2,28315,64144,28315
Malta,1,M2 TOTAL APPAREL IMPORTS (MFA),SME,2024,3,37095,69971,37095
Malta,1,M2 TOTAL APPAREL IMPORTS (MFA),SME,2024,4,9475,67902,9475
Malta,1,M2 TOTAL APPAREL IMPORTS (MFA),SME,2024,5,21427,50771,21427
Malta,1,M2 TOTAL APPAREL IMPORTS (MFA),SME,2024,6,9432,57232,9432
Malta,1,M2 TOTAL APPAREL IMPORTS (MFA),SME,2024,7,15134,53322,15134
Malta,1,M2 TOTAL APPAREL IMPORTS (MFA),SME,2024,8,7445,47758,7445
Malta,1,M2 TOTAL APPAREL IMPORTS (MFA),SME,2024,9,6811,48712,6811
Malta,1,M2 TOTAL APPAREL IMPORTS (MFA),SME,2024,10,10930,84134,10930
Malta,1,M2 TOTAL APPAREL IMPORTS (MFA),SME,2024,11,12442,40211,12442
Malta,1,M2 TOTAL APPAREL IMPORTS (MFA),SME,2024,12,20405,65860,20405
Marshall islands,1,M2 TOTAL APPAREL IMPORTS (MFA),SME,2024,1,12,996,12
Marshall islands,1,M2 TOTAL APPAREL IMPORTS (MFA),SME,2024,2,114,1041,114
Marshall islands,1,M2 TOTAL APPAREL IMPORTS (MFA),SME,2024,6,198,600,198
Mauritania,1,M2 TOTAL APPAREL IMPORTS (MFA),SME,2024,1,259,2698,259
Mauritania,1,M2 TOTAL APPAREL IMPORTS (MFA),SME,2024,2,531,45529,531
Mauritania,1,M2 TOTAL APPAREL IMPORTS (MFA),SME,2024,3,9,396,9
Mauritania,1,M2 TOTAL APPAREL IMPORTS (MFA),SME,2024,5,1294,66933,1294
Mauritania,1,M2 TOTAL APPAREL IMPORTS (MFA),SME,2024,6,76,3513,76
Mauritania,1,M2 TOTAL APPAREL IMPORTS (MFA),SME,2024,7,341,22316,341
Mauritania,1,M2 TOTAL APPAREL IMPORTS (MFA),SME,2024,11,171,7509,171
Mauritania,1,M2 TOTAL APPAREL IMPORTS (MFA),SME,2024,12,118,10466,118
Mauritius,1,M2 TOTAL APPAREL IMPORTS (MFA),SME,2024,1,332263,3954479,332263
Mauritius,1,M2 TOTAL APPAREL IMPORTS (MFA),SME,2024,2,443978,5142520,443978
Mauritius,1,M2 TOTAL APPAREL IMPORTS (MFA),SME,2024,3,234864,2753228,234864
Mauritius,1,M2 TOTAL APPAREL IMPORTS (MFA),SME,2024,4,368183,4670428,368183
Mauritius,1,M2 TOTAL APPAREL IMPORTS (MFA),SME,2024,5,291291,2971896,291291
Mauritius,1,M2 TOTAL APPAREL IMPORTS (MFA),SME,2024,6,253010,2401570,253010
Mauritius,1,M2 TOTAL APPAREL IMPORTS (MFA),SME,2024,7,336249,4235448,336249
Mauritius,1,M2 TOTAL APPAREL IMPORTS (MFA),SME,2024,8,368379,4832052,368379
Mauritius,1,M2 TOTAL APPAREL IMPORTS (MFA),SME,2024,9,256805,3507406,256805
Mauritius,1,M2 TOTAL APPAREL IMPORTS (MFA),SME,2024,10,230048,2149428,230048
Mauritius,1,M2 TOTAL APPAREL IMPORTS (MFA),SME,2024,11,205665,2137711,205665
Mauritius,1,M2 TOTAL APPAREL IMPORTS (MFA),SME,2024,12,150600,1735920,150600
Mayotte,1,M2 TOTAL APPAREL IMPORTS (MFA),SME,2024,10,7042,60020,7042
Mayotte,1,M2 TOTAL APPAREL IMPORTS (MFA),SME,2024,12,8060,69045,8060
Mexico,1,M2 TOTAL APPAREL IMPORTS (MFA),SME,2024,1,42108357,191356310,42108357
Mexico,1,M2 TOTAL APPAREL IMPORTS (MFA),SME,2024,2,49647827,212929098,49647827
Mexico,1,M2 TOTAL APPAREL IMPORTS (MFA),SME,2024,3,54330476,218491189,54330476
Mexico,1,M2 TOTAL APPAREL IMPORTS (MFA),SME,2024,4,52749462,219371890,52749462
Mexico,1,M2 TOTAL APPAREL IMPORTS (MFA),SME,2024,5,51442491,216645145,51442491
Mexico,1,M2 TOTAL APPAREL IMPORTS (MFA),SME,2024,6,47874476,222168807,47874476
Mexico,1,M2 TOTAL APPAREL IMPORTS (MFA),SME,2024,7,51138918,232604134,51138918
Mexico,1,M2 TOTAL APPAREL IMPORTS (MFA),SME,2024,8,49482250,232979519,49482250
Mexico,1,M2 TOTAL APPAREL IMPORTS (MFA),SME,2024,9,42365245,211715636,42365245
Mexico,1,M2 TOTAL APPAREL IMPORTS (MFA),SME,2024,10,45660828,238219567,45660828
Mexico,1,M2 TOTAL APPAREL IMPORTS (MFA),SME,2024,11,42314432,216583572,42314432
Mexico,1,M2 TOTAL APPAREL IMPORTS (MFA),SME,2024,12,41141316,208360829,41141316
Moldova,1,M2 TOTAL APPAREL IMPORTS (MFA),SME,2024,1,82900,1460376,82900
Moldova,1,M2 TOTAL APPAREL IMPORTS (MFA),SME,2024,2,35714,811897,35714
Moldova,1,M2 TOTAL APPAREL IMPORTS (MFA),SME,2024,3,114156,1136040,114156
Moldova,1,M2 TOTAL APPAREL IMPORTS (MFA),SME,2024,4,88219,1351455,88219
Moldova,1,M2 TOTAL APPAREL IMPORTS (MFA),SME,2024,5,60588,1268437,60588
Moldova,1,M2 TOTAL APPAREL IMPORTS (MFA),SME,2024,6,83907,1688295,83907
Moldova,1,M2 TOTAL APPAREL IMPORTS (MFA),SME,2024,7,77155,1503012,77155
Moldova,1,M2 TOTAL APPAREL IMPORTS (MFA),SME,2024,8,165914,1772700,165914
Moldova,1,M2 TOTAL APPAREL IMPORTS (MFA),SME,2024,9,59527,1181747,59527
Moldova,1,M2 TOTAL APPAREL IMPORTS (MFA),SME,2024,10,75332,1475902,75332
Moldova,1,M2 TOTAL APPAREL IMPORTS (MFA),SME,2024,11,54320,1211452,54320
Moldova,1,M2 TOTAL APPAREL IMPORTS (MFA),SME,2024,12,83123,1420469,83123
Mongolia,1,M2 TOTAL APPAREL IMPORTS (MFA),SME,2024,1,5539,382846,5539
Mongolia,1,M2 TOTAL APPAREL IMPORTS (MFA),SME,2024,2,5146,218516,5146
Mongolia,1,M2 TOTAL APPAREL IMPORTS (MFA),SME,2024,3,3166,181713,3166
Mongolia,1,M2 TOTAL APPAREL IMPORTS (MFA),SME,2024,4,2252,113709,2252
Mongolia,1,M2 TOTAL APPAREL IMPORTS (MFA),SME,2024,5,1846,123648,1846
Mongolia,1,M2 TOTAL APPAREL IMPORTS (MFA),SME,2024,6,2361,156141,2361
Mongolia,1,M2 TOTAL APPAREL IMPORTS (MFA),SME,2024,7,6449,206127,6449
Mongolia,1,M2 TOTAL APPAREL IMPORTS (MFA),SME,2024,8,2608,127027,2608
Mongolia,1,M2 TOTAL APPAREL IMPORTS (MFA),SME,2024,9,8297,537590,8297
Mongolia,1,M2 TOTAL APPAREL IMPORTS (MFA),SME,2024,10,12031,486370,12031
Mongolia,1,M2 TOTAL APPAREL IMPORTS (MFA),SME,2024,11,12684,641099,12684
Mongolia,1,M2 TOTAL APPAREL IMPORTS (MFA),SME,2024,12,6937,384894,6937
Montenegro,1,M2 TOTAL APPAREL IMPORTS (MFA),SME,2024,3,29,1829,29
Morocco,1,M2 TOTAL APPAREL IMPORTS (MFA),SME,2024,1,1942473,14121325,1942473
Morocco,1,M2 TOTAL APPAREL IMPORTS (MFA),SME,2024,2,2948175,20836845,2948175
Morocco,1,M2 TOTAL APPAREL IMPORTS (MFA),SME,2024,3,3529225,26060564,3529225
Morocco,1,M2 TOTAL APPAREL IMPORTS (MFA),SME,2024,4,3096965,21949558,3096965
Morocco,1,M2 TOTAL APPAREL IMPORTS (MFA),SME,2024,5,4167834,27945248,4167834
Morocco,1,M2 TOTAL APPAREL IMPORTS (MFA),SME,2024,6,3547581,23348557,3547581
Morocco,1,M2 TOTAL APPAREL IMPORTS (MFA),SME,2024,7,3627369,24688425,3627369
Morocco,1,M2 TOTAL APPAREL IMPORTS (MFA),SME,2024,8,3385734,25163473,3385734
Morocco,1,M2 TOTAL APPAREL IMPORTS (MFA),SME,2024,9,2402448,19335261,2402448
Morocco,1,M2 TOTAL APPAREL IMPORTS (MFA),SME,2024,10,2882548,22223944,2882548
Morocco,1,M2 TOTAL APPAREL IMPORTS (MFA),SME,2024,11,2647312,19824603,2647312
Morocco,1,M2 TOTAL APPAREL IMPORTS (MFA),SME,2024,12,1761843,14250849,1761843
Mozambique,1,M2 TOTAL APPAREL IMPORTS (MFA),SME,2024,12,91,679,91
Namibia,1,M2 TOTAL APPAREL IMPORTS (MFA),SME,2024,4,872,4330,872
Namibia,1,M2 TOTAL APPAREL IMPORTS (MFA),SME,2024,6,45,550,45
Namibia,1,M2 TOTAL APPAREL IMPORTS (MFA),SME,2024,9,6,318,6
Namibia,1,M2 TOTAL APPAREL IMPORTS (MFA),SME,2024,10,265,4186,265
Namibia,1,M2 TOTAL APPAREL IMPORTS (MFA),SME,2024,11,83,2790,83
Namibia,1,M2 TOTAL APPAREL IMPORTS (MFA),SME,2024,12,76,2506,76
Nauru,1,M2 TOTAL APPAREL IMPORTS (MFA),SME,2024,1,75,3657,75
Nauru,1,M2 TOTAL APPAREL IMPORTS (MFA),SME,2024,4,2634,103760,2634
Nauru,1,M2 TOTAL APPAREL IMPORTS (MFA),SME,2024,8,12,492,12
Nauru,1,M2 TOTAL APPAREL IMPORTS (MFA),SME,2024,10,30,5026,30
Nauru,1,M2 TOTAL APPAREL IMPORTS (MFA),SME,2024,11,69,2400,69
Nepal,1,M2 TOTAL APPAREL IMPORTS (MFA),SME,2024,1,116252,651079,116252
Nepal,1,M2 TOTAL APPAREL IMPORTS (MFA),SME,2024,2,133776,513514,133776
Nepal,1,M2 TOTAL APPAREL IMPORTS (MFA),SME,2024,3,290859,1012325,290859
Nepal,1,M2 TOTAL APPAREL IMPORTS (MFA),SME,2024,4,179044,616902,179044
Nepal,1,M2 TOTAL APPAREL IMPORTS (MFA),SME,2024,5,204094,821548,204094
Nepal,1,M2 TOTAL APPAREL IMPORTS (MFA),SME,2024,6,110223,625064,110223
Nepal,1,M2 TOTAL APPAREL IMPORTS (MFA),SME,2024,7,218223,1112192,218223
Nepal,1,M2 TOTAL APPAREL IMPORTS (MFA),SME,2024,8,370703,1822155,370703
Nepal,1,M2 TOTAL APPAREL IMPORTS (MFA),SME,2024,9,189398,1506466,189398
Nepal,1,M2 TOTAL APPAREL IMPORTS (MFA),SME,2024,10,233606,1440984,233606
Nepal,1,M2 TOTAL APPAREL IMPORTS (MFA),SME,2024,11,98514,713594,98514
Nepal,1,M2 TOTAL APPAREL IMPORTS (MFA),SME,2024,12,119025,870917,119025
Netherlands,1,M2 TOTAL APPAREL IMPORTS (MFA),SME,2024,1,341226,793180,341226
Netherlands,1,M2 TOTAL APPAREL IMPORTS (MFA),SME,2024,2,131535,440492,131535
Netherlands,1,M2 TOTAL APPAREL IMPORTS (MFA),SME,2024,3,7153,155788,7153
Netherlands,1,M2 TOTAL APPAREL IMPORTS (MFA),SME,2024,4,31200,140201,31200
Netherlands,1,M2 TOTAL APPAREL IMPORTS (MFA),SME,2024,5,13965,141243,13965
Netherlands,1,M2 TOTAL APPAREL IMPORTS (MFA),SME,2024,6,18684,346421,18684
Netherlands,1,M2 TOTAL APPAREL IMPORTS (MFA),SME,2024,7,14078,202145,14078
Netherlands,1,M2 TOTAL APPAREL IMPORTS (MFA),SME,2024,8,7924,222593,7924
Netherlands,1,M2 TOTAL APPAREL IMPORTS (MFA),SME,2024,9,13739,208100,13739
Netherlands,1,M2 TOTAL APPAREL IMPORTS (MFA),SME,2024,10,82580,549071,82580
Netherlands,1,M2 TOTAL APPAREL IMPORTS (MFA),SME,2024,11,17396,211062,17396
Netherlands,1,M2 TOTAL APPAREL IMPORTS (MFA),SME,2024,12,13294,186118,13294
New Caledonia,1,M2 TOTAL APPAREL IMPORTS (MFA),SME,2024,4,281,5990,281
New Caledonia,1,M2 TOTAL APPAREL IMPORTS (MFA),SME,2024,10,30,2250,30
New Zealand,1,M2 TOTAL APPAREL IMPORTS (MFA),SME,2024,1,11178,131280,11178
New Zealand,1,M2 TOTAL APPAREL IMPORTS (MFA),SME,2024,2,8643,98223,8643
New Zealand,1,M2 TOTAL APPAREL IMPORTS (MFA),SME,2024,3,5668,61042,5668
New Zealand,1,M2 TOTAL APPAREL IMPORTS (MFA),SME,2024,4,10188,161848,10188
New Zealand,1,M2 TOTAL APPAREL IMPORTS (MFA),SME,2024,5,10071,106899,10071
New Zealand,1,M2 TOTAL APPAREL IMPORTS (MFA),SME,2024,6,9348,141030,9348
New Zealand,1,M2 TOTAL APPAREL IMPORTS (MFA),SME,2024,7,9567,88904,9567
New Zealand,1,M2 TOTAL APPAREL IMPORTS (MFA),SME,2024,8,9863,120668,9863
New Zealand,1,M2 TOTAL APPAREL IMPORTS (MFA),SME,2024,9,22541,500503,22541
New Zealand,1,M2 TOTAL APPAREL IMPORTS (MFA),SME,2024,10,15255,260411,15255
New Zealand,1,M2 TOTAL APPAREL IMPORTS (MFA),SME,2024,11,10112,190308,10112
New Zealand,1,M2 TOTAL APPAREL IMPORTS (MFA),SME,2024,12,16701,188876,16701
Nicaragua,1,M2 TOTAL APPAREL IMPORTS (MFA),SME,2024,1,46960052,149171795,46960052
Nicaragua,1,M2 TOTAL APPAREL IMPORTS (MFA),SME,2024,2,51544223,162853483,51544223
Nicaragua,1,M2 TOTAL APPAREL IMPORTS (MFA),SME,2024,3,51613304,164827778,51613304
Nicaragua,1,M2 TOTAL APPAREL IMPORTS (MFA),SME,2024,4,50904939,158209538,50904939
Nicaragua,1,M2 TOTAL APPAREL IMPORTS (MFA),SME,2024,5,51493773,157388013,51493773
Nicaragua,1,M2 TOTAL APPAREL IMPORTS (MFA),SME,2024,6,46405481,145538315,46405481
Nicaragua,1,M2 TOTAL APPAREL IMPORTS (MFA),SME,2024,7,53627505,170730720,53627505
Nicaragua,1,M2 TOTAL APPAREL IMPORTS (MFA),SME,2024,8,57237877,180175684,57237877
Nicaragua,1,M2 TOTAL APPAREL IMPORTS (MFA),SME,2024,9,55724012,176237118,55724012
Nicaragua,1,M2 TOTAL APPAREL IMPORTS (MFA),SME,2024,10,59474474,184754593,59474474
Nicaragua,1,M2 TOTAL APPAREL IMPORTS (MFA),SME,2024,11,45966099,147845862,45966099
Nicaragua,1,M2 TOTAL APPAREL IMPORTS (MFA),SME,2024,12,51834148,163450657,51834148
Niger,1,M2 TOTAL APPAREL IMPORTS (MFA),SME,2024,5,15,523,15
Niger,1,M2 TOTAL APPAREL IMPORTS (MFA),SME,2024,12,49,3040,49
Nigeria,1,M2 TOTAL APPAREL IMPORTS (MFA),SME,2024,1,8202,30240,8202
Nigeria,1,M2 TOTAL APPAREL IMPORTS (MFA),SME,2024,2,6937,27022,6937
Nigeria,1,M2 TOTAL APPAREL IMPORTS (MFA),SME,2024,3,6446,18253,6446
Nigeria,1,M2 TOTAL APPAREL IMPORTS (MFA),SME,2024,4,7018,55875,7018
Nigeria,1,M2 TOTAL APPAREL IMPORTS (MFA),SME,2024,5,9049,50158,9049
Nigeria,1,M2 TOTAL APPAREL IMPORTS (MFA),SME,2024,6,5600,46987,5600
Nigeria,1,M2 TOTAL APPAREL IMPORTS (MFA),SME,2024,7,14908,111962,14908
Nigeria,1,M2 TOTAL APPAREL IMPORTS (MFA),SME,2024,8,17788,58508,17788
Nigeria,1,M2 TOTAL APPAREL IMPORTS (MFA),SME,2024,9,15206,55001,15206
Nigeria,1,M2 TOTAL APPAREL IMPORTS (MFA),SME,2024,10,15094,40620,15094
Nigeria,1,M2 TOTAL APPAREL IMPORTS (MFA),SME,2024,11,24949,35698,24949
Nigeria,1,M2 TOTAL APPAREL IMPORTS (MFA),SME,2024,12,42434,53649,42434
Niue,1,M2 TOTAL APPAREL IMPORTS (MFA),SME,2024,6,72,645,72
North Macedonia,1,M2 TOTAL APPAREL IMPORTS (MFA),SME,2024,1,26954,300586,26954
North Macedonia,1,M2 TOTAL APPAREL IMPORTS (MFA),SME,2024,2,17513,363112,17513
North Macedonia,1,M2 TOTAL APPAREL IMPORTS (MFA),SME,2024,3,11021,296678,11021
North Macedonia,1,M2 TOTAL APPAREL IMPORTS (MFA),SME,2024,4,13936,288323,13936
North Macedonia,1,M2 TOTAL APPAREL IMPORTS (MFA),SME,2024,5,7764,170158,7764
North Macedonia,1,M2 TOTAL APPAREL IMPORTS (MFA),SME,2024,6,10254,238285,10254
North Macedonia,1,M2 TOTAL APPAREL IMPORTS (MFA),SME,2024,7,7656,220070,7656
North Macedonia,1,M2 TOTAL APPAREL IMPORTS (MFA),SME,2024,8,11688,380485,11688
North Macedonia,1,M2 TOTAL APPAREL IMPORTS (MFA),SME,2024,9,5064,169841,5064
North Macedonia,1,M2 TOTAL APPAREL IMPORTS (MFA),SME,2024,10,11264,222753,11264
North Macedonia,1,M2 TOTAL APPAREL IMPORTS (MFA),SME,2024,11,5371,154041,5371
North Macedonia,1,M2 TOTAL APPAREL IMPORTS (MFA),SME,2024,12,51111,189771,51111
Norway,1,M2 TOTAL APPAREL IMPORTS (MFA),SME,2024,1,5184,70208,5184
Norway,1,M2 TOTAL APPAREL IMPORTS (MFA),SME,2024,2,19016,170730,19016
Norway,1,M2 TOTAL APPAREL IMPORTS (MFA),SME,2024,3,4626,72848,4626
Norway,1,M2 TOTAL APPAREL IMPORTS (MFA),SME,2024,4,6812,92043,6812
Norway,1,M2 TOTAL APPAREL IMPORTS (MFA),SME,2024,5,1992,26255,1992
Norway,1,M2 TOTAL APPAREL IMPORTS (MFA),SME,2024,6,4048,61924,4048
Norway,1,M2 TOTAL APPAREL IMPORTS (MFA),SME,2024,7,11062,53773,11062
Norway,1,M2 TOTAL APPAREL IMPORTS (MFA),SME,2024,8,15572,333039,15572
Norway,1,M2 TOTAL APPAREL IMPORTS (MFA),SME,2024,9,5950,144557,5950
Norway,1,M2 TOTAL APPAREL IMPORTS (MFA),SME,2024,10,12605,310790,12605
Norway,1,M2 TOTAL APPAREL IMPORTS (MFA),SME,2024,11,6677,172170,6677
Norway,1,M2 TOTAL APPAREL IMPORTS (MFA),SME,2024,12,14376,162557,14376
Oman,1,M2 TOTAL APPAREL IMPORTS (MFA),SME,2024,1,69,800,69
Oman,1,M2 TOTAL APPAREL IMPORTS (MFA),SME,2024,2,12,417,12
Oman,1,M2 TOTAL APPAREL IMPORTS (MFA),SME,2024,3,38,470,38
Oman,1,M2 TOTAL APPAREL IMPORTS (MFA),SME,2024,5,13,1091,13
Oman,1,M2 TOTAL APPAREL IMPORTS (MFA),SME,2024,6,13,1093,13
Pakistan,1,M2 TOTAL APPAREL IMPORTS (MFA),SME,2024,1,52410209,152968369,52410209
Pakistan,1,M2 TOTAL APPAREL IMPORTS (MFA),SME,2024,2,49137936,137902712,49137936
Pakistan,1,M2 TOTAL APPAREL IMPORTS (MFA),SME,2024,3,62536682,176204898,62536682
Pakistan,1,M2 TOTAL APPAREL IMPORTS (MFA),SME,2024,4,55642948,159810548,55642948
Pakistan,1,M2 TOTAL APPAREL IMPORTS (MFA),SME,2024,5,52446653,155582753,52446653
Pakistan,1,M2 TOTAL APPAREL IMPORTS (MFA),SME,2024,6,66154199,211444195,66154199
Pakistan,1,M2 TOTAL APPAREL IMPORTS (MFA),SME,2024,7,62602877,207912622,62602877
Pakistan,1,M2 TOTAL APPAREL IMPORTS (MFA),SME,2024,8,52334895,184526967,52334895
Pakistan,1,M2 TOTAL APPAREL IMPORTS (MFA),SME,2024,9,64978034,197156937,64978034
Pakistan,1,M2 TOTAL APPAREL IMPORTS (MFA),SME,2024,10,69410933,216402284,69410933
Pakistan,1,M2 TOTAL APPAREL IMPORTS (MFA),SME,2024,11,69537012,179273964,69537012
Pakistan,1,M2 TOTAL APPAREL IMPORTS (MFA),SME,2024,12,71613144,185431249,71613144
Palau,1,M2 TOTAL APPAREL IMPORTS (MFA),SME,2024,11,35,400,35
Panama,1,M2 TOTAL APPAREL IMPORTS (MFA),SME,2024,1,2861,4470,2861
Panama,1,M2 TOTAL APPAREL IMPORTS (MFA),SME,2024,2,1296,10640,1296
Panama,1,M2 TOTAL APPAREL IMPORTS (MFA),SME,2024,3,1772,36444,1772
Panama,1,M2 TOTAL APPAREL IMPORTS (MFA),SME,2024,4,15893,41279,15893
Panama,1,M2 TOTAL APPAREL IMPORTS (MFA),SME,2024,5,8378,94358,8378
Panama,1,M2 TOTAL APPAREL IMPORTS (MFA),SME,2024,6,14395,30465,14395
Panama,1,M2 TOTAL APPAREL IMPORTS (MFA),SME,2024,7,5398,37958,5398
Panama,1,M2 TOTAL APPAREL IMPORTS (MFA),SME,2024,8,16339,70128,16339
Panama,1,M2 TOTAL APPAREL IMPORTS (MFA),SME,2024,9,3431,35634,3431
Panama,1,M2 TOTAL APPAREL IMPORTS (MFA),SME,2024,10,8957,109637,8957
Panama,1,M2 TOTAL APPAREL IMPORTS (MFA),SME,2024,11,1637,14721,1637
Panama,1,M2 TOTAL APPAREL IMPORTS (MFA),SME,2024,12,1600,19239,1600
Papua New Guinea,1,M2 TOTAL APPAREL IMPORTS (MFA),SME,2024,1,3115,19435,3115
Papua New Guinea,1,M2 TOTAL APPAREL IMPORTS (MFA),SME,2024,8,6,294,6
Papua New Guinea,1,M2 TOTAL APPAREL IMPORTS (MFA),SME,2024,9,18,1559,18
Papua New Guinea,1,M2 TOTAL APPAREL IMPORTS (MFA),SME,2024,10,24,1380,24
Papua New Guinea,1,M2 TOTAL APPAREL IMPORTS (MFA),SME,2024,11,15,806,15
Paraguay,1,M2 TOTAL APPAREL IMPORTS (MFA),SME,2024,1,63883,934442,63883
Paraguay,1,M2 TOTAL APPAREL IMPORTS (MFA),SME,2024,2,46702,707901,46702
Paraguay,1,M2 TOTAL APPAREL IMPORTS (MFA),SME,2024,3,29966,564032,29966
Paraguay,1,M2 TOTAL APPAREL IMPORTS (MFA),SME,2024,4,59666,760229,59666
Paraguay,1,M2 TOTAL APPAREL IMPORTS (MFA),SME,2024,5,69083,1062347,69083
Paraguay,1,M2 TOTAL APPAREL IMPORTS (MFA),SME,2024,6,44724,744522,44724
Paraguay,1,M2 TOTAL APPAREL IMPORTS (MFA),SME,2024,7,70627,1191481,70627
Paraguay,1,M2 TOTAL APPAREL IMPORTS (MFA),SME,2024,8,24071,471503,24071
Paraguay,1,M2 TOTAL APPAREL IMPORTS (MFA),SME,2024,9,61983,1129518,61983
Paraguay,1,M2 TOTAL APPAREL IMPORTS (MFA),SME,2024,10,77275,1147484,77275
Paraguay,1,M2 TOTAL APPAREL IMPORTS (MFA),SME,2024,11,54373,837293,54373
Paraguay,1,M2 TOTAL APPAREL IMPORTS (MFA),SME,2024,12,58498,1090987,58498
Peru,1,M2 TOTAL APPAREL IMPORTS (MFA),SME,2024,1,8315898,72384059,8315898
Peru,1,M2 TOTAL APPAREL IMPORTS (MFA),SME,2024,2,8638606,67125833,8638606
Peru,1,M2 TOTAL APPAREL IMPORTS (MFA),SME,2024,3,5238092,44953805,5238092
Peru,1,M2 TOTAL APPAREL IMPORTS (MFA),SME,2024,4,9292782,70919126,9292782
Peru,1,M2 TOTAL APPAREL IMPORTS (MFA),SME,2024,5,9426049,71033930,9426049
Peru,1,M2 TOTAL APPAREL IMPORTS (MFA),SME,2024,6,7050772,61823308,7050772
Peru,1,M2 TOTAL APPAREL IMPORTS (MFA),SME,2024,7,8230607,79688520,8230607
Peru,1,M2 TOTAL APPAREL IMPORTS (MFA),SME,2024,8,8044179,70970707,8044179
Peru,1,M2 TOTAL APPAREL IMPORTS (MFA),SME,2024,9,6459948,67937659,6459948
Peru,1,M2 TOTAL APPAREL IMPORTS (MFA),SME,2024,10,6154914,75053534,6154914
Peru,1,M2 TOTAL APPAREL IMPORTS (MFA),SME,2024,11,5123850,54592472,5123850
Peru,1,M2 TOTAL APPAREL IMPORTS (MFA),SME,2024,12,8393409,74382655,8393409
Philippines,1,M2 TOTAL APPAREL IMPORTS (MFA),SME,2024,1,8224370,39032391,8224370
Philippines,1,M2 TOTAL APPAREL IMPORTS (MFA),SME,2024,2,6725111,29505545,6725111
Philippines,1,M2 TOTAL APPAREL IMPORTS (MFA),SME,2024,3,10768911,37427000,10768911
Philippines,1,M2 TOTAL APPAREL IMPORTS (MFA),SME,2024,4,8384365,34500728,8384365
Philippines,1,M2 TOTAL APPAREL IMPORTS (MFA),SME,2024,5,10651521,31003983,10651521
Philippines,1,M2 TOTAL APPAREL IMPORTS (MFA),SME,2024,6,11413130,35697869,11413130
Philippines,1,M2 TOTAL APPAREL IMPORTS (MFA),SME,2024,7,11099233,45856884,11099233
Philippines,1,M2 TOTAL APPAREL IMPORTS (MFA),SME,2024,8,10852239,39050163,10852239
Philippines,1,M2 TOTAL APPAREL IMPORTS (MFA),SME,2024,9,12663516,43398941,12663516
Philippines,1,M2 TOTAL APPAREL IMPORTS (MFA),SME,2024,10,13264271,44756519,13264271
Philippines,1,M2 TOTAL APPAREL IMPORTS (MFA),SME,2024,11,6742934,31994023,6742934
Philippines,1,M2 TOTAL APPAREL IMPORTS (MFA),SME,2024,12,9587393,35276070,9587393
Poland,1,M2 TOTAL APPAREL IMPORTS (MFA),SME,2024,1,118797,3479114,118797
Poland,1,M2 TOTAL APPAREL IMPORTS (MFA),SME,2024,2,316583,5022867,316583
Poland,1,M2 TOTAL APPAREL IMPORTS (MFA),SME,2024,3,239718,4692233,239718
Poland,1,M2 TOTAL APPAREL IMPORTS (MFA),SME,2024,4,150744,3337054,150744
Poland,1,M2 TOTAL APPAREL IMPORTS (MFA),SME,2024,5,341560,2836531,341560
Poland,1,M2 TOTAL APPAREL IMPORTS (MFA),SME,2024,6,121535,2983951,121535
Poland,1,M2 TOTAL APPAREL IMPORTS (MFA),SME,2024,7,112710,3420755,112710
Poland,1,M2 TOTAL APPAREL IMPORTS (MFA),SME,2024,8,183267,4347587,183267
Poland,1,M2 TOTAL APPAREL IMPORTS (MFA),SME,2024,9,155283,3981189,155283
Poland,1,M2 TOTAL APPAREL IMPORTS (MFA),SME,2024,10,119385,3632285,119385
Poland,1,M2 TOTAL APPAREL IMPORTS (MFA),SME,2024,11,102976,2508256,102976
Poland,1,M2 TOTAL APPAREL IMPORTS (MFA),SME,2024,12,114678,2508939,114678
Portugal,1,M2 TOTAL APPAREL IMPORTS (MFA),SME,2024,1,1492670,28949477,1492670
Portugal,1,M2 TOTAL APPAREL IMPORTS (MFA),SME,2024,2,1785720,33702004,1785720
Portugal,1,M2 TOTAL APPAREL IMPORTS (MFA),SME,2024,3,1534560,31553110,1534560
Portugal,1,M2 TOTAL APPAREL IMPORTS (MFA),SME,2024,4,1598201,31078090,1598201
Portugal,1,M2 TOTAL APPAREL IMPORTS (MFA),SME,2024,5,1644288,30195872,1644288
Portugal,1,M2 TOTAL APPAREL IMPORTS (MFA),SME,2024,6,1298000,25522121,1298000
Portugal,1,M2 TOTAL APPAREL IMPORTS (MFA),SME,2024,7,1721249,35570913,1721249
Portugal,1,M2 TOTAL APPAREL IMPORTS (MFA),SME,2024,8,1797890,39112307,1797890
Portugal,1,M2 TOTAL APPAREL IMPORTS (MFA),SME,2024,9,1295277,27055889,1295277
Portugal,1,M2 TOTAL APPAREL IMPORTS (MFA),SME,2024,10,1334853,29029853,1334853
Portugal,1,M2 TOTAL APPAREL IMPORTS (MFA),SME,2024,11,1453291,29159214,1453291
Portugal,1,M2 TOTAL APPAREL IMPORTS (MFA),SME,2024,12,1454432,30770906,1454432
Qatar,1,M2 TOTAL APPAREL IMPORTS (MFA),SME,2024,1,3194,8382,3194
Qatar,1,M2 TOTAL APPAREL IMPORTS (MFA),SME,2024,6,38,259,38
Qatar,1,M2 TOTAL APPAREL IMPORTS (MFA),SME,2024,7,56,3451,56
Qatar,1,M2 TOTAL APPAREL IMPORTS (MFA),SME,2024,9,24,702,24
Qatar,1,M2 TOTAL APPAREL IMPORTS (MFA),SME,2024,10,44,1280,44
Romania,1,M2 TOTAL APPAREL IMPORTS (MFA),SME,2024,1,529577,14306987,529577
Romania,1,M2 TOTAL APPAREL IMPORTS (MFA),SME,2024,2,568528,11598254,568528
Romania,1,M2 TOTAL APPAREL IMPORTS (MFA),SME,2024,3,579225,12389978,579225
Romania,1,M2 TOTAL APPAREL IMPORTS (MFA),SME,2024,4,443861,9819094,443861
Romania,1,M2 TOTAL APPAREL IMPORTS (MFA),SME,2024,5,550075,13670041,550075
Romania,1,M2 TOTAL APPAREL IMPORTS (MFA),SME,2024,6,552980,15027812,552980
Romania,1,M2 TOTAL APPAREL IMPORTS (MFA),SME,2024,7,692627,17113106,692627
Romania,1,M2 TOTAL APPAREL IMPORTS (MFA),SME,2024,8,640396,18347535,640396
Romania,1,M2 TOTAL APPAREL IMPORTS (MFA),SME,2024,9,670241,15930949,670241
Romania,1,M2 TOTAL APPAREL IMPORTS (MFA),SME,2024,10,638118,16700330,638118
Romania,1,M2 TOTAL APPAREL IMPORTS (MFA),SME,2024,11,545077,14835263,545077
Romania,1,M2 TOTAL APPAREL IMPORTS (MFA),SME,2024,12,563776,15631387,563776
Russia,1,M2 TOTAL APPAREL IMPORTS (MFA),SME,2024,1,15987,40292,15987
Russia,1,M2 TOTAL APPAREL IMPORTS (MFA),SME,2024,2,6803,19891,6803
Russia,1,M2 TOTAL APPAREL IMPORTS (MFA),SME,2024,3,23005,51893,23005
Russia,1,M2 TOTAL APPAREL IMPORTS (MFA),SME,2024,4,8733,23744,8733
Russia,1,M2 TOTAL APPAREL IMPORTS (MFA),SME,2024,5,21007,55805,21007
Russia,1,M2 TOTAL APPAREL IMPORTS (MFA),SME,2024,6,4793,12424,4793
Russia,1,M2 TOTAL APPAREL IMPORTS (MFA),SME,2024,7,7050,18330,7050
Russia,1,M2 TOTAL APPAREL IMPORTS (MFA),SME,2024,8,7214,14099,7214
Russia,1,M2 TOTAL APPAREL IMPORTS (MFA),SME,2024,9,9120,23308,9120
Russia,1,M2 TOTAL APPAREL IMPORTS (MFA),SME,2024,10,7156,16460,7156
Russia,1,M2 TOTAL APPAREL IMPORTS (MFA),SME,2024,11,10206,24438,10206
Russia,1,M2 TOTAL APPAREL IMPORTS (MFA),SME,2024,12,12630,38824,12630
Rwanda,1,M2 TOTAL APPAREL IMPORTS (MFA),SME,2024,5,145,5976,145
Rwanda,1,M2 TOTAL APPAREL IMPORTS (MFA),SME,2024,6,607,1069,607
Rwanda,1,M2 TOTAL APPAREL IMPORTS (MFA),SME,2024,7,152,840,152
Rwanda,1,M2 TOTAL APPAREL IMPORTS (MFA),SME,2024,8,49,2500,49
Rwanda,1,M2 TOTAL APPAREL IMPORTS (MFA),SME,2024,9,29946,258000,29946
Rwanda,1,M2 TOTAL APPAREL IMPORTS (MFA),SME,2024,10,20017,141883,20017
Saudi Arabia,1,M2 TOTAL APPAREL IMPORTS (MFA),SME,2024,2,38,3000,38
Saudi Arabia,1,M2 TOTAL APPAREL IMPORTS (MFA),SME,2024,3,36839,10680,36839
Saudi Arabia,1,M2 TOTAL APPAREL IMPORTS (MFA),SME,2024,4,7013,9482,7013
Saudi Arabia,1,M2 TOTAL APPAREL IMPORTS (MFA),SME,2024,5,2460,15801,2460
Saudi Arabia,1,M2 TOTAL APPAREL IMPORTS (MFA),SME,2024,6,59,2586,59
Saudi Arabia,1,M2 TOTAL APPAREL IMPORTS (MFA),SME,2024,7,7552,7559,7552
Saudi Arabia,1,M2 TOTAL APPAREL IMPORTS (MFA),SME,2024,8,355,14590,355
Saudi Arabia,1,M2 TOTAL APPAREL IMPORTS (MFA),SME,2024,9,64884,4049,64884
Saudi Arabia,1,M2 TOTAL APPAREL IMPORTS (MFA),SME,2024,10,29700,15438,29700
Saudi Arabia,1,M2 TOTAL APPAREL IMPORTS (MFA),SME,2024,12,27398,19381,27398
Senegal,1,M2 TOTAL APPAREL IMPORTS (MFA),SME,2024,1,87696,151333,87696
Senegal,1,M2 TOTAL APPAREL IMPORTS (MFA),SME,2024,2,20182,21732,20182
Senegal,1,M2 TOTAL APPAREL IMPORTS (MFA),SME,2024,3,31620,42440,31620
Senegal,1,M2 TOTAL APPAREL IMPORTS (MFA),SME,2024,4,106031,212608,106031
Senegal,1,M2 TOTAL APPAREL IMPORTS (MFA),SME,2024,5,283006,591344,283006
Senegal,1,M2 TOTAL APPAREL IMPORTS (MFA),SME,2024,6,34945,82158,34945
Senegal,1,M2 TOTAL APPAREL IMPORTS (MFA),SME,2024,7,17212,28717,17212
Senegal,1,M2 TOTAL APPAREL IMPORTS (MFA),SME,2024,8,20195,16981,20195
Senegal,1,M2 TOTAL APPAREL IMPORTS (MFA),SME,2024,9,92426,221148,92426
Senegal,1,M2 TOTAL APPAREL IMPORTS (MFA),SME,2024,10,86801,142268,86801
Senegal,1,M2 TOTAL APPAREL IMPORTS (MFA),SME,2024,11,17957,14742,17957
Senegal,1,M2 TOTAL APPAREL IMPORTS (MFA),SME,2024,12,14902,33036,14902
Serbia,1,M2 TOTAL APPAREL IMPORTS (MFA),SME,2024,1,49007,546524,49007
Serbia,1,M2 TOTAL APPAREL IMPORTS (MFA),SME,2024,2,49900,626465,49900
Serbia,1,M2 TOTAL APPAREL IMPORTS (MFA),SME,2024,3,50644,504768,50644
Serbia,1,M2 TOTAL APPAREL IMPORTS (MFA),SME,2024,4,50563,468085,50563
Serbia,1,M2 TOTAL APPAREL IMPORTS (MFA),SME,2024,5,32676,425554,32676
Serbia,1,M2 TOTAL APPAREL IMPORTS (MFA),SME,2024,6,50788,819816,50788
Serbia,1,M2 TOTAL APPAREL IMPORTS (MFA),SME,2024,7,37993,534030,37993
Serbia,1,M2 TOTAL APPAREL IMPORTS (MFA),SME,2024,8,75686,717316,75686
Serbia,1,M2 TOTAL APPAREL IMPORTS (MFA),SME,2024,9,98740,1276224,98740
Serbia,1,M2 TOTAL APPAREL IMPORTS (MFA),SME,2024,10,75392,518928,75392
Serbia,1,M2 TOTAL APPAREL IMPORTS (MFA),SME,2024,11,85144,663662,85144
Serbia,1,M2 TOTAL APPAREL IMPORTS (MFA),SME,2024,12,85709,728853,85709
Seychelles,1,M2 TOTAL APPAREL IMPORTS (MFA),SME,2024,11,5614,11244,5614
Sierra Leone,1,M2 TOTAL APPAREL IMPORTS (MFA),SME,2024,1,133,7107,133
Sierra Leone,1,M2 TOTAL APPAREL IMPORTS (MFA),SME,2024,2,105,4796,105
Sierra Leone,1,M2 TOTAL APPAREL IMPORTS (MFA),SME,2024,3,134,7647,134
Sierra Leone,1,M2 TOTAL APPAREL IMPORTS (MFA),SME,2024,4,20,385,20
Sierra Leone,1,M2 TOTAL APPAREL IMPORTS (MFA),SME,2024,5,35,1212,35
Sierra Leone,1,M2 TOTAL APPAREL IMPORTS (MFA),SME,2024,7,63,3866,63
Sierra Leone,1,M2 TOTAL APPAREL IMPORTS (MFA),SME,2024,8,128,5509,128
Sierra Leone,1,M2 TOTAL APPAREL IMPORTS (MFA),SME,2024,9,135,3295,135
Sierra Leone,1,M2 TOTAL APPAREL IMPORTS (MFA),SME,2024,10,50,2293,50
Sierra Leone,1,M2 TOTAL APPAREL IMPORTS (MFA),SME,2024,11,121,3594,121
Singapore,1,M2 TOTAL APPAREL IMPORTS (MFA),SME,2024,1,11197,106762,11197
Singapore,1,M2 TOTAL APPAREL IMPORTS (MFA),SME,2024,2,55827,99473,55827
Singapore,1,M2 TOTAL APPAREL IMPORTS (MFA),SME,2024,3,23446,349995,23446
Singapore,1,M2 TOTAL APPAREL IMPORTS (MFA),SME,2024,4,10978,159949,10978
Singapore,1,M2 TOTAL APPAREL IMPORTS (MFA),SME,2024,5,16946,149163,16946
Singapore,1,M2 TOTAL APPAREL IMPORTS (MFA),SME,2024,6,9231,80126,9231
Singapore,1,M2 TOTAL APPAREL IMPORTS (MFA),SME,2024,7,42512,185535,42512
Singapore,1,M2 TOTAL APPAREL IMPORTS (MFA),SME,2024,8,56953,67044,56953
Singapore,1,M2 TOTAL APPAREL IMPORTS (MFA),SME,2024,9,51996,99856,51996
Singapore,1,M2 TOTAL APPAREL IMPORTS (MFA),SME,2024,10,916,6711,916
Singapore,1,M2 TOTAL APPAREL IMPORTS (MFA),SME,2024,11,26826,334030,26826
Singapore,1,M2 TOTAL APPAREL IMPORTS (MFA),SME,2024,12,55647,476060,55647
Sint Maarten,1,M2 TOTAL APPAREL IMPORTS (MFA),SME,2024,2,114,2532,114
Slovakia,1,M2 TOTAL APPAREL IMPORTS (MFA),SME,2024,1,27258,897201,27258
Slovakia,1,M2 TOTAL APPAREL IMPORTS (MFA),SME,2024,2,94037,1383949,94037
Slovakia,1,M2 TOTAL APPAREL IMPORTS (MFA),SME,2024,3,74569,1225390,74569
Slovakia,1,M2 TOTAL APPAREL IMPORTS (MFA),SME,2024,4,46495,1179497,46495
Slovakia,1,M2 TOTAL APPAREL IMPORTS (MFA),SME,2024,5,69641,1204281,69641
Slovakia,1,M2 TOTAL APPAREL IMPORTS (MFA),SME,2024,6,24642,742101,24642
Slovakia,1,M2 TOTAL APPAREL IMPORTS (MFA),SME,2024,7,53217,1579209,53217
Slovakia,1,M2 TOTAL APPAREL IMPORTS (MFA),SME,2024,8,60432,1429733,60432
Slovakia,1,M2 TOTAL APPAREL IMPORTS (MFA),SME,2024,9,33259,1236960,33259
Slovakia,1,M2 TOTAL APPAREL IMPORTS (MFA),SME,2024,10,62904,1614382,62904
Slovakia,1,M2 TOTAL APPAREL IMPORTS (MFA),SME,2024,11,126980,1783130,126980
Slovakia,1,M2 TOTAL APPAREL IMPORTS (MFA),SME,2024,12,35913,1074199,35913
Slovenia,1,M2 TOTAL APPAREL IMPORTS (MFA),SME,2024,1,23985,336706,23985
Slovenia,1,M2 TOTAL APPAREL IMPORTS (MFA),SME,2024,2,183308,489839,183308
Slovenia,1,M2 TOTAL APPAREL IMPORTS (MFA),SME,2024,3,16775,261003,16775
Slovenia,1,M2 TOTAL APPAREL IMPORTS (MFA),SME,2024,4,18940,178229,18940
Slovenia,1,M2 TOTAL APPAREL IMPORTS (MFA),SME,2024,5,14929,122932,14929
Slovenia,1,M2 TOTAL APPAREL IMPORTS (MFA),SME,2024,6,27130,297220,27130
Slovenia,1,M2 TOTAL APPAREL IMPORTS (MFA),SME,2024,7,33437,338341,33437
Slovenia,1,M2 TOTAL APPAREL IMPORTS (MFA),SME,2024,8,517881,644866,517881
Slovenia,1,M2 TOTAL APPAREL IMPORTS (MFA),SME,2024,9,18191,288635,18191
Slovenia,1,M2 TOTAL APPAREL IMPORTS (MFA),SME,2024,10,27478,428657,27478
Slovenia,1,M2 TOTAL APPAREL IMPORTS (MFA),SME,2024,11,24472,243374,24472
Slovenia,1,M2 TOTAL APPAREL IMPORTS (MFA),SME,2024,12,22903,244547,22903
Somalia,1,M2 TOTAL APPAREL IMPORTS (MFA),SME,2024,10,65,2368,65
South Africa,1,M2 TOTAL APPAREL IMPORTS (MFA),SME,2024,1,56738,488347,56738
South Africa,1,M2 TOTAL APPAREL IMPORTS (MFA),SME,2024,2,30130,302556,30130
South Africa,1,M2 TOTAL APPAREL IMPORTS (MFA),SME,2024,3,52660,505948,52660
South Africa,1,M2 TOTAL APPAREL IMPORTS (MFA),SME,2024,4,108321,892836,108321
South Africa,1,M2 TOTAL APPAREL IMPORTS (MFA),SME,2024,5,1774,24407,1774
South Africa,1,M2 TOTAL APPAREL IMPORTS (MFA),SME,2024,6,79991,687449,79991
South Africa,1,M2 TOTAL APPAREL IMPORTS (MFA),SME,2024,7,124792,882045,124792
South Africa,1,M2 TOTAL APPAREL IMPORTS (MFA),SME,2024,8,128462,971137,128462
South Africa,1,M2 TOTAL APPAREL IMPORTS (MFA),SME,2024,9,69557,641945,69557
South Africa,1,M2 TOTAL APPAREL IMPORTS (MFA),SME,2024,10,42197,439514,42197
South Africa,1,M2 TOTAL APPAREL IMPORTS (MFA),SME,2024,11,137149,1234814,137149
South Africa,1,M2 TOTAL APPAREL IMPORTS (MFA),SME,2024,12,46418,477915,46418
South Korea,1,M2 TOTAL APPAREL IMPORTS (MFA),SME,2024,1,4369445,15569912,4369445
South Korea,1,M2 TOTAL APPAREL IMPORTS (MFA),SME,2024,2,2369601,10635940,2369601
South Korea,1,M2 TOTAL APPAREL IMPORTS (MFA),SME,2024,3,2657167,15618167,2657167
South Korea,1,M2 TOTAL APPAREL IMPORTS (MFA),SME,2024,4,2897336,13377412,2897336
South Korea,1,M2 TOTAL APPAREL IMPORTS (MFA),SME,2024,5,3207172,13386993,3207172
South Korea,1,M2 TOTAL APPAREL IMPORTS (MFA),SME,2024,6,2332236,11499845,2332236
South Korea,1,M2 TOTAL APPAREL IMPORTS (MFA),SME,2024,7,3791969,21356655,3791969
South Korea,1,M2 TOTAL APPAREL IMPORTS (MFA),SME,2024,8,3224292,17858747,3224292
South Korea,1,M2 TOTAL APPAREL IMPORTS (MFA),SME,2024,9,3952335,18418679,3952335
South Korea,1,M2 TOTAL APPAREL IMPORTS (MFA),SME,2024,10,3419308,13759384,3419308
South Korea,1,M2 TOTAL APPAREL IMPORTS (MFA),SME,2024,11,3064429,10645744,3064429
South Korea,1,M2 TOTAL APPAREL IMPORTS (MFA),SME,2024,12,2508031,11430673,2508031
Spain,1,M2 TOTAL APPAREL IMPORTS (MFA),SME,2024,1,123960,1856961,123960
Spain,1,M2 TOTAL APPAREL IMPORTS (MFA),SME,2024,2,267339,3786476,267339
Spain,1,M2 TOTAL APPAREL IMPORTS (MFA),SME,2024,3,302051,3735403,302051
Spain,1,M2 TOTAL APPAREL IMPORTS (MFA),SME,2024,4,346519,2737419,346519
Spain,1,M2 TOTAL APPAREL IMPORTS (MFA),SME,2024,5,174307,2331815,174307
Spain,1,M2 TOTAL APPAREL IMPORTS (MFA),SME,2024,6,196156,2229189,196156
Spain,1,M2 TOTAL APPAREL IMPORTS (MFA),SME,2024,7,147260,2654676,147260
Spain,1,M2 TOTAL APPAREL IMPORTS (MFA),SME,2024,8,279090,3483156,279090
Spain,1,M2 TOTAL APPAREL IMPORTS (MFA),SME,2024,9,212341,2901964,212341
Spain,1,M2 TOTAL APPAREL IMPORTS (MFA),SME,2024,10,412177,3588143,412177
Spain,1,M2 TOTAL APPAREL IMPORTS (MFA),SME,2024,11,107191,2210381,107191
Spain,1,M2 TOTAL APPAREL IMPORTS (MFA),SME,2024,12,268789,2693593,268789
Sri Lanka,1,M2 TOTAL APPAREL IMPORTS (MFA),SME,2024,1,30887422,126147607,30887422
Sri Lanka,1,M2 TOTAL APPAREL IMPORTS (MFA),SME,2024,2,33757335,117113301,33757335
Sri Lanka,1,M2 TOTAL APPAREL IMPORTS (MFA),SME,2024,3,37457364,149388547,37457364
Sri Lanka,1,M2 TOTAL APPAREL IMPORTS (MFA),SME,2024,4,33846859,133397018,33846859
Sri Lanka,1,M2 TOTAL APPAREL IMPORTS (MFA),SME,2024,5,31965138,131998427,31965138
Sri Lanka,1,M2 TOTAL APPAREL IMPORTS (MFA),SME,2024,6,22167371,98506452,22167371
Sri Lanka,1,M2 TOTAL APPAREL IMPORTS (MFA),SME,2024,7,39026773,167038910,39026773
Sri Lanka,1,M2 TOTAL APPAREL IMPORTS (MFA),SME,2024,8,34500626,143737888,34500626
Sri Lanka,1,M2 TOTAL APPAREL IMPORTS (MFA),SME,2024,9,34769141,144011109,34769141
Sri Lanka,1,M2 TOTAL APPAREL IMPORTS (MFA),SME,2024,10,41240533,185486926,41240533
Sri Lanka,1,M2 TOTAL APPAREL IMPORTS (MFA),SME,2024,11,31950559,134101857,31950559
Sri Lanka,1,M2 TOTAL APPAREL IMPORTS (MFA),SME,2024,12,27475404,120330040,27475404
St Kitts and Nevis,1,M2 TOTAL APPAREL IMPORTS (MFA),SME,2024,1,311,5421,311
St Kitts and Nevis,1,M2 TOTAL APPAREL IMPORTS (MFA),SME,2024,3,8790,42357,8790
St Kitts and Nevis,1,M2 TOTAL APPAREL IMPORTS (MFA),SME,2024,8,15,363,15
St Vincent/Grenadines,1,M2 TOTAL APPAREL IMPORTS (MFA),SME,2024,10,56,2075,56
Sweden,1,M2 TOTAL APPAREL IMPORTS (MFA),SME,2024,1,10905,283532,10905
Sweden,1,M2 TOTAL APPAREL IMPORTS (MFA),SME,2024,2,4122,74969,4122
Sweden,1,M2 TOTAL APPAREL IMPORTS (MFA),SME,2024,3,11162,162022,11162
Sweden,1,M2 TOTAL APPAREL IMPORTS (MFA),SME,2024,4,23757,90034,23757
Sweden,1,M2 TOTAL APPAREL IMPORTS (MFA),SME,2024,5,5065,109028,5065
Sweden,1,M2 TOTAL APPAREL IMPORTS (MFA),SME,2024,6,30232,151755,30232
Sweden,1,M2 TOTAL APPAREL IMPORTS (MFA),SME,2024,7,9118,131645,9118
Sweden,1,M2 TOTAL APPAREL IMPORTS (MFA),SME,2024,8,25950,186366,25950
Sweden,1,M2 TOTAL APPAREL IMPORTS (MFA),SME,2024,9,18521,215264,18521
Sweden,1,M2 TOTAL APPAREL IMPORTS (MFA),SME,2024,10,35101,278025,35101
Sweden,1,M2 TOTAL APPAREL IMPORTS (MFA),SME,2024,11,14340,154594,14340
Sweden,1,M2 TOTAL APPAREL IMPORTS (MFA),SME,2024,12,3391,102851,3391
Switzerland,1,M2 TOTAL APPAREL IMPORTS (MFA),SME,2024,1,70620,2155782,70620
Switzerland,1,M2 TOTAL APPAREL IMPORTS (MFA),SME,2024,2,80063,2258375,80063
Switzerland,1,M2 TOTAL APPAREL IMPORTS (MFA),SME,2024,3,201312,2398716,201312
Switzerland,1,M2 TOTAL APPAREL IMPORTS (MFA),SME,2024,4,105164,2125473,105164
Switzerland,1,M2 TOTAL APPAREL IMPORTS (MFA),SME,2024,5,65700,1766143,65700
Switzerland,1,M2 TOTAL APPAREL IMPORTS (MFA),SME,2024,6,156202,2579850,156202
Switzerland,1,M2 TOTAL APPAREL IMPORTS (MFA),SME,2024,7,139709,2911539,139709
Switzerland,1,M2 TOTAL APPAREL IMPORTS (MFA),SME,2024,8,171174,3073495,171174
Switzerland,1,M2 TOTAL APPAREL IMPORTS (MFA),SME,2024,9,122512,2132643,122512
Switzerland,1,M2 TOTAL APPAREL IMPORTS (MFA),SME,2024,10,136540,2951392,136540
Switzerland,1,M2 TOTAL APPAREL IMPORTS (MFA),SME,2024,11,129926,2783549,129926
Switzerland,1,M2 TOTAL APPAREL IMPORTS (MFA),SME,2024,12,184188,2799837,184188
Syria,1,M2 TOTAL APPAREL IMPORTS (MFA),SME,2024,2,5544,2109,5544
Syria,1,M2 TOTAL APPAREL IMPORTS (MFA),SME,2024,5,9572,4978,9572
Syria,1,M2 TOTAL APPAREL IMPORTS (MFA),SME,2024,7,5515,2825,5515
Syria,1,M2 TOTAL APPAREL IMPORTS (MFA),SME,2024,8,7042,3564,7042
Syria,1,M2 TOTAL APPAREL IMPORTS (MFA),SME,2024,12,221,1330,221
Taiwan,1,M2 TOTAL APPAREL IMPORTS (MFA),SME,2024,1,2523104,7598120,2523104
Taiwan,1,M2 TOTAL APPAREL IMPORTS (MFA),SME,2024,2,3071370,8566603,3071370
Taiwan,1,M2 TOTAL APPAREL IMPORTS (MFA),SME,2024,3,2348487,6486922,2348487
Taiwan,1,M2 TOTAL APPAREL IMPORTS (MFA),SME,2024,4,2594279,8438492,2594279
Taiwan,1,M2 TOTAL APPAREL IMPORTS (MFA),SME,2024,5,2779753,7889679,2779753
Taiwan,1,M2 TOTAL APPAREL IMPORTS (MFA),SME,2024,6,3054086,10491755,3054086
Taiwan,1,M2 TOTAL APPAREL IMPORTS (MFA),SME,2024,7,3547157,10478199,3547157
Taiwan,1,M2 TOTAL APPAREL IMPORTS (MFA),SME,2024,8,3661367,10458648,3661367
Taiwan,1,M2 TOTAL APPAREL IMPORTS (MFA),SME,2024,9,3151136,9750290,3151136
Taiwan,1,M2 TOTAL APPAREL IMPORTS (MFA),SME,2024,10,2534699,7589863,2534699
Taiwan,1,M2 TOTAL APPAREL IMPORTS (MFA),SME,2024,11,2534394,8975593,2534394
Taiwan,1,M2 TOTAL APPAREL IMPORTS (MFA),SME,2024,12,2584388,9668151,2584388
Tajikistan,1,M2 TOTAL APPAREL IMPORTS (MFA),SME,2024,1,45,261,45
Tajikistan,1,M2 TOTAL APPAREL IMPORTS (MFA),SME,2024,11,75,422,75
Tajikistan,1,M2 TOTAL APPAREL IMPORTS (MFA),SME,2024,12,149,852,149
Tanzania,1,M2 TOTAL APPAREL IMPORTS (MFA),SME,2024,1,1454121,3346199,1454121
Tanzania,1,M2 TOTAL APPAREL IMPORTS (MFA),SME,2024,2,4582319,10109582,4582319
Tanzania,1,M2 TOTAL APPAREL IMPORTS (MFA),SME,2024,3,1404018,2488756,1404018
Tanzania,1,M2 TOTAL APPAREL IMPORTS (MFA),SME,2024,4,2984469,6924833,2984469
Tanzania,1,M2 TOTAL APPAREL IMPORTS (MFA),SME,2024,5,3318138,7428062,3318138
Tanzania,1,M2 TOTAL APPAREL IMPORTS (MFA),SME,2024,6,3448577,7526488,3448577
Tanzania,1,M2 TOTAL APPAREL IMPORTS (MFA),SME,2024,7,3030055,7037035,3030055
Tanzania,1,M2 TOTAL APPAREL IMPORTS (MFA),SME,2024,8,2600193,5368320,2600193
Tanzania,1,M2 TOTAL APPAREL IMPORTS (MFA),SME,2024,9,4978638,9801564,4978638
Tanzania,1,M2 TOTAL APPAREL IMPORTS (MFA),SME,2024,10,2550243,5793897,2550243
Tanzania,1,M2 TOTAL APPAREL IMPORTS (MFA),SME,2024,11,3378704,7713903,3378704
Tanzania,1,M2 TOTAL APPAREL IMPORTS (MFA),SME,2024,12,2750297,5796749,2750297
Thailand,1,M2 TOTAL APPAREL IMPORTS (MFA),SME,2024,1,20546435,55356314,20546435
Thailand,1,M2 TOTAL APPAREL IMPORTS (MFA),SME,2024,2,18537796,57312893,18537796
Thailand,1,M2 TOTAL APPAREL IMPORTS (MFA),SME,2024,3,24122610,71102600,24122610
Thailand,1,M2 TOTAL APPAREL IMPORTS (MFA),SME,2024,4,19916734,54493912,19916734
Thailand,1,M2 TOTAL APPAREL IMPORTS (MFA),SME,2024,5,15231875,58791949,15231875
Thailand,1,M2 TOTAL APPAREL IMPORTS (MFA),SME,2024,6,25636062,79893923,25636062
Thailand,1,M2 TOTAL APPAREL IMPORTS (MFA),SME,2024,7,24621834,78316693,24621834
Thailand,1,M2 TOTAL APPAREL IMPORTS (MFA),SME,2024,8,21534061,74089143,21534061
Thailand,1,M2 TOTAL APPAREL IMPORTS (MFA),SME,2024,9,29290773,96412537,29290773
Thailand,1,M2 TOTAL APPAREL IMPORTS (MFA),SME,2024,10,24729333,79961929,24729333
Thailand,1,M2 TOTAL APPAREL IMPORTS (MFA),SME,2024,11,23287338,70182587,23287338
Thailand,1,M2 TOTAL APPAREL IMPORTS (MFA),SME,2024,12,23691995,78686506,23691995
Togo,1,M2 TOTAL APPAREL IMPORTS (MFA),SME,2024,1,35806,36817,35806
Togo,1,M2 TOTAL APPAREL IMPORTS (MFA),SME,2024,2,228475,345589,228475
Togo,1,M2 TOTAL APPAREL IMPORTS (MFA),SME,2024,4,255184,327588,255184
Togo,1,M2 TOTAL APPAREL IMPORTS (MFA),SME,2024,5,229026,471169,229026
Togo,1,M2 TOTAL APPAREL IMPORTS (MFA),SME,2024,6,41767,186307,41767
Togo,1,M2 TOTAL APPAREL IMPORTS (MFA),SME,2024,7,66613,249946,66613
Togo,1,M2 TOTAL APPAREL IMPORTS (MFA),SME,2024,8,691,1434,691
Togo,1,M2 TOTAL APPAREL IMPORTS (MFA),SME,2024,9,2529,3495,2529
Togo,1,M2 TOTAL APPAREL IMPORTS (MFA),SME,2024,10,227,251,227
Togo,1,M2 TOTAL APPAREL IMPORTS (MFA),SME,2024,11,89,385,89
Togo,1,M2 TOTAL APPAREL IMPORTS (MFA),SME,2024,12,16709,28458,16709
Tonga,1,M2 TOTAL APPAREL IMPORTS (MFA),SME,2024,1,69,2168,69
Tonga,1,M2 TOTAL APPAREL IMPORTS (MFA),SME,2024,3,1067,8559,1067
Tonga,1,M2 TOTAL APPAREL IMPORTS (MFA),SME,2024,4,38,1819,38
Tonga,1,M2 TOTAL APPAREL IMPORTS (MFA),SME,2024,7,138,2281,138
Tonga,1,M2 TOTAL APPAREL IMPORTS (MFA),SME,2024,10,1122,8583,1122
Trinidad and Tobago,1,M2 TOTAL APPAREL IMPORTS (MFA),SME,2024,1,160,1100,160
Trinidad and Tobago,1,M2 TOTAL APPAREL IMPORTS (MFA),SME,2024,10,300,310,300
Trinidad and Tobago,1,M2 TOTAL APPAREL IMPORTS (MFA),SME,2024,11,9,900,9
Trinidad and Tobago,1,M2 TOTAL APPAREL IMPORTS (MFA),SME,2024,12,50,351,50
Tunisia,1,M2 TOTAL APPAREL IMPORTS (MFA),SME,2024,1,418348,8489116,418348
Tunisia,1,M2 TOTAL APPAREL IMPORTS (MFA),SME,2024,2,492461,8006043,492461
Tunisia,1,M2 TOTAL APPAREL IMPORTS (MFA),SME,2024,3,452587,7817853,452587
Tunisia,1,M2 TOTAL APPAREL IMPORTS (MFA),SME,2024,4,316480,6012271,316480
Tunisia,1,M2 TOTAL APPAREL IMPORTS (MFA),SME,2024,5,289069,6030716,289069
Tunisia,1,M2 TOTAL APPAREL IMPORTS (MFA),SME,2024,6,523202,8127746,523202
Tunisia,1,M2 TOTAL APPAREL IMPORTS (MFA),SME,2024,7,608901,10830543,608901
Tunisia,1,M2 TOTAL APPAREL IMPORTS (MFA),SME,2024,8,338456,6778086,338456
Tunisia,1,M2 TOTAL APPAREL IMPORTS (MFA),SME,2024,9,485008,6877508,485008
Tunisia,1,M2 TOTAL APPAREL IMPORTS (MFA),SME,2024,10,305206,6714355,305206
Tunisia,1,M2 TOTAL APPAREL IMPORTS (MFA),SME,2024,11,382943,6395996,382943
Tunisia,1,M2 TOTAL APPAREL IMPORTS (MFA),SME,2024,12,303312,6400873,303312
Turkey,1,M2 TOTAL APPAREL IMPORTS (MFA),SME,2024,1,9539905,78252250,9539905
Turkey,1,M2 TOTAL APPAREL IMPORTS (MFA),SME,2024,2,8159432,71548016,8159432
Turkey,1,M2 TOTAL APPAREL IMPORTS (MFA),SME,2024,3,10081764,76291753,10081764
Turkey,1,M2 TOTAL APPAREL IMPORTS (MFA),SME,2024,4,8837509,72647132,8837509
Turkey,1,M2 TOTAL APPAREL IMPORTS (MFA),SME,2024,5,8329528,69206142,8329528
Turkey,1,M2 TOTAL APPAREL IMPORTS (MFA),SME,2024,6,8218967,69485814,8218967
Turkey,1,M2 TOTAL APPAREL IMPORTS (MFA),SME,2024,7,9685287,83909018,9685287
Turkey,1,M2 TOTAL APPAREL IMPORTS (MFA),SME,2024,8,10556867,90466935,10556867
Turkey,1,M2 TOTAL APPAREL IMPORTS (MFA),SME,2024,9,10126576,81895674,10126576
Turkey,1,M2 TOTAL APPAREL IMPORTS (MFA),SME,2024,10,9709040,80414673,9709040
Turkey,1,M2 TOTAL APPAREL IMPORTS (MFA),SME,2024,11,8854042,65446161,8854042
Turkey,1,M2 TOTAL APPAREL IMPORTS (MFA),SME,2024,12,7385239,68421796,7385239
Turkmenistan,1,M2 TOTAL APPAREL IMPORTS (MFA),SME,2024,1,12,742,12
"Turks, Caicos Isls.",1,M2 TOTAL APPAREL IMPORTS (MFA),SME,2024,2,13,832,13
"Turks, Caicos Isls.",1,M2 TOTAL APPAREL IMPORTS (MFA),SME,2024,8,15,1150,15
Uganda,1,M2 TOTAL APPAREL IMPORTS (MFA),SME,2024,7,3226,1670,3226
Uganda,1,M2 TOTAL APPAREL IMPORTS (MFA),SME,2024,8,38,1161,38
Ukraine,1,M2 TOTAL APPAREL IMPORTS (MFA),SME,2024,1,147157,2045173,147157
Ukraine,1,M2 TOTAL APPAREL IMPORTS (MFA),SME,2024,2,72705,949170,72705
Ukraine,1,M2 TOTAL APPAREL IMPORTS (MFA),SME,2024,3,34888,950930,34888
Ukraine,1,M2 TOTAL APPAREL IMPORTS (MFA),SME,2024,4,36422,830622,36422
Ukraine,1,M2 TOTAL APPAREL IMPORTS (MFA),SME,2024,5,83331,1062843,83331
Ukraine,1,M2 TOTAL APPAREL IMPORTS (MFA),SME,2024,6,163845,2073193,163845
Ukraine,1,M2 TOTAL APPAREL IMPORTS (MFA),SME,2024,7,180696,1760972,180696
Ukraine,1,M2 TOTAL APPAREL IMPORTS (MFA),SME,2024,8,109346,1617396,109346
Ukraine,1,M2 TOTAL APPAREL IMPORTS (MFA),SME,2024,9,99019,1119689,99019
Ukraine,1,M2 TOTAL APPAREL IMPORTS (MFA),SME,2024,10,183316,1594663,183316
Ukraine,1,M2 TOTAL APPAREL IMPORTS (MFA),SME,2024,11,84626,1106682,84626
Ukraine,1,M2 TOTAL APPAREL IMPORTS (MFA),SME,2024,12,83551,1041345,83551
United Arab Emirates,1,M2 TOTAL APPAREL IMPORTS (MFA),SME,2024,1,128312,1249494,128312
United Arab Emirates,1,M2 TOTAL APPAREL IMPORTS (MFA),SME,2024,2,423014,982488,423014
United Arab Emirates,1,M2 TOTAL APPAREL IMPORTS (MFA),SME,2024,3,391669,800658,391669
United Arab Emirates,1,M2 TOTAL APPAREL IMPORTS (MFA),SME,2024,4,183159,970250,183159
United Arab Emirates,1,M2 TOTAL APPAREL IMPORTS (MFA),SME,2024,5,171765,817594,171765
United Arab Emirates,1,M2 TOTAL APPAREL IMPORTS (MFA),SME,2024,6,88941,544044,88941
United Arab Emirates,1,M2 TOTAL APPAREL IMPORTS (MFA),SME,2024,7,242645,750720,242645
United Arab Emirates,1,M2 TOTAL APPAREL IMPORTS (MFA),SME,2024,8,194582,1088158,194582
United Arab Emirates,1,M2 TOTAL APPAREL IMPORTS (MFA),SME,2024,9,329305,1652565,329305
United Arab Emirates,1,M2 TOTAL APPAREL IMPORTS (MFA),SME,2024,10,223106,1327187,223106
United Arab Emirates,1,M2 TOTAL APPAREL IMPORTS (MFA),SME,2024,11,110524,482040,110524
United Arab Emirates,1,M2 TOTAL APPAREL IMPORTS (MFA),SME,2024,12,183972,1119229,183972
United Kingdom,1,M2 TOTAL APPAREL IMPORTS (MFA),SME,2024,1,514308,8624145,514308
United Kingdom,1,M2 TOTAL APPAREL IMPORTS (MFA),SME,2024,2,489887,9844244,489887
United Kingdom,1,M2 TOTAL APPAREL IMPORTS (MFA),SME,2024,3,551598,10694050,551598
United Kingdom,1,M2 TOTAL APPAREL IMPORTS (MFA),SME,2024,4,495167,9415805,495167
United Kingdom,1,M2 TOTAL APPAREL IMPORTS (MFA),SME,2024,5,395539,8956668,395539
United Kingdom,1,M2 TOTAL APPAREL IMPORTS (MFA),SME,2024,6,563785,9623299,563785
United Kingdom,1,M2 TOTAL APPAREL IMPORTS (MFA),SME,2024,7,439431,11093802,439431
United Kingdom,1,M2 TOTAL APPAREL IMPORTS (MFA),SME,2024,8,474741,11278426,474741
United Kingdom,1,M2 TOTAL APPAREL IMPORTS (MFA),SME,2024,9,363745,10738716,363745
United Kingdom,1,M2 TOTAL APPAREL IMPORTS (MFA),SME,2024,10,758527,16836877,758527
United Kingdom,1,M2 TOTAL APPAREL IMPORTS (MFA),SME,2024,11,430823,10754777,430823
United Kingdom,1,M2 TOTAL APPAREL IMPORTS (MFA),SME,2024,12,608347,10861376,608347
Uruguay,1,M2 TOTAL APPAREL IMPORTS (MFA),SME,2024,1,261,20978,261
Uruguay,1,M2 TOTAL APPAREL IMPORTS (MFA),SME,2024,2,1938,45343,1938
Uruguay,1,M2 TOTAL APPAREL IMPORTS (MFA),SME,2024,3,8216,176934,8216
Uruguay,1,M2 TOTAL APPAREL IMPORTS (MFA),SME,2024,4,2864,86796,2864
Uruguay,1,M2 TOTAL APPAREL IMPORTS (MFA),SME,2024,5,3227,70156,3227
Uruguay,1,M2 TOTAL APPAREL IMPORTS (MFA),SME,2024,6,468,16448,468
Uruguay,1,M2 TOTAL APPAREL IMPORTS (MFA),SME,2024,7,9165,191052,9165
Uruguay,1,M2 TOTAL APPAREL IMPORTS (MFA),SME,2024,8,7137,196368,7137
Uruguay,1,M2 TOTAL APPAREL IMPORTS (MFA),SME,2024,9,4102,170848,4102
Uruguay,1,M2 TOTAL APPAREL IMPORTS (MFA),SME,2024,10,25108,240405,25108
Uruguay,1,M2 TOTAL APPAREL IMPORTS (MFA),SME,2024,11,4497,147733,4497
Uruguay,1,M2 TOTAL APPAREL IMPORTS (MFA),SME,2024,12,2898,70262,2898
Uzbekistan,1,M2 TOTAL APPAREL IMPORTS (MFA),SME,2024,1,25419,107097,25419
Uzbekistan,1,M2 TOTAL APPAREL IMPORTS (MFA),SME,2024,2,14226,30154,14226
Uzbekistan,1,M2 TOTAL APPAREL IMPORTS (MFA),SME,2024,3,28300,93459,28300
Uzbekistan,1,M2 TOTAL APPAREL IMPORTS (MFA),SME,2024,4,12508,7341,12508
Uzbekistan,1,M2 TOTAL APPAREL IMPORTS (MFA),SME,2024,5,29930,66282,29930
Uzbekistan,1,M2 TOTAL APPAREL IMPORTS (MFA),SME,2024,6,24453,88827,24453
Uzbekistan,1,M2 TOTAL APPAREL IMPORTS (MFA),SME,2024,7,10201,45301,10201
Uzbekistan,1,M2 TOTAL APPAREL IMPORTS (MFA),SME,2024,8,17565,88902,17565
Uzbekistan,1,M2 TOTAL APPAREL IMPORTS (MFA),SME,2024,9,21591,94441,21591
Uzbekistan,1,M2 TOTAL APPAREL IMPORTS (MFA),SME,2024,10,33914,148907,33914
Uzbekistan,1,M2 TOTAL APPAREL IMPORTS (MFA),SME,2024,11,42720,114837,42720
Uzbekistan,1,M2 TOTAL APPAREL IMPORTS (MFA),SME,2024,12,3090,13723,3090
Vanuatu,1,M2 TOTAL APPAREL IMPORTS (MFA),SME,2024,11,61,1937,61
Venezuela,1,M2 TOTAL APPAREL IMPORTS (MFA),SME,2024,1,3698,25156,3698
Venezuela,1,M2 TOTAL APPAREL IMPORTS (MFA),SME,2024,2,2488,3000,2488
Venezuela,1,M2 TOTAL APPAREL IMPORTS (MFA),SME,2024,4,227,600,227
Venezuela,1,M2 TOTAL APPAREL IMPORTS (MFA),SME,2024,8,346,3416,346
Venezuela,1,M2 TOTAL APPAREL IMPORTS (MFA),SME,2024,9,20,333,20
Venezuela,1,M2 TOTAL APPAREL IMPORTS (MFA),SME,2024,11,5024,59314,5024
Vietnam,1,M2 TOTAL APPAREL IMPORTS (MFA),SME,2024,1,342465640,1205473265,342465640
Vietnam,1,M2 TOTAL APPAREL IMPORTS (MFA),SME,2024,2,360039087,1156947612,360039087
Vietnam,1,M2 TOTAL APPAREL IMPORTS (MFA),SME,2024,3,328410334,1038513346,328410334
Vietnam,1,M2 TOTAL APPAREL IMPORTS (MFA),SME,2024,4,294046650,983838647,294046650
Vietnam,1,M2 TOTAL APPAREL IMPORTS (MFA),SME,2024,5,302964735,1025665145,302964735
Vietnam,1,M2 TOTAL APPAREL IMPORTS (MFA),SME,2024,6,317466170,1174230326,317466170
Vietnam,1,M2 TOTAL APPAREL IMPORTS (MFA),SME,2024,7,385163363,1504879623,385163363
Vietnam,1,M2 TOTAL APPAREL IMPORTS (MFA),SME,2024,8,368439719,1466980830,368439719
Vietnam,1,M2 TOTAL APPAREL IMPORTS (MFA),SME,2024,9,434540717,1653114005,434540717
Vietnam,1,M2 TOTAL APPAREL IMPORTS (MFA),SME,2024,10,399888135,1492987856,399888135
Vietnam,1,M2 TOTAL APPAREL IMPORTS (MFA),SME,2024,11,293840220,1074716171,293840220
Vietnam,1,M2 TOTAL APPAREL IMPORTS (MFA),SME,2024,12,341304094,1203186446,341304094
Western Samoa,1,M2 TOTAL APPAREL IMPORTS (MFA),SME,2024,3,90,8334,90
Western Samoa,1,M2 TOTAL APPAREL IMPORTS (MFA),SME,2024,4,76,836,76
Western Samoa,1,M2 TOTAL APPAREL IMPORTS (MFA),SME,2024,5,120,1584,120
Western Samoa,1,M2 TOTAL APPAREL IMPORTS (MFA),SME,2024,6,576,2098,576
Western Samoa,1,M2 TOTAL APPAREL IMPORTS (MFA),SME,2024,9,76,901,76
World,1,M2 TOTAL APPAREL IMPORTS (MFA),SME,2024,1,1984473923,6030875290,1984473923
World,1,M2 TOTAL APPAREL IMPORTS (MFA),SME,2024,2,2042677258,6154665085,2042677258
World,1,M2 TOTAL APPAREL IMPORTS (MFA),SME,2024,3,1873147159,5884347157,1873147159
World,1,M2 TOTAL APPAREL IMPORTS (MFA),SME,2024,4,1763019992,5624979403,1763019992
World,1,M2 TOTAL APPAREL IMPORTS (MFA),SME,2024,5,1962458830,5919137176,1962458830
World,1,M2 TOTAL APPAREL IMPORTS (MFA),SME,2024,6,2025641896,6135752129,2025641896
World,1,M2 TOTAL APPAREL IMPORTS (MFA),SME,2024,7,2558057856,7884987456,2558057856
World,1,M2 TOTAL APPAREL IMPORTS (MFA),SME,2024,8,2503730184,7670027596,2503730184
World,1,M2 TOTAL APPAREL IMPORTS (MFA),SME,2024,9,2617134589,8010589013,2617134589
World,1,M2 TOTAL APPAREL IMPORTS (MFA),SME,2024,10,2452891710,7722632247,2452891710
World,1,M2 TOTAL APPAREL IMPORTS (MFA),SME,2024,11,1933557282,5915534832,1933557282
World,1,M2 TOTAL APPAREL IMPORTS (MFA),SME,2024,12,2049447807,6304044775,2049447807
Yemen,1,M2 TOTAL APPAREL IMPORTS (MFA),SME,2024,1,121,320,121
Yemen,1,M2 TOTAL APPAREL IMPORTS (MFA),SME,2024,3,1683,880,1683
Yemen,1,M2 TOTAL APPAREL IMPORTS (MFA),SME,2024,4,806,1802,806
Yemen,1,M2 TOTAL APPAREL IMPORTS (MFA),SME,2024,5,3168,8954,3168
Yemen,1,M2 TOTAL APPAREL IMPORTS (MFA),SME,2024,7,1402,1964,1402
Yemen,1,M2 TOTAL APPAREL IMPORTS (MFA),SME,2024,9,2457,1560,2457
Yemen,1,M2 TOTAL APPAREL IMPORTS (MFA),SME,2024,10,136,283,136
Yemen,1,M2 TOTAL APPAREL IMPORTS (MFA),SME,2024,11,2549,1180,2549
Yemen,1,M2 TOTAL APPAREL IMPORTS (MFA),SME,2024,12,2272,3875,2272
Zambia,1,M2 TOTAL APPAREL IMPORTS (MFA),SME,2024,6,576,820,576
Zambia,1,M2 TOTAL APPAREL IMPORTS (MFA),SME,2024,7,38,1218,38
Zambia,1,M2 TOTAL APPAREL IMPORTS (MFA),SME,2024,10,49,455,49
Zimbabwe,1,M2 TOTAL APPAREL IMPORTS (MFA),SME,2024,2,5720,20810,5720
Zimbabwe,1,M2 TOTAL APPAREL IMPORTS (MFA),SME,2024,3,4190,13947,4190
Zimbabwe,1,M2 TOTAL APPAREL IMPORTS (MFA),SME,2024,4,29899,114755,29899
Zimbabwe,1,M2 TOTAL APPAREL IMPORTS (MFA),SME,2024,5,1892,11353,1892
Zimbabwe,1,M2 TOTAL APPAREL IMPORTS (MFA),SME,2024,7,3853,13674,3853
Zimbabwe,1,M2 TOTAL APPAREL IMPORTS (MFA),SME,2024,8,2593,13418,2593
Zimbabwe,1,M2 TOTAL APPAREL IMPORTS (MFA),SME,2024,9,3788,19670,3788
Zimbabwe,1,M2 TOTAL APPAREL IMPORTS (MFA),SME,2024,10,8794,32490,8794
Zimbabwe,1,M2 TOTAL APPAREL IMPORTS (MFA),SME,2024,11,61138,140975,61138
Zimbabwe,1,M2 TOTAL APPAREL IMPORTS (MFA),SME,2024,12,13,1250,13
_ANDEAN (ATPA),1,M2 TOTAL APPAREL IMPORTS (MFA),SME,2023,1,65642,199821,65642
_ANDEAN (ATPA),1,M2 TOTAL APPAREL IMPORTS (MFA),SME,2023,2,79843,306507,79843
_ANDEAN (ATPA),1,M2 TOTAL APPAREL IMPORTS (MFA),SME,2023,3,114951,294469,114951
_ANDEAN (ATPA),1,M2 TOTAL APPAREL IMPORTS (MFA),SME,2023,4,222687,353180,222687
_ANDEAN (ATPA),1,M2 TOTAL APPAREL IMPORTS (MFA),SME,2023,5,179756,524487,179756
_ANDEAN (ATPA),1,M2 TOTAL APPAREL IMPORTS (MFA),SME,2023,6,161443,290384,161443
_ANDEAN (ATPA),1,M2 TOTAL APPAREL IMPORTS (MFA),SME,2023,7,256175,449372,256175
_ANDEAN (ATPA),1,M2 TOTAL APPAREL IMPORTS (MFA),SME,2023,8,289481,660420,289481
_ANDEAN (ATPA),1,M2 TOTAL APPAREL IMPORTS (MFA),SME,2023,9,298411,638386,298411
_ANDEAN (ATPA),1,M2 TOTAL APPAREL IMPORTS (MFA),SME,2023,10,405345,807492,405345
_ANDEAN (ATPA),1,M2 TOTAL APPAREL IMPORTS (MFA),SME,2023,11,306481,708038,306481
_ANDEAN (ATPA),1,M2 TOTAL APPAREL IMPORTS (MFA),SME,2023,12,144037,300752,144037
_ASEAN,1,M2 TOTAL APPAREL IMPORTS (MFA),SME,2023,1,595818289,2180954978,595818289
_ASEAN,1,M2 TOTAL APPAREL IMPORTS (MFA),SME,2023,2,477505014,1750141498,477505014
_ASEAN,1,M2 TOTAL APPAREL IMPORTS (MFA),SME,2023,3,496648403,1814011615,496648403
_ASEAN,1,M2 TOTAL APPAREL IMPORTS (MFA),SME,2023,4,474403131,1690922631,474403131
_ASEAN,1,M2 TOTAL APPAREL IMPORTS (MFA),SME,2023,5,486477758,1832601373,486477758
_ASEAN,1,M2 TOTAL APPAREL IMPORTS (MFA),SME,2023,6,508129348,1963574448,508129348
_ASEAN,1,M2 TOTAL APPAREL IMPORTS (MFA),SME,2023,7,589785102,2327754010,589785102
_ASEAN,1,M2 TOTAL APPAREL IMPORTS (MFA),SME,2023,8,636903799,2428961361,636903799
_ASEAN,1,M2 TOTAL APPAREL IMPORTS (MFA),SME,2023,9,628371043,2385069866,628371043
_ASEAN,1,M2 TOTAL APPAREL IMPORTS (MFA),SME,2023,10,507199526,1917808095,507199526
_ASEAN,1,M2 TOTAL APPAREL IMPORTS (MFA),SME,2023,11,416359014,1539921397,416359014
_ASEAN,1,M2 TOTAL APPAREL IMPORTS (MFA),SME,2023,12,477541443,1632705999,477541443
_CAFTA-DR,1,M2 TOTAL APPAREL IMPORTS (MFA),SME,2023,1,147092517,567646784,147092517
_CAFTA-DR,1,M2 TOTAL APPAREL IMPORTS (MFA),SME,2023,2,199041558,677989884,199041558
_CAFTA-DR,1,M2 TOTAL APPAREL IMPORTS (MFA),SME,2023,3,224545634,764890490,224545634
_CAFTA-DR,1,M2 TOTAL APPAREL IMPORTS (MFA),SME,2023,4,166530746,580383483,166530746
_CAFTA-DR,1,M2 TOTAL APPAREL IMPORTS (MFA),SME,2023,5,206756218,711871815,206756218
_CAFTA-DR,1,M2 TOTAL APPAREL IMPORTS (MFA),SME,2023,6,204364001,701070637,204364001
_CAFTA-DR,1,M2 TOTAL APPAREL IMPORTS (MFA),SME,2023,7,203975233,735534317,203975233
_CAFTA-DR,1,M2 TOTAL APPAREL IMPORTS (MFA),SME,2023,8,209564016,742807692,209564016
_CAFTA-DR,1,M2 TOTAL APPAREL IMPORTS (MFA),SME,2023,9,197181046,702460638,197181046
_CAFTA-DR,1,M2 TOTAL APPAREL IMPORTS (MFA),SME,2023,10,192037429,669549529,192037429
_CAFTA-DR,1,M2 TOTAL APPAREL IMPORTS (MFA),SME,2023,11,175575134,603109779,175575134
_CAFTA-DR,1,M2 TOTAL APPAREL IMPORTS (MFA),SME,2023,12,177686078,608579464,177686078
_CBI,1,M2 TOTAL APPAREL IMPORTS (MFA),SME,2023,1,15890982,44971837,15890982
_CBI,1,M2 TOTAL APPAREL IMPORTS (MFA),SME,2023,2,26926238,77118888,26926238
_CBI,1,M2 TOTAL APPAREL IMPORTS (MFA),SME,2023,3,24667286,72005437,24667286
_CBI,1,M2 TOTAL APPAREL IMPORTS (MFA),SME,2023,4,25880093,73590216,25880093
_CBI,1,M2 TOTAL APPAREL IMPORTS (MFA),SME,2023,5,27824906,75347714,27824906
_CBI,1,M2 TOTAL APPAREL IMPORTS (MFA),SME,2023,6,18478767,51861505,18478767
_CBI,1,M2 TOTAL APPAREL IMPORTS (MFA),SME,2023,7,19550307,56224809,19550307
_CBI,1,M2 TOTAL APPAREL IMPORTS (MFA),SME,2023,8,30528335,82924853,30528335
_CBI,1,M2 TOTAL APPAREL IMPORTS (MFA),SME,2023,9,21322566,60319478,21322566
_CBI,1,M2 TOTAL APPAREL IMPORTS (MFA),SME,2023,10,18522435,54434873,18522435
_CBI,1,M2 TOTAL APPAREL IMPORTS (MFA),SME,2023,11,25034372,68347273,25034372
_CBI,1,M2 TOTAL APPAREL IMPORTS (MFA),SME,2023,12,16557252,47760635,16557252
_EU (2020-present),1,M2 TOTAL APPAREL IMPORTS (MFA),SME,2023,1,10997511,251752591,10997511
_EU (2020-present),1,M2 TOTAL APPAREL IMPORTS (MFA),SME,2023,2,10488479,260090441,10488479
_EU (2020-present),1,M2 TOTAL APPAREL IMPORTS (MFA),SME,2023,3,12367896,280956003,12367896
_EU (2020-present),1,M2 TOTAL APPAREL IMPORTS (MFA),SME,2023,4,12103949,232390066,12103949
_EU (2020-present),1,M2 TOTAL APPAREL IMPORTS (MFA),SME,2023,5,10600808,247419539,10600808
_EU (2020-present),1,M2 TOTAL APPAREL IMPORTS (MFA),SME,2023,6,10387914,240305273,10387914
_EU (2020-present),1,M2 TOTAL APPAREL IMPORTS (MFA),SME,2023,7,11877656,279757811,11877656
_EU (2020-present),1,M2 TOTAL APPAREL IMPORTS (MFA),SME,2023,8,11774509,278664447,11774509
_EU (2020-present),1,M2 TOTAL APPAREL IMPORTS (MFA),SME,2023,9,9428744,232538168,9428744
_EU (2020-present),1,M2 TOTAL APPAREL IMPORTS (MFA),SME,2023,10,11887787,288390686,11887787
_EU (2020-present),1,M2 TOTAL APPAREL IMPORTS (MFA),SME,2023,11,10848464,263981743,10848464
_EU (2020-present),1,M2 TOTAL APPAREL IMPORTS (MFA),SME,2023,12,11280459,242724104,11280459
_EU27 (2007-2012),1,M2 TOTAL APPAREL IMPORTS (MFA),SME,2023,1,11392334,259711027,11392334
_EU27 (2007-2012),1,M2 TOTAL APPAREL IMPORTS (MFA),SME,2023,2,10775549,267310081,10775549
_EU27 (2007-2012),1,M2 TOTAL APPAREL IMPORTS (MFA),SME,2023,3,12778052,289587024,12778052
_EU27 (2007-2012),1,M2 TOTAL APPAREL IMPORTS (MFA),SME,2023,4,12839524,241746089,12839524
_EU27 (2007-2012),1,M2 TOTAL APPAREL IMPORTS (MFA),SME,2023,5,11176174,257459962,11176174
_EU27 (2007-2012),1,M2 TOTAL APPAREL IMPORTS (MFA),SME,2023,6,10906233,248446606,10906233
_EU27 (2007-2012),1,M2 TOTAL APPAREL IMPORTS (MFA),SME,2023,7,12511552,289139993,12511552
_EU27 (2007-2012),1,M2 TOTAL APPAREL IMPORTS (MFA),SME,2023,8,12750443,289772894,12750443
_EU27 (2007-2012),1,M2 TOTAL APPAREL IMPORTS (MFA),SME,2023,9,10093411,243584335,10093411
_EU27 (2007-2012),1,M2 TOTAL APPAREL IMPORTS (MFA),SME,2023,10,12578419,300988110,12578419
_EU27 (2007-2012),1,M2 TOTAL APPAREL IMPORTS (MFA),SME,2023,11,11483684,276423890,11483684
_EU27 (2007-2012),1,M2 TOTAL APPAREL IMPORTS (MFA),SME,2023,12,11764529,252177331,11764529
_EU28 (2013-2019),1,M2 TOTAL APPAREL IMPORTS (MFA),SME,2023,1,11427249,260532449,11427249
_EU28 (2013-2019),1,M2 TOTAL APPAREL IMPORTS (MFA),SME,2023,2,10811322,268170565,10811322
_EU28 (2013-2019),1,M2 TOTAL APPAREL IMPORTS (MFA),SME,2023,3,12821694,290532991,12821694
_EU28 (2013-2019),1,M2 TOTAL APPAREL IMPORTS (MFA),SME,2023,4,12864245,242236319,12864245
_EU28 (2013-2019),1,M2 TOTAL APPAREL IMPORTS (MFA),SME,2023,5,11192852,257910839,11192852
_EU28 (2013-2019),1,M2 TOTAL APPAREL IMPORTS (MFA),SME,2023,6,10938418,249010171,10938418
_EU28 (2013-2019),1,M2 TOTAL APPAREL IMPORTS (MFA),SME,2023,7,12583886,290311755,12583886
_EU28 (2013-2019),1,M2 TOTAL APPAREL IMPORTS (MFA),SME,2023,8,12786173,290612969,12786173
_EU28 (2013-2019),1,M2 TOTAL APPAREL IMPORTS (MFA),SME,2023,9,10132264,244432351,10132264
_EU28 (2013-2019),1,M2 TOTAL APPAREL IMPORTS (MFA),SME,2023,10,12619592,301632852,12619592
_EU28 (2013-2019),1,M2 TOTAL APPAREL IMPORTS (MFA),SME,2023,11,11541471,277102922,11541471
_EU28 (2013-2019),1,M2 TOTAL APPAREL IMPORTS (MFA),SME,2023,12,11802253,252707650,11802253
_SUB-SAHARA,1,M2 TOTAL APPAREL IMPORTS (MFA),SME,2023,1,41674899,136679503,41674899
_SUB-SAHARA,1,M2 TOTAL APPAREL IMPORTS (MFA),SME,2023,2,33239678,107316897,33239678
_SUB-SAHARA,1,M2 TOTAL APPAREL IMPORTS (MFA),SME,2023,3,32477965,119308325,32477965
_SUB-SAHARA,1,M2 TOTAL APPAREL IMPORTS (MFA),SME,2023,4,37508868,137830189,37508868
_SUB-SAHARA,1,M2 TOTAL APPAREL IMPORTS (MFA),SME,2023,5,31905980,114929090,31905980
_SUB-SAHARA,1,M2 TOTAL APPAREL IMPORTS (MFA),SME,2023,6,28414282,112872572,28414282
_SUB-SAHARA,1,M2 TOTAL APPAREL IMPORTS (MFA),SME,2023,7,29012806,113805116,29012806
_SUB-SAHARA,1,M2 TOTAL APPAREL IMPORTS (MFA),SME,2023,8,30692891,124322497,30692891
_SUB-SAHARA,1,M2 TOTAL APPAREL IMPORTS (MFA),SME,2023,9,34930890,141340179,34930890
_SUB-SAHARA,1,M2 TOTAL APPAREL IMPORTS (MFA),SME,2023,10,23341227,98677199,23341227
_SUB-SAHARA,1,M2 TOTAL APPAREL IMPORTS (MFA),SME,2023,11,26342835,93612643,26342835
_SUB-SAHARA,1,M2 TOTAL APPAREL IMPORTS (MFA),SME,2023,12,27594685,90739063,27594685
_USMCA,1,M2 TOTAL APPAREL IMPORTS (MFA),SME,2023,1,57580614,269272622,57580614
_USMCA,1,M2 TOTAL APPAREL IMPORTS (MFA),SME,2023,2,63263532,274525818,63263532
_USMCA,1,M2 TOTAL APPAREL IMPORTS (MFA),SME,2023,3,74442038,306989110,74442038
_USMCA,1,M2 TOTAL APPAREL IMPORTS (MFA),SME,2023,4,62603603,256372183,62603603
_USMCA,1,M2 TOTAL APPAREL IMPORTS (MFA),SME,2023,5,70089725,295319721,70089725
_USMCA,1,M2 TOTAL APPAREL IMPORTS (MFA),SME,2023,6,67335141,283392232,67335141
_USMCA,1,M2 TOTAL APPAREL IMPORTS (MFA),SME,2023,7,57454447,284609307,57454447
_USMCA,1,M2 TOTAL APPAREL IMPORTS (MFA),SME,2023,8,59322080,303364836,59322080
_USMCA,1,M2 TOTAL APPAREL IMPORTS (MFA),SME,2023,9,51175406,280688083,51175406
_USMCA,1,M2 TOTAL APPAREL IMPORTS (MFA),SME,2023,10,54320285,292280575,54320285
_USMCA,1,M2 TOTAL APPAREL IMPORTS (MFA),SME,2023,11,48081547,247487488,48081547
_USMCA,1,M2 TOTAL APPAREL IMPORTS (MFA),SME,2023,12,41569869,216369612,41569869
_W HEMI,1,M2 TOTAL APPAREL IMPORTS (MFA),SME,2023,1,232936998,995206046,232936998
_W HEMI,1,M2 TOTAL APPAREL IMPORTS (MFA),SME,2023,2,301008345,1120209654,301008345
_W HEMI,1,M2 TOTAL APPAREL IMPORTS (MFA),SME,2023,3,337971738,1249608064,337971738
_W HEMI,1,M2 TOTAL APPAREL IMPORTS (MFA),SME,2023,4,267085578,1001642545,267085578
_W HEMI,1,M2 TOTAL APPAREL IMPORTS (MFA),SME,2023,5,316373335,1176488626,316373335
_W HEMI,1,M2 TOTAL APPAREL IMPORTS (MFA),SME,2023,6,302670317,1124557662,302670317
_W HEMI,1,M2 TOTAL APPAREL IMPORTS (MFA),SME,2023,7,291604678,1172772834,291604678
_W HEMI,1,M2 TOTAL APPAREL IMPORTS (MFA),SME,2023,8,309927176,1216277015,309927176
_W HEMI,1,M2 TOTAL APPAREL IMPORTS (MFA),SME,2023,9,278665959,1118770771,278665959
_W HEMI,1,M2 TOTAL APPAREL IMPORTS (MFA),SME,2023,10,274271908,1094564434,274271908
_W HEMI,1,M2 TOTAL APPAREL IMPORTS (MFA),SME,2023,11,257833310,990166184,257833310
_W HEMI,1,M2 TOTAL APPAREL IMPORTS (MFA),SME,2023,12,243160665,943202467,243160665
Afghanistan,1,M2 TOTAL APPAREL IMPORTS (MFA),SME,2023,1,4800,7850,4800
Afghanistan,1,M2 TOTAL APPAREL IMPORTS (MFA),SME,2023,2,1212,3853,1212
Afghanistan,1,M2 TOTAL APPAREL IMPORTS (MFA),SME,2023,4,3231,10013,3231
Afghanistan,1,M2 TOTAL APPAREL IMPORTS (MFA),SME,2023,5,2854,12051,2854
Afghanistan,1,M2 TOTAL APPAREL IMPORTS (MFA),SME,2023,6,3053,6787,3053
Afghanistan,1,M2 TOTAL APPAREL IMPORTS (MFA),SME,2023,7,416,2717,416
Afghanistan,1,M2 TOTAL APPAREL IMPORTS (MFA),SME,2023,8,99,2370,99
Afghanistan,1,M2 TOTAL APPAREL IMPORTS (MFA),SME,2023,9,614,19469,614
Afghanistan,1,M2 TOTAL APPAREL IMPORTS (MFA),SME,2023,10,2813,18437,2813
Afghanistan,1,M2 TOTAL APPAREL IMPORTS (MFA),SME,2023,11,3188,10891,3188
Afghanistan,1,M2 TOTAL APPAREL IMPORTS (MFA),SME,2023,12,4766,15789,4766
Albania,1,M2 TOTAL APPAREL IMPORTS (MFA),SME,2023,1,66385,977460,66385
Albania,1,M2 TOTAL APPAREL IMPORTS (MFA),SME,2023,2,53878,1197487,53878
Albania,1,M2 TOTAL APPAREL IMPORTS (MFA),SME,2023,3,90144,1602131,90144
Albania,1,M2 TOTAL APPAREL IMPORTS (MFA),SME,2023,4,83944,1130237,83944
Albania,1,M2 TOTAL APPAREL IMPORTS (MFA),SME,2023,5,51775,964864,51775
Albania,1,M2 TOTAL APPAREL IMPORTS (MFA),SME,2023,6,51767,823717,51767
Albania,1,M2 TOTAL APPAREL IMPORTS (MFA),SME,2023,7,48950,1300195,48950
Albania,1,M2 TOTAL APPAREL IMPORTS (MFA),SME,2023,8,81295,1018843,81295
Albania,1,M2 TOTAL APPAREL IMPORTS (MFA),SME,2023,9,83860,868027,83860
Albania,1,M2 TOTAL APPAREL IMPORTS (MFA),SME,2023,10,32264,613564,32264
Albania,1,M2 TOTAL APPAREL IMPORTS (MFA),SME,2023,11,43888,1150007,43888
Albania,1,M2 TOTAL APPAREL IMPORTS (MFA),SME,2023,12,55547,717419,55547
Algeria,1,M2 TOTAL APPAREL IMPORTS (MFA),SME,2023,4,9,277,9
Algeria,1,M2 TOTAL APPAREL IMPORTS (MFA),SME,2023,9,69,3170,69
Algeria,1,M2 TOTAL APPAREL IMPORTS (MFA),SME,2023,11,35,1109,35
Algeria,1,M2 TOTAL APPAREL IMPORTS (MFA),SME,2023,12,4055,4712,4055
Anguilla,1,M2 TOTAL APPAREL IMPORTS (MFA),SME,2023,7,318,1368,318
Argentina,1,M2 TOTAL APPAREL IMPORTS (MFA),SME,2023,1,12054,100315,12054
Argentina,1,M2 TOTAL APPAREL IMPORTS (MFA),SME,2023,2,1501,12740,1501
Argentina,1,M2 TOTAL APPAREL IMPORTS (MFA),SME,2023,3,4045,28832,4045
Argentina,1,M2 TOTAL APPAREL IMPORTS (MFA),SME,2023,4,9959,52381,9959
Argentina,1,M2 TOTAL APPAREL IMPORTS (MFA),SME,2023,5,2718,18413,2718
Argentina,1,M2 TOTAL APPAREL IMPORTS (MFA),SME,2023,6,3787,9556,3787
Argentina,1,M2 TOTAL APPAREL IMPORTS (MFA),SME,2023,7,2400,13190,2400
Argentina,1,M2 TOTAL APPAREL IMPORTS (MFA),SME,2023,8,34669,330235,34669
Argentina,1,M2 TOTAL APPAREL IMPORTS (MFA),SME,2023,9,5999,22391,5999
Argentina,1,M2 TOTAL APPAREL IMPORTS (MFA),SME,2023,10,7410,15990,7410
Argentina,1,M2 TOTAL APPAREL IMPORTS (MFA),SME,2023,11,3018,11231,3018
Argentina,1,M2 TOTAL APPAREL IMPORTS (MFA),SME,2023,12,33981,32056,33981
Armenia,1,M2 TOTAL APPAREL IMPORTS (MFA),SME,2023,1,26709,653805,26709
Armenia,1,M2 TOTAL APPAREL IMPORTS (MFA),SME,2023,2,25754,540730,25754
Armenia,1,M2 TOTAL APPAREL IMPORTS (MFA),SME,2023,3,22900,520574,22900
Armenia,1,M2 TOTAL APPAREL IMPORTS (MFA),SME,2023,4,19643,419688,19643
Armenia,1,M2 TOTAL APPAREL IMPORTS (MFA),SME,2023,5,34316,906353,34316
Armenia,1,M2 TOTAL APPAREL IMPORTS (MFA),SME,2023,6,20360,539083,20360
Armenia,1,M2 TOTAL APPAREL IMPORTS (MFA),SME,2023,7,59072,1266830,59072
Armenia,1,M2 TOTAL APPAREL IMPORTS (MFA),SME,2023,8,56703,1161502,56703
Armenia,1,M2 TOTAL APPAREL IMPORTS (MFA),SME,2023,9,27570,725265,27570
Armenia,1,M2 TOTAL APPAREL IMPORTS (MFA),SME,2023,10,53878,529804,53878
Armenia,1,M2 TOTAL APPAREL IMPORTS (MFA),SME,2023,11,35205,989869,35205
Armenia,1,M2 TOTAL APPAREL IMPORTS (MFA),SME,2023,12,28653,622684,28653
Australia,1,M2 TOTAL APPAREL IMPORTS (MFA),SME,2023,1,60756,788378,60756
Australia,1,M2 TOTAL APPAREL IMPORTS (MFA),SME,2023,2,92480,1597272,92480
Australia,1,M2 TOTAL APPAREL IMPORTS (MFA),SME,2023,3,91106,1394167,91106
Australia,1,M2 TOTAL APPAREL IMPORTS (MFA),SME,2023,4,101746,1913487,101746
Australia,1,M2 TOTAL APPAREL IMPORTS (MFA),SME,2023,5,98280,1665542,98280
Australia,1,M2 TOTAL APPAREL IMPORTS (MFA),SME,2023,6,111528,1461202,111528
Australia,1,M2 TOTAL APPAREL IMPORTS (MFA),SME,2023,7,80774,1367863,80774
Australia,1,M2 TOTAL APPAREL IMPORTS (MFA),SME,2023,8,125299,1247340,125299
Australia,1,M2 TOTAL APPAREL IMPORTS (MFA),SME,2023,9,46061,1033064,46061
Australia,1,M2 TOTAL APPAREL IMPORTS (MFA),SME,2023,10,59402,1095809,59402
Australia,1,M2 TOTAL APPAREL IMPORTS (MFA),SME,2023,11,59199,1219586,59199
Australia,1,M2 TOTAL APPAREL IMPORTS (MFA),SME,2023,12,35571,940375,35571
Austria,1,M2 TOTAL APPAREL IMPORTS (MFA),SME,2023,1,70510,803316,70510
Austria,1,M2 TOTAL APPAREL IMPORTS (MFA),SME,2023,2,36863,486544,36863
Austria,1,M2 TOTAL APPAREL IMPORTS (MFA),SME,2023,3,38653,304269,38653
Austria,1,M2 TOTAL APPAREL IMPORTS (MFA),SME,2023,4,32762,373979,32762
Austria,1,M2 TOTAL APPAREL IMPORTS (MFA),SME,2023,5,13204,166436,13204
Austria,1,M2 TOTAL APPAREL IMPORTS (MFA),SME,2023,6,22784,192890,22784
Austria,1,M2 TOTAL APPAREL IMPORTS (MFA),SME,2023,7,22449,415508,22449
Austria,1,M2 TOTAL APPAREL IMPORTS (MFA),SME,2023,8,37117,648371,37117
Austria,1,M2 TOTAL APPAREL IMPORTS (MFA),SME,2023,9,57669,1063544,57669
Austria,1,M2 TOTAL APPAREL IMPORTS (MFA),SME,2023,10,145900,1559010,145900
Austria,1,M2 TOTAL APPAREL IMPORTS (MFA),SME,2023,11,102928,1240941,102928
Austria,1,M2 TOTAL APPAREL IMPORTS (MFA),SME,2023,12,35934,469754,35934
Azerbaijan,1,M2 TOTAL APPAREL IMPORTS (MFA),SME,2023,1,76,5346,76
Bahamas,1,M2 TOTAL APPAREL IMPORTS (MFA),SME,2023,1,759,10088,759
Bahamas,1,M2 TOTAL APPAREL IMPORTS (MFA),SME,2023,2,3165,5824,3165
Bahamas,1,M2 TOTAL APPAREL IMPORTS (MFA),SME,2023,3,470,2000,470
Bahamas,1,M2 TOTAL APPAREL IMPORTS (MFA),SME,2023,4,15,284,15
Bahamas,1,M2 TOTAL APPAREL IMPORTS (MFA),SME,2023,5,30,1705,30
Bahamas,1,M2 TOTAL APPAREL IMPORTS (MFA),SME,2023,6,35,6422,35
Bahamas,1,M2 TOTAL APPAREL IMPORTS (MFA),SME,2023,11,8389,20680,8389
Bahrain,1,M2 TOTAL APPAREL IMPORTS (MFA),SME,2023,2,207,9999,207
Bahrain,1,M2 TOTAL APPAREL IMPORTS (MFA),SME,2023,4,15,631,15
Bahrain,1,M2 TOTAL APPAREL IMPORTS (MFA),SME,2023,5,15,354,15
Bahrain,1,M2 TOTAL APPAREL IMPORTS (MFA),SME,2023,8,49,2625,49
Bahrain,1,M2 TOTAL APPAREL IMPORTS (MFA),SME,2023,12,91,1427,91
Bangladesh,1,M2 TOTAL APPAREL IMPORTS (MFA),SME,2023,1,266078043,866085059,266078043
Bangladesh,1,M2 TOTAL APPAREL IMPORTS (MFA),SME,2023,2,187630333,602718159,187630333
Bangladesh,1,M2 TOTAL APPAREL IMPORTS (MFA),SME,2023,3,211610813,665204495,211610813
Bangladesh,1,M2 TOTAL APPAREL IMPORTS (MFA),SME,2023,4,166599738,562124746,166599738
Bangladesh,1,M2 TOTAL APPAREL IMPORTS (MFA),SME,2023,5,187607359,614693088,187607359
Bangladesh,1,M2 TOTAL APPAREL IMPORTS (MFA),SME,2023,6,152158460,512619178,152158460
Bangladesh,1,M2 TOTAL APPAREL IMPORTS (MFA),SME,2023,7,221886557,745804900,221886557
Bangladesh,1,M2 TOTAL APPAREL IMPORTS (MFA),SME,2023,8,189693974,615895341,189693974
Bangladesh,1,M2 TOTAL APPAREL IMPORTS (MFA),SME,2023,9,181743605,594437133,181743605
Bangladesh,1,M2 TOTAL APPAREL IMPORTS (MFA),SME,2023,10,181785342,578488248,181785342
Bangladesh,1,M2 TOTAL APPAREL IMPORTS (MFA),SME,2023,11,143753428,433561343,143753428
Bangladesh,1,M2 TOTAL APPAREL IMPORTS (MFA),SME,2023,12,169290964,498131021,169290964
Barbados,1,M2 TOTAL APPAREL IMPORTS (MFA),SME,2023,5,10078,172982,10078
Barbados,1,M2 TOTAL APPAREL IMPORTS (MFA),SME,2023,9,38,3971,38
Barbados,1,M2 TOTAL APPAREL IMPORTS (MFA),SME,2023,10,36,935,36
Barbados,1,M2 TOTAL APPAREL IMPORTS (MFA),SME,2023,11,619,3286,619
Barbados,1,M2 TOTAL APPAREL IMPORTS (MFA),SME,2023,12,15,839,15
Belarus,1,M2 TOTAL APPAREL IMPORTS (MFA),SME,2023,2,3429,11669,3429
Belarus,1,M2 TOTAL APPAREL IMPORTS (MFA),SME,2023,3,207,4716,207
Belarus,1,M2 TOTAL APPAREL IMPORTS (MFA),SME,2023,4,1108,3569,1108
Belarus,1,M2 TOTAL APPAREL IMPORTS (MFA),SME,2023,5,76,1938,76
Belarus,1,M2 TOTAL APPAREL IMPORTS (MFA),SME,2023,6,27,685,27
Belarus,1,M2 TOTAL APPAREL IMPORTS (MFA),SME,2023,9,19718,36535,19718
Belarus,1,M2 TOTAL APPAREL IMPORTS (MFA),SME,2023,10,3755,14700,3755
Belarus,1,M2 TOTAL APPAREL IMPORTS (MFA),SME,2023,11,431,1479,431
Belarus,1,M2 TOTAL APPAREL IMPORTS (MFA),SME,2023,12,3488,7627,3488
Belgium,1,M2 TOTAL APPAREL IMPORTS (MFA),SME,2023,1,10117,305122,10117
Belgium,1,M2 TOTAL APPAREL IMPORTS (MFA),SME,2023,2,99608,813077,99608
Belgium,1,M2 TOTAL APPAREL IMPORTS (MFA),SME,2023,3,35106,716168,35106
Belgium,1,M2 TOTAL APPAREL IMPORTS (MFA),SME,2023,4,16188,410729,16188
Belgium,1,M2 TOTAL APPAREL IMPORTS (MFA),SME,2023,5,11792,179061,11792
Belgium,1,M2 TOTAL APPAREL IMPORTS (MFA),SME,2023,6,6324,232149,6324
Belgium,1,M2 TOTAL APPAREL IMPORTS (MFA),SME,2023,7,36263,564135,36263
Belgium,1,M2 TOTAL APPAREL IMPORTS (MFA),SME,2023,8,27720,495757,27720
Belgium,1,M2 TOTAL APPAREL IMPORTS (MFA),SME,2023,9,9421,360339,9421
Belgium,1,M2 TOTAL APPAREL IMPORTS (MFA),SME,2023,10,8723,190125,8723
Belgium,1,M2 TOTAL APPAREL IMPORTS (MFA),SME,2023,11,12869,182045,12869
Belgium,1,M2 TOTAL APPAREL IMPORTS (MFA),SME,2023,12,14627,221731,14627
Belize,1,M2 TOTAL APPAREL IMPORTS (MFA),SME,2023,5,417,8513,417
Belize,1,M2 TOTAL APPAREL IMPORTS (MFA),SME,2023,7,164,698,164
Benin,1,M2 TOTAL APPAREL IMPORTS (MFA),SME,2023,9,46257,168271,46257
Benin,1,M2 TOTAL APPAREL IMPORTS (MFA),SME,2023,10,70626,147465,70626
Benin,1,M2 TOTAL APPAREL IMPORTS (MFA),SME,2023,12,90426,233455,90426
Bermuda,1,M2 TOTAL APPAREL IMPORTS (MFA),SME,2023,1,281,1800,281
Bermuda,1,M2 TOTAL APPAREL IMPORTS (MFA),SME,2023,2,15,1333,15
Bermuda,1,M2 TOTAL APPAREL IMPORTS (MFA),SME,2023,3,21,1205,21
Bermuda,1,M2 TOTAL APPAREL IMPORTS (MFA),SME,2023,10,74722,39889,74722
Bermuda,1,M2 TOTAL APPAREL IMPORTS (MFA),SME,2023,11,75089,40105,75089
Bhutan,1,M2 TOTAL APPAREL IMPORTS (MFA),SME,2023,9,238,1128,238
Bolivia,1,M2 TOTAL APPAREL IMPORTS (MFA),SME,2023,1,24102,210593,24102
Bolivia,1,M2 TOTAL APPAREL IMPORTS (MFA),SME,2023,2,5437,84476,5437
Bolivia,1,M2 TOTAL APPAREL IMPORTS (MFA),SME,2023,3,14702,179722,14702
Bolivia,1,M2 TOTAL APPAREL IMPORTS (MFA),SME,2023,4,28811,322459,28811
Bolivia,1,M2 TOTAL APPAREL IMPORTS (MFA),SME,2023,5,34701,301929,34701
Bolivia,1,M2 TOTAL APPAREL IMPORTS (MFA),SME,2023,6,17878,258749,17878
Bolivia,1,M2 TOTAL APPAREL IMPORTS (MFA),SME,2023,7,25776,200947,25776
Bolivia,1,M2 TOTAL APPAREL IMPORTS (MFA),SME,2023,8,34860,467437,34860
Bolivia,1,M2 TOTAL APPAREL IMPORTS (MFA),SME,2023,9,20397,285153,20397
Bolivia,1,M2 TOTAL APPAREL IMPORTS (MFA),SME,2023,10,25530,381199,25530
Bolivia,1,M2 TOTAL APPAREL IMPORTS (MFA),SME,2023,11,39891,409837,39891
Bolivia,1,M2 TOTAL APPAREL IMPORTS (MFA),SME,2023,12,27533,263006,27533
Bosnia-Hercegovina,1,M2 TOTAL APPAREL IMPORTS (MFA),SME,2023,1,30189,856587,30189
Bosnia-Hercegovina,1,M2 TOTAL APPAREL IMPORTS (MFA),SME,2023,2,36991,1084760,36991
Bosnia-Hercegovina,1,M2 TOTAL APPAREL IMPORTS (MFA),SME,2023,3,105958,820608,105958
Bosnia-Hercegovina,1,M2 TOTAL APPAREL IMPORTS (MFA),SME,2023,4,19725,639300,19725
Bosnia-Hercegovina,1,M2 TOTAL APPAREL IMPORTS (MFA),SME,2023,5,41737,1171388,41737
Bosnia-Hercegovina,1,M2 TOTAL APPAREL IMPORTS (MFA),SME,2023,6,29797,890729,29797
Bosnia-Hercegovina,1,M2 TOTAL APPAREL IMPORTS (MFA),SME,2023,7,68204,1197140,68204
Bosnia-Hercegovina,1,M2 TOTAL APPAREL IMPORTS (MFA),SME,2023,8,21945,712981,21945
Bosnia-Hercegovina,1,M2 TOTAL APPAREL IMPORTS (MFA),SME,2023,9,58814,1011121,58814
Bosnia-Hercegovina,1,M2 TOTAL APPAREL IMPORTS (MFA),SME,2023,10,31356,981989,31356
Bosnia-Hercegovina,1,M2 TOTAL APPAREL IMPORTS (MFA),SME,2023,11,39482,1337269,39482
Bosnia-Hercegovina,1,M2 TOTAL APPAREL IMPORTS (MFA),SME,2023,12,67094,1408014,67094
Botswana,1,M2 TOTAL APPAREL IMPORTS (MFA),SME,2023,9,33,4552,33
Brazil,1,M2 TOTAL APPAREL IMPORTS (MFA),SME,2023,1,205501,1455789,205501
Brazil,1,M2 TOTAL APPAREL IMPORTS (MFA),SME,2023,2,219821,1713567,219821
Brazil,1,M2 TOTAL APPAREL IMPORTS (MFA),SME,2023,3,232110,2297474,232110
Brazil,1,M2 TOTAL APPAREL IMPORTS (MFA),SME,2023,4,197372,2008792,197372
Brazil,1,M2 TOTAL APPAREL IMPORTS (MFA),SME,2023,5,204087,2374530,204087
Brazil,1,M2 TOTAL APPAREL IMPORTS (MFA),SME,2023,6,139088,1246206,139088
Brazil,1,M2 TOTAL APPAREL IMPORTS (MFA),SME,2023,7,98707,955859,98707
Brazil,1,M2 TOTAL APPAREL IMPORTS (MFA),SME,2023,8,159510,1437200,159510
Brazil,1,M2 TOTAL APPAREL IMPORTS (MFA),SME,2023,9,114859,1141780,114859
Brazil,1,M2 TOTAL APPAREL IMPORTS (MFA),SME,2023,10,166745,1415367,166745
Brazil,1,M2 TOTAL APPAREL IMPORTS (MFA),SME,2023,11,111542,1554600,111542
Brazil,1,M2 TOTAL APPAREL IMPORTS (MFA),SME,2023,12,159233,1579118,159233
British Virgin Isls.,1,M2 TOTAL APPAREL IMPORTS (MFA),SME,2023,8,13183,11021,13183
British Virgin Isls.,1,M2 TOTAL APPAREL IMPORTS (MFA),SME,2023,11,563,5381,563
Brunei,1,M2 TOTAL APPAREL IMPORTS (MFA),SME,2023,1,157366,781251,157366
Brunei,1,M2 TOTAL APPAREL IMPORTS (MFA),SME,2023,2,60757,423758,60757
Brunei,1,M2 TOTAL APPAREL IMPORTS (MFA),SME,2023,3,47360,288544,47360
Brunei,1,M2 TOTAL APPAREL IMPORTS (MFA),SME,2023,4,22607,190955,22607
Brunei,1,M2 TOTAL APPAREL IMPORTS (MFA),SME,2023,5,22672,111024,22672
Brunei,1,M2 TOTAL APPAREL IMPORTS (MFA),SME,2023,6,34546,232011,34546
Brunei,1,M2 TOTAL APPAREL IMPORTS (MFA),SME,2023,7,60417,399861,60417
Brunei,1,M2 TOTAL APPAREL IMPORTS (MFA),SME,2023,8,53727,357119,53727
Brunei,1,M2 TOTAL APPAREL IMPORTS (MFA),SME,2023,9,52234,287007,52234
Brunei,1,M2 TOTAL APPAREL IMPORTS (MFA),SME,2023,10,73754,379196,73754
Brunei,1,M2 TOTAL APPAREL IMPORTS (MFA),SME,2023,11,113979,425264,113979
Brunei,1,M2 TOTAL APPAREL IMPORTS (MFA),SME,2023,12,36543,209117,36543
Bulgaria,1,M2 TOTAL APPAREL IMPORTS (MFA),SME,2023,1,324104,6216815,324104
Bulgaria,1,M2 TOTAL APPAREL IMPORTS (MFA),SME,2023,2,386892,7636832,386892
Bulgaria,1,M2 TOTAL APPAREL IMPORTS (MFA),SME,2023,3,596864,9089517,596864
Bulgaria,1,M2 TOTAL APPAREL IMPORTS (MFA),SME,2023,4,342853,6385668,342853
Bulgaria,1,M2 TOTAL APPAREL IMPORTS (MFA),SME,2023,5,261028,5508883,261028
Bulgaria,1,M2 TOTAL APPAREL IMPORTS (MFA),SME,2023,6,318389,6071919,318389
Bulgaria,1,M2 TOTAL APPAREL IMPORTS (MFA),SME,2023,7,346346,7065108,346346
Bulgaria,1,M2 TOTAL APPAREL IMPORTS (MFA),SME,2023,8,409787,7856448,409787
Bulgaria,1,M2 TOTAL APPAREL IMPORTS (MFA),SME,2023,9,395442,7004855,395442
Bulgaria,1,M2 TOTAL APPAREL IMPORTS (MFA),SME,2023,10,447520,7715153,447520
Bulgaria,1,M2 TOTAL APPAREL IMPORTS (MFA),SME,2023,11,338150,5627103,338150
Bulgaria,1,M2 TOTAL APPAREL IMPORTS (MFA),SME,2023,12,304593,5375630,304593
Burkina Faso,1,M2 TOTAL APPAREL IMPORTS (MFA),SME,2023,4,36091,85278,36091
Burkina Faso,1,M2 TOTAL APPAREL IMPORTS (MFA),SME,2023,5,1625,1536,1625
Burkina Faso,1,M2 TOTAL APPAREL IMPORTS (MFA),SME,2023,10,188,300,188
Burma (Myanmar),1,M2 TOTAL APPAREL IMPORTS (MFA),SME,2023,1,16354239,36354223,16354239
Burma (Myanmar),1,M2 TOTAL APPAREL IMPORTS (MFA),SME,2023,2,6892340,19506398,6892340
Burma (Myanmar),1,M2 TOTAL APPAREL IMPORTS (MFA),SME,2023,3,9422849,27017777,9422849
Burma (Myanmar),1,M2 TOTAL APPAREL IMPORTS (MFA),SME,2023,4,8675674,22146970,8675674
Burma (Myanmar),1,M2 TOTAL APPAREL IMPORTS (MFA),SME,2023,5,6809902,17354391,6809902
Burma (Myanmar),1,M2 TOTAL APPAREL IMPORTS (MFA),SME,2023,6,7144742,17044610,7144742
Burma (Myanmar),1,M2 TOTAL APPAREL IMPORTS (MFA),SME,2023,7,8946360,22081208,8946360
Burma (Myanmar),1,M2 TOTAL APPAREL IMPORTS (MFA),SME,2023,8,12483900,31871320,12483900
Burma (Myanmar),1,M2 TOTAL APPAREL IMPORTS (MFA),SME,2023,9,11085567,25338077,11085567
Burma (Myanmar),1,M2 TOTAL APPAREL IMPORTS (MFA),SME,2023,10,9239309,22273153,9239309
Burma (Myanmar),1,M2 TOTAL APPAREL IMPORTS (MFA),SME,2023,11,5182249,17820126,5182249
Burma (Myanmar),1,M2 TOTAL APPAREL IMPORTS (MFA),SME,2023,12,4628429,15187433,4628429
Burundi,1,M2 TOTAL APPAREL IMPORTS (MFA),SME,2023,2,49,3457,49
Burundi,1,M2 TOTAL APPAREL IMPORTS (MFA),SME,2023,3,35,420,35
Burundi,1,M2 TOTAL APPAREL IMPORTS (MFA),SME,2023,10,76,1100,76
Cabo Verde,1,M2 TOTAL APPAREL IMPORTS (MFA),SME,2023,2,375,954,375
Cabo Verde,1,M2 TOTAL APPAREL IMPORTS (MFA),SME,2023,3,96,701,96
Cabo Verde,1,M2 TOTAL APPAREL IMPORTS (MFA),SME,2023,9,35,379,35
Cambodia,1,M2 TOTAL APPAREL IMPORTS (MFA),SME,2023,1,87279955,282929402,87279955
Cambodia,1,M2 TOTAL APPAREL IMPORTS (MFA),SME,2023,2,52392301,189747888,52392301
Cambodia,1,M2 TOTAL APPAREL IMPORTS (MFA),SME,2023,3,72998752,253941017,72998752
Cambodia,1,M2 TOTAL APPAREL IMPORTS (MFA),SME,2023,4,67076890,224882871,67076890
Cambodia,1,M2 TOTAL APPAREL IMPORTS (MFA),SME,2023,5,69003806,241037441,69003806
Cambodia,1,M2 TOTAL APPAREL IMPORTS (MFA),SME,2023,6,77896675,268355158,77896675
Cambodia,1,M2 TOTAL APPAREL IMPORTS (MFA),SME,2023,7,94287586,337210851,94287586
Cambodia,1,M2 TOTAL APPAREL IMPORTS (MFA),SME,2023,8,131334999,406966167,131334999
Cambodia,1,M2 TOTAL APPAREL IMPORTS (MFA),SME,2023,9,107383082,390532119,107383082
Cambodia,1,M2 TOTAL APPAREL IMPORTS (MFA),SME,2023,10,75117226,260229394,75117226
Cambodia,1,M2 TOTAL APPAREL IMPORTS (MFA),SME,2023,11,64233689,221708556,64233689
Cambodia,1,M2 TOTAL APPAREL IMPORTS (MFA),SME,2023,12,84123853,243278091,84123853
Cameroon,1,M2 TOTAL APPAREL IMPORTS (MFA),SME,2023,1,753,6378,753
Cameroon,1,M2 TOTAL APPAREL IMPORTS (MFA),SME,2023,3,276,1792,276
Cameroon,1,M2 TOTAL APPAREL IMPORTS (MFA),SME,2023,5,7487,182780,7487
Cameroon,1,M2 TOTAL APPAREL IMPORTS (MFA),SME,2023,8,301,1536,301
Cameroon,1,M2 TOTAL APPAREL IMPORTS (MFA),SME,2023,9,10485,23552,10485
Cameroon,1,M2 TOTAL APPAREL IMPORTS (MFA),SME,2023,10,168,2881,168
Cameroon,1,M2 TOTAL APPAREL IMPORTS (MFA),SME,2023,11,56,900,56
Cameroon,1,M2 TOTAL APPAREL IMPORTS (MFA),SME,2023,12,31578,31691,31578
Canada,1,M2 TOTAL APPAREL IMPORTS (MFA),SME,2023,1,2834103,44783673,2834103
Canada,1,M2 TOTAL APPAREL IMPORTS (MFA),SME,2023,2,2748649,39964927,2748649
Canada,1,M2 TOTAL APPAREL IMPORTS (MFA),SME,2023,3,2933660,42535680,2933660
Canada,1,M2 TOTAL APPAREL IMPORTS (MFA),SME,2023,4,2612771,32877398,2612771
Canada,1,M2 TOTAL APPAREL IMPORTS (MFA),SME,2023,5,3120333,40044081,3120333
Canada,1,M2 TOTAL APPAREL IMPORTS (MFA),SME,2023,6,3181126,35464245,3181126
Canada,1,M2 TOTAL APPAREL IMPORTS (MFA),SME,2023,7,3392725,39740579,3392725
Canada,1,M2 TOTAL APPAREL IMPORTS (MFA),SME,2023,8,3100392,47302947,3100392
Canada,1,M2 TOTAL APPAREL IMPORTS (MFA),SME,2023,9,2809456,57483859,2809456
Canada,1,M2 TOTAL APPAREL IMPORTS (MFA),SME,2023,10,3402715,48684706,3402715
Canada,1,M2 TOTAL APPAREL IMPORTS (MFA),SME,2023,11,2845849,40630330,2845849
Canada,1,M2 TOTAL APPAREL IMPORTS (MFA),SME,2023,12,1912289,29172174,1912289
Cayman Islands,1,M2 TOTAL APPAREL IMPORTS (MFA),SME,2023,10,94,1280,94
Chile,1,M2 TOTAL APPAREL IMPORTS (MFA),SME,2023,1,16192,304364,16192
Chile,1,M2 TOTAL APPAREL IMPORTS (MFA),SME,2023,2,25787,717499,25787
Chile,1,M2 TOTAL APPAREL IMPORTS (MFA),SME,2023,3,40966,827612,40966
Chile,1,M2 TOTAL APPAREL IMPORTS (MFA),SME,2023,4,14969,690663,14969
Chile,1,M2 TOTAL APPAREL IMPORTS (MFA),SME,2023,5,13548,655114,13548
Chile,1,M2 TOTAL APPAREL IMPORTS (MFA),SME,2023,6,16275,835076,16275
Chile,1,M2 TOTAL APPAREL IMPORTS (MFA),SME,2023,7,12918,673168,12918
Chile,1,M2 TOTAL APPAREL IMPORTS (MFA),SME,2023,8,19927,986194,19927
Chile,1,M2 TOTAL APPAREL IMPORTS (MFA),SME,2023,9,17824,729433,17824
Chile,1,M2 TOTAL APPAREL IMPORTS (MFA),SME,2023,10,16529,698677,16529
Chile,1,M2 TOTAL APPAREL IMPORTS (MFA),SME,2023,11,20301,899893,20301
Chile,1,M2 TOTAL APPAREL IMPORTS (MFA),SME,2023,12,17017,784451,17017
China,1,M2 TOTAL APPAREL IMPORTS (MFA),SME,2023,1,696547443,1440013024,696547443
China,1,M2 TOTAL APPAREL IMPORTS (MFA),SME,2023,2,558440669,1088956645,558440669
China,1,M2 TOTAL APPAREL IMPORTS (MFA),SME,2023,3,494945567,937995228,494945567
China,1,M2 TOTAL APPAREL IMPORTS (MFA),SME,2023,4,570971712,1051475871,570971712
China,1,M2 TOTAL APPAREL IMPORTS (MFA),SME,2023,5,696019427,1243111569,696019427
China,1,M2 TOTAL APPAREL IMPORTS (MFA),SME,2023,6,802736766,1512596980,802736766
China,1,M2 TOTAL APPAREL IMPORTS (MFA),SME,2023,7,969608592,1852762070,969608592
China,1,M2 TOTAL APPAREL IMPORTS (MFA),SME,2023,8,1012831724,1860988823,1012831724
China,1,M2 TOTAL APPAREL IMPORTS (MFA),SME,2023,9,966773931,1768305186,966773931
China,1,M2 TOTAL APPAREL IMPORTS (MFA),SME,2023,10,779783109,1425271247,779783109
China,1,M2 TOTAL APPAREL IMPORTS (MFA),SME,2023,11,596045311,1040574121,596045311
China,1,M2 TOTAL APPAREL IMPORTS (MFA),SME,2023,12,634128096,1094331316,634128096
Christmas Island,1,M2 TOTAL APPAREL IMPORTS (MFA),SME,2023,1,9,821,9
Christmas Island,1,M2 TOTAL APPAREL IMPORTS (MFA),SME,2023,11,15,621,15
Cocos (Keeling) Islands,1,M2 TOTAL APPAREL IMPORTS (MFA),SME,2023,6,1092,12263,1092
Cocos (Keeling) Islands,1,M2 TOTAL APPAREL IMPORTS (MFA),SME,2023,10,89,366,89
Colombia,1,M2 TOTAL APPAREL IMPORTS (MFA),SME,2023,1,2110333,17786602,2110333
Colombia,1,M2 TOTAL APPAREL IMPORTS (MFA),SME,2023,2,2647624,21259593,2647624
Colombia,1,M2 TOTAL APPAREL IMPORTS (MFA),SME,2023,3,3226779,25142093,3226779
Colombia,1,M2 TOTAL APPAREL IMPORTS (MFA),SME,2023,4,2918671,21433357,2918671
Colombia,1,M2 TOTAL APPAREL IMPORTS (MFA),SME,2023,5,3198923,26051663,3198923
Colombia,1,M2 TOTAL APPAREL IMPORTS (MFA),SME,2023,6,2978003,20996170,2978003
Colombia,1,M2 TOTAL APPAREL IMPORTS (MFA),SME,2023,7,2870548,19892251,2870548
Colombia,1,M2 TOTAL APPAREL IMPORTS (MFA),SME,2023,8,2594200,20637384,2594200
Colombia,1,M2 TOTAL APPAREL IMPORTS (MFA),SME,2023,9,2261280,18213883,2261280
Colombia,1,M2 TOTAL APPAREL IMPORTS (MFA),SME,2023,10,2173932,18155379,2173932
Colombia,1,M2 TOTAL APPAREL IMPORTS (MFA),SME,2023,11,2075195,17850043,2075195
Colombia,1,M2 TOTAL APPAREL IMPORTS (MFA),SME,2023,12,1893606,17705181,1893606
Comoros,1,M2 TOTAL APPAREL IMPORTS (MFA),SME,2023,6,317,5476,317
"Congo, Democratic Republic of",1,M2 TOTAL APPAREL IMPORTS (MFA),SME,2023,10,383,1733,383
Cook Islands,1,M2 TOTAL APPAREL IMPORTS (MFA),SME,2023,4,951,46916,951
Costa Rica,1,M2 TOTAL APPAREL IMPORTS (MFA),SME,2023,1,111627,964290,111627
Costa Rica,1,M2 TOTAL APPAREL IMPORTS (MFA),SME,2023,2,146037,1192093,146037
Costa Rica,1,M2 TOTAL APPAREL IMPORTS (MFA),SME,2023,3,131818,1121669,131818
Costa Rica,1,M2 TOTAL APPAREL IMPORTS (MFA),SME,2023,4,154919,1247510,154919
Costa Rica,1,M2 TOTAL APPAREL IMPORTS (MFA),SME,2023,5,154354,1198135,154354
Costa Rica,1,M2 TOTAL APPAREL IMPORTS (MFA),SME,2023,6,157094,1553500,157094
Costa Rica,1,M2 TOTAL APPAREL IMPORTS (MFA),SME,2023,7,154273,1262546,154273
Costa Rica,1,M2 TOTAL APPAREL IMPORTS (MFA),SME,2023,8,178984,1599379,178984
Costa Rica,1,M2 TOTAL APPAREL IMPORTS (MFA),SME,2023,9,127320,1112340,127320
Costa Rica,1,M2 TOTAL APPAREL IMPORTS (MFA),SME,2023,10,150038,1527582,150038
Costa Rica,1,M2 TOTAL APPAREL IMPORTS (MFA),SME,2023,11,165789,1385499,165789
Costa Rica,1,M2 TOTAL APPAREL IMPORTS (MFA),SME,2023,12,221848,1200369,221848
Cote D’Ivoire,1,M2 TOTAL APPAREL IMPORTS (MFA),SME,2023,1,2446,1400,2446
Cote D’Ivoire,1,M2 TOTAL APPAREL IMPORTS (MFA),SME,2023,2,379,420,379
Cote D’Ivoire,1,M2 TOTAL APPAREL IMPORTS (MFA),SME,2023,7,644,600,644
Cote D’Ivoire,1,M2 TOTAL APPAREL IMPORTS (MFA),SME,2023,9,938,900,938
Croatia,1,M2 TOTAL APPAREL IMPORTS (MFA),SME,2023,1,34915,821422,34915
Croatia,1,M2 TOTAL APPAREL IMPORTS (MFA),SME,2023,2,35773,860484,35773
Croatia,1,M2 TOTAL APPAREL IMPORTS (MFA),SME,2023,3,43642,945967,43642
Croatia,1,M2 TOTAL APPAREL IMPORTS (MFA),SME,2023,4,24721,490230,24721
Croatia,1,M2 TOTAL APPAREL IMPORTS (MFA),SME,2023,5,16678,450877,16678
Croatia,1,M2 TOTAL APPAREL IMPORTS (MFA),SME,2023,6,32185,563565,32185
Croatia,1,M2 TOTAL APPAREL IMPORTS (MFA),SME,2023,7,72335,1171762,72335
Croatia,1,M2 TOTAL APPAREL IMPORTS (MFA),SME,2023,8,35730,840075,35730
Croatia,1,M2 TOTAL APPAREL IMPORTS (MFA),SME,2023,9,38852,848016,38852
Croatia,1,M2 TOTAL APPAREL IMPORTS (MFA),SME,2023,10,41173,644742,41173
Croatia,1,M2 TOTAL APPAREL IMPORTS (MFA),SME,2023,11,57786,679032,57786
Croatia,1,M2 TOTAL APPAREL IMPORTS (MFA),SME,2023,12,37724,530319,37724
Curacao,1,M2 TOTAL APPAREL IMPORTS (MFA),SME,2023,5,13,1463,13
Cyprus,1,M2 TOTAL APPAREL IMPORTS (MFA),SME,2023,2,17138,35617,17138
Cyprus,1,M2 TOTAL APPAREL IMPORTS (MFA),SME,2023,7,38,253,38
Cyprus,1,M2 TOTAL APPAREL IMPORTS (MFA),SME,2023,8,192,4621,192
Cyprus,1,M2 TOTAL APPAREL IMPORTS (MFA),SME,2023,9,171,5311,171
Cyprus,1,M2 TOTAL APPAREL IMPORTS (MFA),SME,2023,10,159,1384,159
Cyprus,1,M2 TOTAL APPAREL IMPORTS (MFA),SME,2023,11,218,2607,218
Cyprus,1,M2 TOTAL APPAREL IMPORTS (MFA),SME,2023,12,277,3375,277
Czech Republic,1,M2 TOTAL APPAREL IMPORTS (MFA),SME,2023,1,26807,504176,26807
Czech Republic,1,M2 TOTAL APPAREL IMPORTS (MFA),SME,2023,2,11400,304336,11400
Czech Republic,1,M2 TOTAL APPAREL IMPORTS (MFA),SME,2023,3,8839,244409,8839
Czech Republic,1,M2 TOTAL APPAREL IMPORTS (MFA),SME,2023,4,8089,209671,8089
Czech Republic,1,M2 TOTAL APPAREL IMPORTS (MFA),SME,2023,5,38499,220116,38499
Czech Republic,1,M2 TOTAL APPAREL IMPORTS (MFA),SME,2023,6,8134,171114,8134
Czech Republic,1,M2 TOTAL APPAREL IMPORTS (MFA),SME,2023,7,7362,214343,7362
Czech Republic,1,M2 TOTAL APPAREL IMPORTS (MFA),SME,2023,8,12240,252617,12240
Czech Republic,1,M2 TOTAL APPAREL IMPORTS (MFA),SME,2023,9,12534,393498,12534
Czech Republic,1,M2 TOTAL APPAREL IMPORTS (MFA),SME,2023,10,13147,199815,13147
Czech Republic,1,M2 TOTAL APPAREL IMPORTS (MFA),SME,2023,11,10034,297905,10034
Czech Republic,1,M2 TOTAL APPAREL IMPORTS (MFA),SME,2023,12,9002,199285,9002
Denmark,1,M2 TOTAL APPAREL IMPORTS (MFA),SME,2023,1,8366,238761,8366
Denmark,1,M2 TOTAL APPAREL IMPORTS (MFA),SME,2023,2,14057,215434,14057
Denmark,1,M2 TOTAL APPAREL IMPORTS (MFA),SME,2023,3,9106,196911,9106
Denmark,1,M2 TOTAL APPAREL IMPORTS (MFA),SME,2023,4,2275,66858,2275
Denmark,1,M2 TOTAL APPAREL IMPORTS (MFA),SME,2023,5,2466,32034,2466
Denmark,1,M2 TOTAL APPAREL IMPORTS (MFA),SME,2023,6,29585,113939,29585
Denmark,1,M2 TOTAL APPAREL IMPORTS (MFA),SME,2023,7,13040,110670,13040
Denmark,1,M2 TOTAL APPAREL IMPORTS (MFA),SME,2023,8,9973,313365,9973
Denmark,1,M2 TOTAL APPAREL IMPORTS (MFA),SME,2023,9,9796,143612,9796
Denmark,1,M2 TOTAL APPAREL IMPORTS (MFA),SME,2023,10,4253,68000,4253
Denmark,1,M2 TOTAL APPAREL IMPORTS (MFA),SME,2023,11,12974,115963,12974
Denmark,1,M2 TOTAL APPAREL IMPORTS (MFA),SME,2023,12,8265,82885,8265
Djibouti,1,M2 TOTAL APPAREL IMPORTS (MFA),SME,2023,1,25390,142231,25390
Djibouti,1,M2 TOTAL APPAREL IMPORTS (MFA),SME,2023,5,17438,96247,17438
Djibouti,1,M2 TOTAL APPAREL IMPORTS (MFA),SME,2023,6,248806,803789,248806
Djibouti,1,M2 TOTAL APPAREL IMPORTS (MFA),SME,2023,8,121779,425723,121779
Dominica,1,M2 TOTAL APPAREL IMPORTS (MFA),SME,2023,12,288,590,288
Dominican Republic,1,M2 TOTAL APPAREL IMPORTS (MFA),SME,2023,1,11901458,29165493,11901458
Dominican Republic,1,M2 TOTAL APPAREL IMPORTS (MFA),SME,2023,2,18851915,53955493,18851915
Dominican Republic,1,M2 TOTAL APPAREL IMPORTS (MFA),SME,2023,3,18893686,53939190,18893686
Dominican Republic,1,M2 TOTAL APPAREL IMPORTS (MFA),SME,2023,4,18274875,49863926,18274875
Dominican Republic,1,M2 TOTAL APPAREL IMPORTS (MFA),SME,2023,5,23383073,62564243,23383073
Dominican Republic,1,M2 TOTAL APPAREL IMPORTS (MFA),SME,2023,6,17868268,49578946,17868268
Dominican Republic,1,M2 TOTAL APPAREL IMPORTS (MFA),SME,2023,7,22076727,58967100,22076727
Dominican Republic,1,M2 TOTAL APPAREL IMPORTS (MFA),SME,2023,8,21345584,55231248,21345584
Dominican Republic,1,M2 TOTAL APPAREL IMPORTS (MFA),SME,2023,9,18338927,47105753,18338927
Dominican Republic,1,M2 TOTAL APPAREL IMPORTS (MFA),SME,2023,10,25008541,60066284,25008541
Dominican Republic,1,M2 TOTAL APPAREL IMPORTS (MFA),SME,2023,11,19396971,48618757,19396971
Dominican Republic,1,M2 TOTAL APPAREL IMPORTS (MFA),SME,2023,12,20886527,49169454,20886527
Ecuador,1,M2 TOTAL APPAREL IMPORTS (MFA),SME,2023,1,65642,199821,65642
Ecuador,1,M2 TOTAL APPAREL IMPORTS (MFA),SME,2023,2,79843,306507,79843
Ecuador,1,M2 TOTAL APPAREL IMPORTS (MFA),SME,2023,3,114951,294469,114951
Ecuador,1,M2 TOTAL APPAREL IMPORTS (MFA),SME,2023,4,222687,353180,222687
Ecuador,1,M2 TOTAL APPAREL IMPORTS (MFA),SME,2023,5,179756,524487,179756
Ecuador,1,M2 TOTAL APPAREL IMPORTS (MFA),SME,2023,6,161443,290384,161443
Ecuador,1,M2 TOTAL APPAREL IMPORTS (MFA),SME,2023,7,256175,449372,256175
Ecuador,1,M2 TOTAL APPAREL IMPORTS (MFA),SME,2023,8,289481,660420,289481
Ecuador,1,M2 TOTAL APPAREL IMPORTS (MFA),SME,2023,9,298411,638386,298411
Ecuador,1,M2 TOTAL APPAREL IMPORTS (MFA),SME,2023,10,405345,807492,405345
Ecuador,1,M2 TOTAL APPAREL IMPORTS (MFA),SME,2023,11,306481,708038,306481
Ecuador,1,M2 TOTAL APPAREL IMPORTS (MFA),SME,2023,12,144037,300752,144037
Egypt,1,M2 TOTAL APPAREL IMPORTS (MFA),SME,2023,1,32321235,135513754,32321235
Egypt,1,M2 TOTAL APPAREL IMPORTS (MFA),SME,2023,2,18585026,75956178,18585026
Egypt,1,M2 TOTAL APPAREL IMPORTS (MFA),SME,2023,3,21224292,89121084,21224292
Egypt,1,M2 TOTAL APPAREL IMPORTS (MFA),SME,2023,4,16601231,67688443,16601231
Egypt,1,M2 TOTAL APPAREL IMPORTS (MFA),SME,2023,5,20944544,87284613,20944544
Egypt,1,M2 TOTAL APPAREL IMPORTS (MFA),SME,2023,6,18331550,82640168,18331550
Egypt,1,M2 TOTAL APPAREL IMPORTS (MFA),SME,2023,7,20942227,100060784,20942227
Egypt,1,M2 TOTAL APPAREL IMPORTS (MFA),SME,2023,8,23582127,99661305,23582127
Egypt,1,M2 TOTAL APPAREL IMPORTS (MFA),SME,2023,9,27752475,105894928,27752475
Egypt,1,M2 TOTAL APPAREL IMPORTS (MFA),SME,2023,10,21905631,91605999,21905631
Egypt,1,M2 TOTAL APPAREL IMPORTS (MFA),SME,2023,11,16620745,67540214,16620745
Egypt,1,M2 TOTAL APPAREL IMPORTS (MFA),SME,2023,12,20517036,82929682,20517036
El Salvador,1,M2 TOTAL APPAREL IMPORTS (MFA),SME,2023,1,26662689,111267220,26662689
El Salvador,1,M2 TOTAL APPAREL IMPORTS (MFA),SME,2023,2,42383204,139909044,42383204
El Salvador,1,M2 TOTAL APPAREL IMPORTS (MFA),SME,2023,3,51030822,164880229,51030822
El Salvador,1,M2 TOTAL APPAREL IMPORTS (MFA),SME,2023,4,38528397,120545376,38528397
El Salvador,1,M2 TOTAL APPAREL IMPORTS (MFA),SME,2023,5,44156523,137245013,44156523
El Salvador,1,M2 TOTAL APPAREL IMPORTS (MFA),SME,2023,6,40080218,129860507,40080218
El Salvador,1,M2 TOTAL APPAREL IMPORTS (MFA),SME,2023,7,40797393,133787285,40797393
El Salvador,1,M2 TOTAL APPAREL IMPORTS (MFA),SME,2023,8,38283451,134223965,38283451
El Salvador,1,M2 TOTAL APPAREL IMPORTS (MFA),SME,2023,9,42904382,135188338,42904382
El Salvador,1,M2 TOTAL APPAREL IMPORTS (MFA),SME,2023,10,36533129,122160374,36533129
El Salvador,1,M2 TOTAL APPAREL IMPORTS (MFA),SME,2023,11,39594507,123736105,39594507
El Salvador,1,M2 TOTAL APPAREL IMPORTS (MFA),SME,2023,12,35798243,111524335,35798243
Eritrea,1,M2 TOTAL APPAREL IMPORTS (MFA),SME,2023,1,303,1189,303
Eritrea,1,M2 TOTAL APPAREL IMPORTS (MFA),SME,2023,2,114,393,114
Eritrea,1,M2 TOTAL APPAREL IMPORTS (MFA),SME,2023,3,2388,8755,2388
Eritrea,1,M2 TOTAL APPAREL IMPORTS (MFA),SME,2023,4,4321,15732,4321
Eritrea,1,M2 TOTAL APPAREL IMPORTS (MFA),SME,2023,5,1402,5060,1402
Eritrea,1,M2 TOTAL APPAREL IMPORTS (MFA),SME,2023,6,1440,5360,1440
Eritrea,1,M2 TOTAL APPAREL IMPORTS (MFA),SME,2023,7,569,2160,569
Eritrea,1,M2 TOTAL APPAREL IMPORTS (MFA),SME,2023,8,455,2148,455
Eritrea,1,M2 TOTAL APPAREL IMPORTS (MFA),SME,2023,9,910,3431,910
Eritrea,1,M2 TOTAL APPAREL IMPORTS (MFA),SME,2023,11,1099,4055,1099
Estonia,1,M2 TOTAL APPAREL IMPORTS (MFA),SME,2023,1,8209,182065,8209
Estonia,1,M2 TOTAL APPAREL IMPORTS (MFA),SME,2023,2,5327,104848,5327
Estonia,1,M2 TOTAL APPAREL IMPORTS (MFA),SME,2023,3,6113,221893,6113
Estonia,1,M2 TOTAL APPAREL IMPORTS (MFA),SME,2023,4,3600,96920,3600
Estonia,1,M2 TOTAL APPAREL IMPORTS (MFA),SME,2023,5,3385,109602,3385
Estonia,1,M2 TOTAL APPAREL IMPORTS (MFA),SME,2023,6,7837,74322,7837
Estonia,1,M2 TOTAL APPAREL IMPORTS (MFA),SME,2023,7,7921,209493,7921
Estonia,1,M2 TOTAL APPAREL IMPORTS (MFA),SME,2023,8,15445,333350,15445
Estonia,1,M2 TOTAL APPAREL IMPORTS (MFA),SME,2023,9,9080,402762,9080
Estonia,1,M2 TOTAL APPAREL IMPORTS (MFA),SME,2023,10,15449,301506,15449
Estonia,1,M2 TOTAL APPAREL IMPORTS (MFA),SME,2023,11,11851,317875,11851
Estonia,1,M2 TOTAL APPAREL IMPORTS (MFA),SME,2023,12,16813,277997,16813
Eswatini (formerly Swaziland),1,M2 TOTAL APPAREL IMPORTS (MFA),SME,2023,1,4,376,4
Eswatini (formerly Swaziland),1,M2 TOTAL APPAREL IMPORTS (MFA),SME,2023,2,31086,278498,31086
Eswatini (formerly Swaziland),1,M2 TOTAL APPAREL IMPORTS (MFA),SME,2023,3,4,610,4
Eswatini (formerly Swaziland),1,M2 TOTAL APPAREL IMPORTS (MFA),SME,2023,4,17388,146059,17388
Eswatini (formerly Swaziland),1,M2 TOTAL APPAREL IMPORTS (MFA),SME,2023,5,9688,85359,9688
Eswatini (formerly Swaziland),1,M2 TOTAL APPAREL IMPORTS (MFA),SME,2023,6,26934,233346,26934
Eswatini (formerly Swaziland),1,M2 TOTAL APPAREL IMPORTS (MFA),SME,2023,8,18214,154098,18214
Eswatini (formerly Swaziland),1,M2 TOTAL APPAREL IMPORTS (MFA),SME,2023,10,17514,185835,17514
Eswatini (formerly Swaziland),1,M2 TOTAL APPAREL IMPORTS (MFA),SME,2023,12,30,1170,30
Ethiopia,1,M2 TOTAL APPAREL IMPORTS (MFA),SME,2023,1,6967769,20133447,6967769
Ethiopia,1,M2 TOTAL APPAREL IMPORTS (MFA),SME,2023,2,8275636,19419608,8275636
Ethiopia,1,M2 TOTAL APPAREL IMPORTS (MFA),SME,2023,3,8025397,19152442,8025397
Ethiopia,1,M2 TOTAL APPAREL IMPORTS (MFA),SME,2023,4,8559509,20498611,8559509
Ethiopia,1,M2 TOTAL APPAREL IMPORTS (MFA),SME,2023,5,7159075,18438417,7159075
Ethiopia,1,M2 TOTAL APPAREL IMPORTS (MFA),SME,2023,6,5494148,14366043,5494148
Ethiopia,1,M2 TOTAL APPAREL IMPORTS (MFA),SME,2023,7,7068190,19932399,7068190
Ethiopia,1,M2 TOTAL APPAREL IMPORTS (MFA),SME,2023,8,6411199,19119121,6411199
Ethiopia,1,M2 TOTAL APPAREL IMPORTS (MFA),SME,2023,9,7207264,19810140,7207264
Ethiopia,1,M2 TOTAL APPAREL IMPORTS (MFA),SME,2023,10,3812261,13218819,3812261
Ethiopia,1,M2 TOTAL APPAREL IMPORTS (MFA),SME,2023,11,5123627,11681493,5123627
Ethiopia,1,M2 TOTAL APPAREL IMPORTS (MFA),SME,2023,12,8593305,20821338,8593305
Falkland Islands,1,M2 TOTAL APPAREL IMPORTS (MFA),SME,2023,6,8906,127776,8906
Federated States of Mic,1,M2 TOTAL APPAREL IMPORTS (MFA),SME,2023,2,50,3086,50
Federated States of Mic,1,M2 TOTAL APPAREL IMPORTS (MFA),SME,2023,3,77,3384,77
Federated States of Mic,1,M2 TOTAL APPAREL IMPORTS (MFA),SME,2023,4,1131,2174,1131
Federated States of Mic,1,M2 TOTAL APPAREL IMPORTS (MFA),SME,2023,5,20,1320,20
Federated States of Mic,1,M2 TOTAL APPAREL IMPORTS (MFA),SME,2023,7,75,3905,75
Federated States of Mic,1,M2 TOTAL APPAREL IMPORTS (MFA),SME,2023,8,79,4356,79
Federated States of Mic,1,M2 TOTAL APPAREL IMPORTS (MFA),SME,2023,9,21,1094,21
Federated States of Mic,1,M2 TOTAL APPAREL IMPORTS (MFA),SME,2023,10,27,630,27
Federated States of Mic,1,M2 TOTAL APPAREL IMPORTS (MFA),SME,2023,11,38,510,38
Federated States of Mic,1,M2 TOTAL APPAREL IMPORTS (MFA),SME,2023,12,49,1631,49
Fiji,1,M2 TOTAL APPAREL IMPORTS (MFA),SME,2023,1,3,480,3
Fiji,1,M2 TOTAL APPAREL IMPORTS (MFA),SME,2023,3,3639,30588,3639
Fiji,1,M2 TOTAL APPAREL IMPORTS (MFA),SME,2023,5,37345,193445,37345
Fiji,1,M2 TOTAL APPAREL IMPORTS (MFA),SME,2023,7,35,416,35
Fiji,1,M2 TOTAL APPAREL IMPORTS (MFA),SME,2023,9,75,2218,75
Fiji,1,M2 TOTAL APPAREL IMPORTS (MFA),SME,2023,11,523,10295,523
Fiji,1,M2 TOTAL APPAREL IMPORTS (MFA),SME,2023,12,24257,126887,24257
Finland,1,M2 TOTAL APPAREL IMPORTS (MFA),SME,2023,1,1658,25283,1658
Finland,1,M2 TOTAL APPAREL IMPORTS (MFA),SME,2023,2,320,9520,320
Finland,1,M2 TOTAL APPAREL IMPORTS (MFA),SME,2023,3,1208,15052,1208
Finland,1,M2 TOTAL APPAREL IMPORTS (MFA),SME,2023,4,640,7327,640
Finland,1,M2 TOTAL APPAREL IMPORTS (MFA),SME,2023,5,579,17834,579
Finland,1,M2 TOTAL APPAREL IMPORTS (MFA),SME,2023,6,13642,121853,13642
Finland,1,M2 TOTAL APPAREL IMPORTS (MFA),SME,2023,7,15513,53452,15513
Finland,1,M2 TOTAL APPAREL IMPORTS (MFA),SME,2023,8,633,31439,633
Finland,1,M2 TOTAL APPAREL IMPORTS (MFA),SME,2023,9,588,13861,588
Finland,1,M2 TOTAL APPAREL IMPORTS (MFA),SME,2023,10,2607,49738,2607
Finland,1,M2 TOTAL APPAREL IMPORTS (MFA),SME,2023,11,294,12465,294
Finland,1,M2 TOTAL APPAREL IMPORTS (MFA),SME,2023,12,1113,27498,1113
France,1,M2 TOTAL APPAREL IMPORTS (MFA),SME,2023,1,853789,16219639,853789
France,1,M2 TOTAL APPAREL IMPORTS (MFA),SME,2023,2,746609,18392295,746609
France,1,M2 TOTAL APPAREL IMPORTS (MFA),SME,2023,3,797328,20002988,797328
France,1,M2 TOTAL APPAREL IMPORTS (MFA),SME,2023,4,616101,16972772,616101
France,1,M2 TOTAL APPAREL IMPORTS (MFA),SME,2023,5,479991,14841428,479991
France,1,M2 TOTAL APPAREL IMPORTS (MFA),SME,2023,6,680129,15483957,680129
France,1,M2 TOTAL APPAREL IMPORTS (MFA),SME,2023,7,865247,15744714,865247
France,1,M2 TOTAL APPAREL IMPORTS (MFA),SME,2023,8,743614,14513774,743614
France,1,M2 TOTAL APPAREL IMPORTS (MFA),SME,2023,9,625699,13283057,625699
France,1,M2 TOTAL APPAREL IMPORTS (MFA),SME,2023,10,776212,19704045,776212
France,1,M2 TOTAL APPAREL IMPORTS (MFA),SME,2023,11,952416,19377919,952416
France,1,M2 TOTAL APPAREL IMPORTS (MFA),SME,2023,12,1495413,18880626,1495413
French Indian Ocean Areas,1,M2 TOTAL APPAREL IMPORTS (MFA),SME,2023,3,53,1651,53
French Indian Ocean Areas,1,M2 TOTAL APPAREL IMPORTS (MFA),SME,2023,8,47,2476,47
French Indian Ocean Areas,1,M2 TOTAL APPAREL IMPORTS (MFA),SME,2023,10,6,1095,6
French Indian Ocean Areas,1,M2 TOTAL APPAREL IMPORTS (MFA),SME,2023,12,45,1063,45
French Polynesia,1,M2 TOTAL APPAREL IMPORTS (MFA),SME,2023,9,114,6970,114
French West Indies,1,M2 TOTAL APPAREL IMPORTS (MFA),SME,2023,1,59,3499,59
French West Indies,1,M2 TOTAL APPAREL IMPORTS (MFA),SME,2023,2,206,10002,206
French West Indies,1,M2 TOTAL APPAREL IMPORTS (MFA),SME,2023,3,83,2020,83
French West Indies,1,M2 TOTAL APPAREL IMPORTS (MFA),SME,2023,4,76,3402,76
French West Indies,1,M2 TOTAL APPAREL IMPORTS (MFA),SME,2023,5,117,4976,117
French West Indies,1,M2 TOTAL APPAREL IMPORTS (MFA),SME,2023,7,53,6606,53
French West Indies,1,M2 TOTAL APPAREL IMPORTS (MFA),SME,2023,8,111,5662,111
French West Indies,1,M2 TOTAL APPAREL IMPORTS (MFA),SME,2023,9,130,13217,130
French West Indies,1,M2 TOTAL APPAREL IMPORTS (MFA),SME,2023,11,80,1726,80
French West Indies,1,M2 TOTAL APPAREL IMPORTS (MFA),SME,2023,12,104,2512,104
Gabon,1,M2 TOTAL APPAREL IMPORTS (MFA),SME,2023,1,245,1536,245
Gabon,1,M2 TOTAL APPAREL IMPORTS (MFA),SME,2023,3,119,2677,119
Gabon,1,M2 TOTAL APPAREL IMPORTS (MFA),SME,2023,4,15,300,15
Gabon,1,M2 TOTAL APPAREL IMPORTS (MFA),SME,2023,5,49,858,49
Gabon,1,M2 TOTAL APPAREL IMPORTS (MFA),SME,2023,7,35,695,35
Gabon,1,M2 TOTAL APPAREL IMPORTS (MFA),SME,2023,8,30,2310,30
Gabon,1,M2 TOTAL APPAREL IMPORTS (MFA),SME,2023,9,15,862,15
Gabon,1,M2 TOTAL APPAREL IMPORTS (MFA),SME,2023,11,154,1911,154
Gabon,1,M2 TOTAL APPAREL IMPORTS (MFA),SME,2023,12,30,2570,30
Gambia,1,M2 TOTAL APPAREL IMPORTS (MFA),SME,2023,6,124,900,124
Gambia,1,M2 TOTAL APPAREL IMPORTS (MFA),SME,2023,11,76,6385,76
Georgia,1,M2 TOTAL APPAREL IMPORTS (MFA),SME,2023,1,75559,490228,75559
Georgia,1,M2 TOTAL APPAREL IMPORTS (MFA),SME,2023,2,157309,1074932,157309
Georgia,1,M2 TOTAL APPAREL IMPORTS (MFA),SME,2023,3,145531,1058908,145531
Georgia,1,M2 TOTAL APPAREL IMPORTS (MFA),SME,2023,4,148533,959417,148533
Georgia,1,M2 TOTAL APPAREL IMPORTS (MFA),SME,2023,5,123102,934655,123102
Georgia,1,M2 TOTAL APPAREL IMPORTS (MFA),SME,2023,6,31294,241448,31294
Georgia,1,M2 TOTAL APPAREL IMPORTS (MFA),SME,2023,7,16198,247251,16198
Georgia,1,M2 TOTAL APPAREL IMPORTS (MFA),SME,2023,8,69841,788846,69841
Georgia,1,M2 TOTAL APPAREL IMPORTS (MFA),SME,2023,9,24201,332672,24201
Georgia,1,M2 TOTAL APPAREL IMPORTS (MFA),SME,2023,10,12175,135244,12175
Georgia,1,M2 TOTAL APPAREL IMPORTS (MFA),SME,2023,11,51152,423260,51152
Georgia,1,M2 TOTAL APPAREL IMPORTS (MFA),SME,2023,12,86833,749453,86833
Germany,1,M2 TOTAL APPAREL IMPORTS (MFA),SME,2023,1,268860,2233196,268860
Germany,1,M2 TOTAL APPAREL IMPORTS (MFA),SME,2023,2,223175,2298751,223175
Germany,1,M2 TOTAL APPAREL IMPORTS (MFA),SME,2023,3,183437,2432477,183437
Germany,1,M2 TOTAL APPAREL IMPORTS (MFA),SME,2023,4,181984,1949702,181984
Germany,1,M2 TOTAL APPAREL IMPORTS (MFA),SME,2023,5,260169,1685695,260169
Germany,1,M2 TOTAL APPAREL IMPORTS (MFA),SME,2023,6,471745,1850831,471745
Germany,1,M2 TOTAL APPAREL IMPORTS (MFA),SME,2023,7,365528,2592967,365528
Germany,1,M2 TOTAL APPAREL IMPORTS (MFA),SME,2023,8,484431,3205459,484431
Germany,1,M2 TOTAL APPAREL IMPORTS (MFA),SME,2023,9,260963,2350693,260963
Germany,1,M2 TOTAL APPAREL IMPORTS (MFA),SME,2023,10,272713,2235936,272713
Germany,1,M2 TOTAL APPAREL IMPORTS (MFA),SME,2023,11,349504,2023521,349504
Germany,1,M2 TOTAL APPAREL IMPORTS (MFA),SME,2023,12,244214,1521283,244214
Ghana,1,M2 TOTAL APPAREL IMPORTS (MFA),SME,2023,1,1469177,5353888,1469177
Ghana,1,M2 TOTAL APPAREL IMPORTS (MFA),SME,2023,2,649659,2168949,649659
Ghana,1,M2 TOTAL APPAREL IMPORTS (MFA),SME,2023,3,698382,2273588,698382
Ghana,1,M2 TOTAL APPAREL IMPORTS (MFA),SME,2023,4,1221395,4216903,1221395
Ghana,1,M2 TOTAL APPAREL IMPORTS (MFA),SME,2023,5,602521,2235452,602521
Ghana,1,M2 TOTAL APPAREL IMPORTS (MFA),SME,2023,6,832509,3030306,832509
Ghana,1,M2 TOTAL APPAREL IMPORTS (MFA),SME,2023,7,1033634,3272898,1033634
Ghana,1,M2 TOTAL APPAREL IMPORTS (MFA),SME,2023,8,1011129,3278545,1011129
Ghana,1,M2 TOTAL APPAREL IMPORTS (MFA),SME,2023,9,990634,2852036,990634
Ghana,1,M2 TOTAL APPAREL IMPORTS (MFA),SME,2023,10,1470233,4705561,1470233
Ghana,1,M2 TOTAL APPAREL IMPORTS (MFA),SME,2023,11,1048815,3411639,1048815
Ghana,1,M2 TOTAL APPAREL IMPORTS (MFA),SME,2023,12,504211,1715238,504211
Greece,1,M2 TOTAL APPAREL IMPORTS (MFA),SME,2023,1,33403,983594,33403
Greece,1,M2 TOTAL APPAREL IMPORTS (MFA),SME,2023,2,43234,1119440,43234
Greece,1,M2 TOTAL APPAREL IMPORTS (MFA),SME,2023,3,77881,1479023,77881
Greece,1,M2 TOTAL APPAREL IMPORTS (MFA),SME,2023,4,50992,1486181,50992
Greece,1,M2 TOTAL APPAREL IMPORTS (MFA),SME,2023,5,62994,1810467,62994
Greece,1,M2 TOTAL APPAREL IMPORTS (MFA),SME,2023,6,54648,913194,54648
Greece,1,M2 TOTAL APPAREL IMPORTS (MFA),SME,2023,7,39096,778400,39096
Greece,1,M2 TOTAL APPAREL IMPORTS (MFA),SME,2023,8,73908,1019282,73908
Greece,1,M2 TOTAL APPAREL IMPORTS (MFA),SME,2023,9,38143,880484,38143
Greece,1,M2 TOTAL APPAREL IMPORTS (MFA),SME,2023,10,43171,594193,43171
Greece,1,M2 TOTAL APPAREL IMPORTS (MFA),SME,2023,11,38369,795755,38369
Greece,1,M2 TOTAL APPAREL IMPORTS (MFA),SME,2023,12,35512,704633,35512
Guatemala,1,M2 TOTAL APPAREL IMPORTS (MFA),SME,2023,1,25668152,116340471,25668152
Guatemala,1,M2 TOTAL APPAREL IMPORTS (MFA),SME,2023,2,28595026,119541881,28595026
Guatemala,1,M2 TOTAL APPAREL IMPORTS (MFA),SME,2023,3,31407660,139174620,31407660
Guatemala,1,M2 TOTAL APPAREL IMPORTS (MFA),SME,2023,4,23112673,110377192,23112673
Guatemala,1,M2 TOTAL APPAREL IMPORTS (MFA),SME,2023,5,25790461,120242482,25790461
Guatemala,1,M2 TOTAL APPAREL IMPORTS (MFA),SME,2023,6,30884650,140811510,30884650
Guatemala,1,M2 TOTAL APPAREL IMPORTS (MFA),SME,2023,7,29252819,145977621,29252819
Guatemala,1,M2 TOTAL APPAREL IMPORTS (MFA),SME,2023,8,31005648,144080308,31005648
Guatemala,1,M2 TOTAL APPAREL IMPORTS (MFA),SME,2023,9,25195106,131383656,25195106
Guatemala,1,M2 TOTAL APPAREL IMPORTS (MFA),SME,2023,10,21693868,110295461,21693868
Guatemala,1,M2 TOTAL APPAREL IMPORTS (MFA),SME,2023,11,19799130,100454157,19799130
Guatemala,1,M2 TOTAL APPAREL IMPORTS (MFA),SME,2023,12,24966033,112387440,24966033
Guinea,1,M2 TOTAL APPAREL IMPORTS (MFA),SME,2023,2,4478,1215,4478
Guinea,1,M2 TOTAL APPAREL IMPORTS (MFA),SME,2023,6,120,964,120
Guinea,1,M2 TOTAL APPAREL IMPORTS (MFA),SME,2023,9,455,878,455
Guinea,1,M2 TOTAL APPAREL IMPORTS (MFA),SME,2023,10,288,500,288
Guinea,1,M2 TOTAL APPAREL IMPORTS (MFA),SME,2023,11,38,990,38
Guinea,1,M2 TOTAL APPAREL IMPORTS (MFA),SME,2023,12,3005,1314,3005
Haiti,1,M2 TOTAL APPAREL IMPORTS (MFA),SME,2023,1,15890217,44960849,15890217
Haiti,1,M2 TOTAL APPAREL IMPORTS (MFA),SME,2023,2,26922626,77111149,26922626
Haiti,1,M2 TOTAL APPAREL IMPORTS (MFA),SME,2023,3,24635025,71927626,24635025
Haiti,1,M2 TOTAL APPAREL IMPORTS (MFA),SME,2023,4,25847811,73504140,25847811
Haiti,1,M2 TOTAL APPAREL IMPORTS (MFA),SME,2023,5,27814251,75163054,27814251
Haiti,1,M2 TOTAL APPAREL IMPORTS (MFA),SME,2023,6,18476926,51842863,18476926
Haiti,1,M2 TOTAL APPAREL IMPORTS (MFA),SME,2023,7,19548854,56196154,19548854
Haiti,1,M2 TOTAL APPAREL IMPORTS (MFA),SME,2023,8,30514619,82909163,30514619
Haiti,1,M2 TOTAL APPAREL IMPORTS (MFA),SME,2023,9,21322528,60315507,21322528
Haiti,1,M2 TOTAL APPAREL IMPORTS (MFA),SME,2023,10,18522399,54433938,18522399
Haiti,1,M2 TOTAL APPAREL IMPORTS (MFA),SME,2023,11,25024802,68317926,25024802
Haiti,1,M2 TOTAL APPAREL IMPORTS (MFA),SME,2023,12,16556839,47758727,16556839
Honduras,1,M2 TOTAL APPAREL IMPORTS (MFA),SME,2023,1,33084359,123889928,33084359
Honduras,1,M2 TOTAL APPAREL IMPORTS (MFA),SME,2023,2,62739474,214605601,62739474
Honduras,1,M2 TOTAL APPAREL IMPORTS (MFA),SME,2023,3,65862863,225794055,65862863
Honduras,1,M2 TOTAL APPAREL IMPORTS (MFA),SME,2023,4,44702279,156364239,44702279
Honduras,1,M2 TOTAL APPAREL IMPORTS (MFA),SME,2023,5,68146462,238824215,68146462
Honduras,1,M2 TOTAL APPAREL IMPORTS (MFA),SME,2023,6,63809320,221068773,63809320
Honduras,1,M2 TOTAL APPAREL IMPORTS (MFA),SME,2023,7,60121135,207715241,60121135
Honduras,1,M2 TOTAL APPAREL IMPORTS (MFA),SME,2023,8,66909182,233649175,66909182
Honduras,1,M2 TOTAL APPAREL IMPORTS (MFA),SME,2023,9,58879459,210702302,58879459
Honduras,1,M2 TOTAL APPAREL IMPORTS (MFA),SME,2023,10,55780223,202717104,55780223
Honduras,1,M2 TOTAL APPAREL IMPORTS (MFA),SME,2023,11,52992292,191404632,52992292
Honduras,1,M2 TOTAL APPAREL IMPORTS (MFA),SME,2023,12,55411747,198607003,55411747
Hong Kong,1,M2 TOTAL APPAREL IMPORTS (MFA),SME,2023,1,802198,5549739,802198
Hong Kong,1,M2 TOTAL APPAREL IMPORTS (MFA),SME,2023,2,563663,4265158,563663
Hong Kong,1,M2 TOTAL APPAREL IMPORTS (MFA),SME,2023,3,429413,2593468,429413
Hong Kong,1,M2 TOTAL APPAREL IMPORTS (MFA),SME,2023,4,584277,2319698,584277
Hong Kong,1,M2 TOTAL APPAREL IMPORTS (MFA),SME,2023,5,1008821,4755494,1008821
Hong Kong,1,M2 TOTAL APPAREL IMPORTS (MFA),SME,2023,6,686302,6414251,686302
Hong Kong,1,M2 TOTAL APPAREL IMPORTS (MFA),SME,2023,7,569645,4697279,569645
Hong Kong,1,M2 TOTAL APPAREL IMPORTS (MFA),SME,2023,8,1279349,10899328,1279349
Hong Kong,1,M2 TOTAL APPAREL IMPORTS (MFA),SME,2023,9,1681940,10014504,1681940
Hong Kong,1,M2 TOTAL APPAREL IMPORTS (MFA),SME,2023,10,707501,4823450,707501
Hong Kong,1,M2 TOTAL APPAREL IMPORTS (MFA),SME,2023,11,1068876,5827256,1068876
Hong Kong,1,M2 TOTAL APPAREL IMPORTS (MFA),SME,2023,12,716482,5085219,716482
Hungary,1,M2 TOTAL APPAREL IMPORTS (MFA),SME,2023,1,101518,1150965,101518
Hungary,1,M2 TOTAL APPAREL IMPORTS (MFA),SME,2023,2,193294,1415682,193294
Hungary,1,M2 TOTAL APPAREL IMPORTS (MFA),SME,2023,3,114142,1234394,114142
Hungary,1,M2 TOTAL APPAREL IMPORTS (MFA),SME,2023,4,100970,763364,100970
Hungary,1,M2 TOTAL APPAREL IMPORTS (MFA),SME,2023,5,176146,1083376,176146
Hungary,1,M2 TOTAL APPAREL IMPORTS (MFA),SME,2023,6,189654,1000323,189654
Hungary,1,M2 TOTAL APPAREL IMPORTS (MFA),SME,2023,7,179961,1802315,179961
Hungary,1,M2 TOTAL APPAREL IMPORTS (MFA),SME,2023,8,77699,1844201,77699
Hungary,1,M2 TOTAL APPAREL IMPORTS (MFA),SME,2023,9,66556,1146558,66556
Hungary,1,M2 TOTAL APPAREL IMPORTS (MFA),SME,2023,10,147925,1410926,147925
Hungary,1,M2 TOTAL APPAREL IMPORTS (MFA),SME,2023,11,134419,883164,134419
Hungary,1,M2 TOTAL APPAREL IMPORTS (MFA),SME,2023,12,107269,1111814,107269
Iceland,1,M2 TOTAL APPAREL IMPORTS (MFA),SME,2023,1,4,254,4
Iceland,1,M2 TOTAL APPAREL IMPORTS (MFA),SME,2023,2,12,609,12
Iceland,1,M2 TOTAL APPAREL IMPORTS (MFA),SME,2023,3,135,9383,135
Iceland,1,M2 TOTAL APPAREL IMPORTS (MFA),SME,2023,4,12121,12250,12121
Iceland,1,M2 TOTAL APPAREL IMPORTS (MFA),SME,2023,5,11346,18769,11346
Iceland,1,M2 TOTAL APPAREL IMPORTS (MFA),SME,2023,6,1691,5282,1691
Iceland,1,M2 TOTAL APPAREL IMPORTS (MFA),SME,2023,7,38,281,38
Iceland,1,M2 TOTAL APPAREL IMPORTS (MFA),SME,2023,8,55,1178,55
Iceland,1,M2 TOTAL APPAREL IMPORTS (MFA),SME,2023,9,12,1185,12
Iceland,1,M2 TOTAL APPAREL IMPORTS (MFA),SME,2023,10,83,1455,83
Iceland,1,M2 TOTAL APPAREL IMPORTS (MFA),SME,2023,11,229,6424,229
Iceland,1,M2 TOTAL APPAREL IMPORTS (MFA),SME,2023,12,33,1247,33
India,1,M2 TOTAL APPAREL IMPORTS (MFA),SME,2023,1,118521336,485271416,118521336
India,1,M2 TOTAL APPAREL IMPORTS (MFA),SME,2023,2,98368389,395284631,98368389
India,1,M2 TOTAL APPAREL IMPORTS (MFA),SME,2023,3,111883568,450539567,111883568
India,1,M2 TOTAL APPAREL IMPORTS (MFA),SME,2023,4,105240590,420964377,105240590
India,1,M2 TOTAL APPAREL IMPORTS (MFA),SME,2023,5,106283416,380541504,106283416
India,1,M2 TOTAL APPAREL IMPORTS (MFA),SME,2023,6,101916831,378704443,101916831
India,1,M2 TOTAL APPAREL IMPORTS (MFA),SME,2023,7,112186609,402348782,112186609
India,1,M2 TOTAL APPAREL IMPORTS (MFA),SME,2023,8,101407286,348573626,101407286
India,1,M2 TOTAL APPAREL IMPORTS (MFA),SME,2023,9,103676568,359848683,103676568
India,1,M2 TOTAL APPAREL IMPORTS (MFA),SME,2023,10,94793748,323255238,94793748
India,1,M2 TOTAL APPAREL IMPORTS (MFA),SME,2023,11,69288923,236111674,69288923
India,1,M2 TOTAL APPAREL IMPORTS (MFA),SME,2023,12,89671089,288209878,89671089
Indonesia,1,M2 TOTAL APPAREL IMPORTS (MFA),SME,2023,1,112424217,453257579,112424217
Indonesia,1,M2 TOTAL APPAREL IMPORTS (MFA),SME,2023,2,89882601,344739797,89882601
Indonesia,1,M2 TOTAL APPAREL IMPORTS (MFA),SME,2023,3,96664572,393264045,96664572
Indonesia,1,M2 TOTAL APPAREL IMPORTS (MFA),SME,2023,4,73710368,321754893,73710368
Indonesia,1,M2 TOTAL APPAREL IMPORTS (MFA),SME,2023,5,70871264,325977084,70871264
Indonesia,1,M2 TOTAL APPAREL IMPORTS (MFA),SME,2023,6,65409463,282127314,65409463
Indonesia,1,M2 TOTAL APPAREL IMPORTS (MFA),SME,2023,7,81861899,357457816,81861899
Indonesia,1,M2 TOTAL APPAREL IMPORTS (MFA),SME,2023,8,95730400,412265180,95730400
Indonesia,1,M2 TOTAL APPAREL IMPORTS (MFA),SME,2023,9,100857780,411234306,100857780
Indonesia,1,M2 TOTAL APPAREL IMPORTS (MFA),SME,2023,10,92055915,372110907,92055915
Indonesia,1,M2 TOTAL APPAREL IMPORTS (MFA),SME,2023,11,50849478,241461314,50849478
Indonesia,1,M2 TOTAL APPAREL IMPORTS (MFA),SME,2023,12,62975979,273945600,62975979
Iraq,1,M2 TOTAL APPAREL IMPORTS (MFA),SME,2023,6,2078,8955,2078
Iraq,1,M2 TOTAL APPAREL IMPORTS (MFA),SME,2023,7,414,1923,414
Iraq,1,M2 TOTAL APPAREL IMPORTS (MFA),SME,2023,10,914,1240,914
Ireland,1,M2 TOTAL APPAREL IMPORTS (MFA),SME,2023,1,117144,139543,117144
Ireland,1,M2 TOTAL APPAREL IMPORTS (MFA),SME,2023,2,27200,867288,27200
Ireland,1,M2 TOTAL APPAREL IMPORTS (MFA),SME,2023,3,8444,102691,8444
Ireland,1,M2 TOTAL APPAREL IMPORTS (MFA),SME,2023,4,5349,121514,5349
Ireland,1,M2 TOTAL APPAREL IMPORTS (MFA),SME,2023,5,1752,106095,1752
Ireland,1,M2 TOTAL APPAREL IMPORTS (MFA),SME,2023,6,4897,169605,4897
Ireland,1,M2 TOTAL APPAREL IMPORTS (MFA),SME,2023,7,30295,526299,30295
Ireland,1,M2 TOTAL APPAREL IMPORTS (MFA),SME,2023,8,34169,983095,34169
Ireland,1,M2 TOTAL APPAREL IMPORTS (MFA),SME,2023,9,25060,692246,25060
Ireland,1,M2 TOTAL APPAREL IMPORTS (MFA),SME,2023,10,24446,796534,24446
Ireland,1,M2 TOTAL APPAREL IMPORTS (MFA),SME,2023,11,11130,331372,11130
Ireland,1,M2 TOTAL APPAREL IMPORTS (MFA),SME,2023,12,17128,223454,17128
Israel,1,M2 TOTAL APPAREL IMPORTS (MFA),SME,2023,1,278319,4119178,278319
Israel,1,M2 TOTAL APPAREL IMPORTS (MFA),SME,2023,2,408223,4645073,408223
Israel,1,M2 TOTAL APPAREL IMPORTS (MFA),SME,2023,3,284212,4887314,284212
Israel,1,M2 TOTAL APPAREL IMPORTS (MFA),SME,2023,4,178924,3388356,178924
Israel,1,M2 TOTAL APPAREL IMPORTS (MFA),SME,2023,5,175949,4334413,175949
Israel,1,M2 TOTAL APPAREL IMPORTS (MFA),SME,2023,6,217974,3705518,217974
Israel,1,M2 TOTAL APPAREL IMPORTS (MFA),SME,2023,7,455344,3744364,455344
Israel,1,M2 TOTAL APPAREL IMPORTS (MFA),SME,2023,8,140919,3853036,140919
Israel,1,M2 TOTAL APPAREL IMPORTS (MFA),SME,2023,9,117556,2599715,117556
Israel,1,M2 TOTAL APPAREL IMPORTS (MFA),SME,2023,10,124198,2534245,124198
Israel,1,M2 TOTAL APPAREL IMPORTS (MFA),SME,2023,11,315584,3780378,315584
Israel,1,M2 TOTAL APPAREL IMPORTS (MFA),SME,2023,12,178099,2814147,178099
Italy,1,M2 TOTAL APPAREL IMPORTS (MFA),SME,2023,1,6281343,166171566,6281343
Italy,1,M2 TOTAL APPAREL IMPORTS (MFA),SME,2023,2,6023177,168421394,6023177
Italy,1,M2 TOTAL APPAREL IMPORTS (MFA),SME,2023,3,6956424,177179947,6956424
Italy,1,M2 TOTAL APPAREL IMPORTS (MFA),SME,2023,4,6276528,146777531,6276528
Italy,1,M2 TOTAL APPAREL IMPORTS (MFA),SME,2023,5,6348502,166747313,6348502
Italy,1,M2 TOTAL APPAREL IMPORTS (MFA),SME,2023,6,5784447,164299872,5784447
Italy,1,M2 TOTAL APPAREL IMPORTS (MFA),SME,2023,7,6474913,180385925,6474913
Italy,1,M2 TOTAL APPAREL IMPORTS (MFA),SME,2023,8,6342095,178966262,6342095
Italy,1,M2 TOTAL APPAREL IMPORTS (MFA),SME,2023,9,5382116,148619548,5382116
Italy,1,M2 TOTAL APPAREL IMPORTS (MFA),SME,2023,10,6931416,190611419,6931416
Italy,1,M2 TOTAL APPAREL IMPORTS (MFA),SME,2023,11,5934510,177171050,5934510
Italy,1,M2 TOTAL APPAREL IMPORTS (MFA),SME,2023,12,6529478,165915570,6529478
Jamaica,1,M2 TOTAL APPAREL IMPORTS (MFA),SME,2023,1,6,900,6
Jamaica,1,M2 TOTAL APPAREL IMPORTS (MFA),SME,2023,2,216,1555,216
Jamaica,1,M2 TOTAL APPAREL IMPORTS (MFA),SME,2023,4,678,20185,678
Jamaica,1,M2 TOTAL APPAREL IMPORTS (MFA),SME,2023,5,92,360,92
Jamaica,1,M2 TOTAL APPAREL IMPORTS (MFA),SME,2023,6,1781,11500,1781
Japan,1,M2 TOTAL APPAREL IMPORTS (MFA),SME,2023,1,303417,7086386,303417
Japan,1,M2 TOTAL APPAREL IMPORTS (MFA),SME,2023,2,342801,9200227,342801
Japan,1,M2 TOTAL APPAREL IMPORTS (MFA),SME,2023,3,444625,9594540,444625
Japan,1,M2 TOTAL APPAREL IMPORTS (MFA),SME,2023,4,250837,6798079,250837
Japan,1,M2 TOTAL APPAREL IMPORTS (MFA),SME,2023,5,238970,6107467,238970
Japan,1,M2 TOTAL APPAREL IMPORTS (MFA),SME,2023,6,284998,6817268,284998
Japan,1,M2 TOTAL APPAREL IMPORTS (MFA),SME,2023,7,427004,8529131,427004
Japan,1,M2 TOTAL APPAREL IMPORTS (MFA),SME,2023,8,392020,8609452,392020
Japan,1,M2 TOTAL APPAREL IMPORTS (MFA),SME,2023,9,353583,7844277,353583
Japan,1,M2 TOTAL APPAREL IMPORTS (MFA),SME,2023,10,336847,8004008,336847
Japan,1,M2 TOTAL APPAREL IMPORTS (MFA),SME,2023,11,341535,7087772,341535
Japan,1,M2 TOTAL APPAREL IMPORTS (MFA),SME,2023,12,224609,5690505,224609
Jordan,1,M2 TOTAL APPAREL IMPORTS (MFA),SME,2023,1,35895570,186121730,35895570
Jordan,1,M2 TOTAL APPAREL IMPORTS (MFA),SME,2023,2,26345595,123363758,26345595
Jordan,1,M2 TOTAL APPAREL IMPORTS (MFA),SME,2023,3,27963875,150184822,27963875
Jordan,1,M2 TOTAL APPAREL IMPORTS (MFA),SME,2023,4,19368699,104805625,19368699
Jordan,1,M2 TOTAL APPAREL IMPORTS (MFA),SME,2023,5,21035962,116923176,21035962
Jordan,1,M2 TOTAL APPAREL IMPORTS (MFA),SME,2023,6,17808526,126564168,17808526
Jordan,1,M2 TOTAL APPAREL IMPORTS (MFA),SME,2023,7,23270454,161989045,23270454
Jordan,1,M2 TOTAL APPAREL IMPORTS (MFA),SME,2023,8,27575542,188183865,27575542
Jordan,1,M2 TOTAL APPAREL IMPORTS (MFA),SME,2023,9,22790587,158205044,22790587
Jordan,1,M2 TOTAL APPAREL IMPORTS (MFA),SME,2023,10,19618299,133268244,19618299
Jordan,1,M2 TOTAL APPAREL IMPORTS (MFA),SME,2023,11,11623512,78304565,11623512
Jordan,1,M2 TOTAL APPAREL IMPORTS (MFA),SME,2023,12,19970575,125686322,19970575
Kazakhstan,1,M2 TOTAL APPAREL IMPORTS (MFA),SME,2023,1,355,10669,355
Kazakhstan,1,M2 TOTAL APPAREL IMPORTS (MFA),SME,2023,2,38,1680,38
Kazakhstan,1,M2 TOTAL APPAREL IMPORTS (MFA),SME,2023,4,135,10155,135
Kazakhstan,1,M2 TOTAL APPAREL IMPORTS (MFA),SME,2023,6,58,4916,58
Kazakhstan,1,M2 TOTAL APPAREL IMPORTS (MFA),SME,2023,7,38,1500,38
Kazakhstan,1,M2 TOTAL APPAREL IMPORTS (MFA),SME,2023,8,95,4120,95
Kazakhstan,1,M2 TOTAL APPAREL IMPORTS (MFA),SME,2023,9,12,1643,12
Kazakhstan,1,M2 TOTAL APPAREL IMPORTS (MFA),SME,2023,10,333,37597,333
Kazakhstan,1,M2 TOTAL APPAREL IMPORTS (MFA),SME,2023,11,1044,37793,1044
Kazakhstan,1,M2 TOTAL APPAREL IMPORTS (MFA),SME,2023,12,858,2000,858
Kenya,1,M2 TOTAL APPAREL IMPORTS (MFA),SME,2023,1,20342913,54754217,20342913
Kenya,1,M2 TOTAL APPAREL IMPORTS (MFA),SME,2023,2,9376955,32586330,9376955
Kenya,1,M2 TOTAL APPAREL IMPORTS (MFA),SME,2023,3,10513364,42205336,10513364
Kenya,1,M2 TOTAL APPAREL IMPORTS (MFA),SME,2023,4,11312915,43224193,11312915
Kenya,1,M2 TOTAL APPAREL IMPORTS (MFA),SME,2023,5,8911837,33477600,8911837
Kenya,1,M2 TOTAL APPAREL IMPORTS (MFA),SME,2023,6,8616606,39055855,8616606
Kenya,1,M2 TOTAL APPAREL IMPORTS (MFA),SME,2023,7,9340366,41562864,9340366
Kenya,1,M2 TOTAL APPAREL IMPORTS (MFA),SME,2023,8,10540294,39968384,10540294
Kenya,1,M2 TOTAL APPAREL IMPORTS (MFA),SME,2023,9,12107396,48597776,12107396
Kenya,1,M2 TOTAL APPAREL IMPORTS (MFA),SME,2023,10,7629013,32830224,7629013
Kenya,1,M2 TOTAL APPAREL IMPORTS (MFA),SME,2023,11,8443721,33145463,8443721
Kenya,1,M2 TOTAL APPAREL IMPORTS (MFA),SME,2023,12,9361092,30441933,9361092
Kosovo,1,M2 TOTAL APPAREL IMPORTS (MFA),SME,2023,1,423,38375,423
Kosovo,1,M2 TOTAL APPAREL IMPORTS (MFA),SME,2023,2,2224,74493,2224
Kosovo,1,M2 TOTAL APPAREL IMPORTS (MFA),SME,2023,3,939,98416,939
Kosovo,1,M2 TOTAL APPAREL IMPORTS (MFA),SME,2023,4,2287,75370,2287
Kosovo,1,M2 TOTAL APPAREL IMPORTS (MFA),SME,2023,5,1636,152964,1636
Kosovo,1,M2 TOTAL APPAREL IMPORTS (MFA),SME,2023,6,1031,48874,1031
Kosovo,1,M2 TOTAL APPAREL IMPORTS (MFA),SME,2023,7,2437,82166,2437
Kosovo,1,M2 TOTAL APPAREL IMPORTS (MFA),SME,2023,8,612,58417,612
Kosovo,1,M2 TOTAL APPAREL IMPORTS (MFA),SME,2023,9,1535,75639,1535
Kosovo,1,M2 TOTAL APPAREL IMPORTS (MFA),SME,2023,10,1037,77788,1037
Kosovo,1,M2 TOTAL APPAREL IMPORTS (MFA),SME,2023,11,1449,84231,1449
Kosovo,1,M2 TOTAL APPAREL IMPORTS (MFA),SME,2023,12,718,57426,718
Kuwait,1,M2 TOTAL APPAREL IMPORTS (MFA),SME,2023,1,38,921,38
Kuwait,1,M2 TOTAL APPAREL IMPORTS (MFA),SME,2023,2,186,3917,186
Kuwait,1,M2 TOTAL APPAREL IMPORTS (MFA),SME,2023,3,1944,2100,1944
Kuwait,1,M2 TOTAL APPAREL IMPORTS (MFA),SME,2023,4,42,2704,42
Kuwait,1,M2 TOTAL APPAREL IMPORTS (MFA),SME,2023,5,595,903,595
Kuwait,1,M2 TOTAL APPAREL IMPORTS (MFA),SME,2023,6,72,844,72
Kuwait,1,M2 TOTAL APPAREL IMPORTS (MFA),SME,2023,7,1634,8219,1634
Kuwait,1,M2 TOTAL APPAREL IMPORTS (MFA),SME,2023,8,552,4324,552
Kuwait,1,M2 TOTAL APPAREL IMPORTS (MFA),SME,2023,9,45,789,45
Kuwait,1,M2 TOTAL APPAREL IMPORTS (MFA),SME,2023,10,47,1857,47
Kuwait,1,M2 TOTAL APPAREL IMPORTS (MFA),SME,2023,11,2638,1293,2638
Kuwait,1,M2 TOTAL APPAREL IMPORTS (MFA),SME,2023,12,276,11559,276
Kyrgyzstan,1,M2 TOTAL APPAREL IMPORTS (MFA),SME,2023,1,481,2604,481
Kyrgyzstan,1,M2 TOTAL APPAREL IMPORTS (MFA),SME,2023,3,474,7563,474
Kyrgyzstan,1,M2 TOTAL APPAREL IMPORTS (MFA),SME,2023,4,418,8718,418
Kyrgyzstan,1,M2 TOTAL APPAREL IMPORTS (MFA),SME,2023,5,3433,5896,3433
Kyrgyzstan,1,M2 TOTAL APPAREL IMPORTS (MFA),SME,2023,7,418,6095,418
Kyrgyzstan,1,M2 TOTAL APPAREL IMPORTS (MFA),SME,2023,8,225,3313,225
Kyrgyzstan,1,M2 TOTAL APPAREL IMPORTS (MFA),SME,2023,9,1761,15309,1761
Kyrgyzstan,1,M2 TOTAL APPAREL IMPORTS (MFA),SME,2023,10,104,2741,104
Kyrgyzstan,1,M2 TOTAL APPAREL IMPORTS (MFA),SME,2023,11,2037,7461,2037
Kyrgyzstan,1,M2 TOTAL APPAREL IMPORTS (MFA),SME,2023,12,56,1400,56
Laos,1,M2 TOTAL APPAREL IMPORTS (MFA),SME,2023,1,4057878,9494227,4057878
Laos,1,M2 TOTAL APPAREL IMPORTS (MFA),SME,2023,2,795619,2531089,795619
Laos,1,M2 TOTAL APPAREL IMPORTS (MFA),SME,2023,3,1115850,3161314,1115850
Laos,1,M2 TOTAL APPAREL IMPORTS (MFA),SME,2023,4,1479071,3292201,1479071
Laos,1,M2 TOTAL APPAREL IMPORTS (MFA),SME,2023,5,504430,1543406,504430
Laos,1,M2 TOTAL APPAREL IMPORTS (MFA),SME,2023,6,1699600,5187323,1699600
Laos,1,M2 TOTAL APPAREL IMPORTS (MFA),SME,2023,7,1289099,3877707,1289099
Laos,1,M2 TOTAL APPAREL IMPORTS (MFA),SME,2023,8,599678,1771933,599678
Laos,1,M2 TOTAL APPAREL IMPORTS (MFA),SME,2023,9,943596,2606976,943596
Laos,1,M2 TOTAL APPAREL IMPORTS (MFA),SME,2023,10,696979,2995577,696979
Laos,1,M2 TOTAL APPAREL IMPORTS (MFA),SME,2023,11,303703,882633,303703
Laos,1,M2 TOTAL APPAREL IMPORTS (MFA),SME,2023,12,1879384,4513278,1879384
Latvia,1,M2 TOTAL APPAREL IMPORTS (MFA),SME,2023,1,21812,114623,21812
Latvia,1,M2 TOTAL APPAREL IMPORTS (MFA),SME,2023,2,49410,249010,49410
Latvia,1,M2 TOTAL APPAREL IMPORTS (MFA),SME,2023,3,12488,242653,12488
Latvia,1,M2 TOTAL APPAREL IMPORTS (MFA),SME,2023,4,4593,120234,4593
Latvia,1,M2 TOTAL APPAREL IMPORTS (MFA),SME,2023,5,38214,536362,38214
Latvia,1,M2 TOTAL APPAREL IMPORTS (MFA),SME,2023,6,10501,166993,10501
Latvia,1,M2 TOTAL APPAREL IMPORTS (MFA),SME,2023,7,23806,293786,23806
Latvia,1,M2 TOTAL APPAREL IMPORTS (MFA),SME,2023,8,36180,357862,36180
Latvia,1,M2 TOTAL APPAREL IMPORTS (MFA),SME,2023,9,8935,203466,8935
Latvia,1,M2 TOTAL APPAREL IMPORTS (MFA),SME,2023,10,17846,262653,17846
Latvia,1,M2 TOTAL APPAREL IMPORTS (MFA),SME,2023,11,4353,146587,4353
Latvia,1,M2 TOTAL APPAREL IMPORTS (MFA),SME,2023,12,43532,541900,43532
Lebanon,1,M2 TOTAL APPAREL IMPORTS (MFA),SME,2023,1,62322,874201,62322
Lebanon,1,M2 TOTAL APPAREL IMPORTS (MFA),SME,2023,2,71044,719913,71044
Lebanon,1,M2 TOTAL APPAREL IMPORTS (MFA),SME,2023,3,59820,1015127,59820
Lebanon,1,M2 TOTAL APPAREL IMPORTS (MFA),SME,2023,4,124614,1173483,124614
Lebanon,1,M2 TOTAL APPAREL IMPORTS (MFA),SME,2023,5,31503,677647,31503
Lebanon,1,M2 TOTAL APPAREL IMPORTS (MFA),SME,2023,6,43941,645070,43941
Lebanon,1,M2 TOTAL APPAREL IMPORTS (MFA),SME,2023,7,36758,806404,36758
Lebanon,1,M2 TOTAL APPAREL IMPORTS (MFA),SME,2023,8,68527,957610,68527
Lebanon,1,M2 TOTAL APPAREL IMPORTS (MFA),SME,2023,9,92964,1103758,92964
Lebanon,1,M2 TOTAL APPAREL IMPORTS (MFA),SME,2023,10,64807,1029513,64807
Lebanon,1,M2 TOTAL APPAREL IMPORTS (MFA),SME,2023,11,44921,611548,44921
Lebanon,1,M2 TOTAL APPAREL IMPORTS (MFA),SME,2023,12,45349,776813,45349
Lesotho,1,M2 TOTAL APPAREL IMPORTS (MFA),SME,2023,1,2027269,9606373,2027269
Lesotho,1,M2 TOTAL APPAREL IMPORTS (MFA),SME,2023,2,2728864,10515440,2728864
Lesotho,1,M2 TOTAL APPAREL IMPORTS (MFA),SME,2023,3,2655133,11624015,2655133
Lesotho,1,M2 TOTAL APPAREL IMPORTS (MFA),SME,2023,4,5362703,25813031,5362703
Lesotho,1,M2 TOTAL APPAREL IMPORTS (MFA),SME,2023,5,2550614,12499681,2550614
Lesotho,1,M2 TOTAL APPAREL IMPORTS (MFA),SME,2023,6,3600509,18511386,3600509
Lesotho,1,M2 TOTAL APPAREL IMPORTS (MFA),SME,2023,7,2312919,11552785,2312919
Lesotho,1,M2 TOTAL APPAREL IMPORTS (MFA),SME,2023,8,3831045,20430191,3831045
Lesotho,1,M2 TOTAL APPAREL IMPORTS (MFA),SME,2023,9,3755237,19378730,3755237
Lesotho,1,M2 TOTAL APPAREL IMPORTS (MFA),SME,2023,10,2044912,10558972,2044912
Lesotho,1,M2 TOTAL APPAREL IMPORTS (MFA),SME,2023,11,1873124,9860072,1873124
Lesotho,1,M2 TOTAL APPAREL IMPORTS (MFA),SME,2023,12,1739409,7831999,1739409
Liberia,1,M2 TOTAL APPAREL IMPORTS (MFA),SME,2023,1,2395,5079,2395
Liberia,1,M2 TOTAL APPAREL IMPORTS (MFA),SME,2023,3,4939,8721,4939
Liberia,1,M2 TOTAL APPAREL IMPORTS (MFA),SME,2023,4,238,263,238
Liberia,1,M2 TOTAL APPAREL IMPORTS (MFA),SME,2023,7,497,1640,497
Liberia,1,M2 TOTAL APPAREL IMPORTS (MFA),SME,2023,8,1120,1826,1120
Liberia,1,M2 TOTAL APPAREL IMPORTS (MFA),SME,2023,10,8,500,8
Liberia,1,M2 TOTAL APPAREL IMPORTS (MFA),SME,2023,11,1592,1300,1592
Lithuania,1,M2 TOTAL APPAREL IMPORTS (MFA),SME,2023,1,87452,1220959,87452
Lithuania,1,M2 TOTAL APPAREL IMPORTS (MFA),SME,2023,2,58357,1229357,58357
Lithuania,1,M2 TOTAL APPAREL IMPORTS (MFA),SME,2023,3,67154,1370239,67154
Lithuania,1,M2 TOTAL APPAREL IMPORTS (MFA),SME,2023,4,65818,1361333,65818
Lithuania,1,M2 TOTAL APPAREL IMPORTS (MFA),SME,2023,5,66821,1203083,66821
Lithuania,1,M2 TOTAL APPAREL IMPORTS (MFA),SME,2023,6,73550,1315550,73550
Lithuania,1,M2 TOTAL APPAREL IMPORTS (MFA),SME,2023,7,65010,1675859,65010
Lithuania,1,M2 TOTAL APPAREL IMPORTS (MFA),SME,2023,8,50100,1427689,50100
Lithuania,1,M2 TOTAL APPAREL IMPORTS (MFA),SME,2023,9,47861,995910,47861
Lithuania,1,M2 TOTAL APPAREL IMPORTS (MFA),SME,2023,10,43178,1087631,43178
Lithuania,1,M2 TOTAL APPAREL IMPORTS (MFA),SME,2023,11,27389,699565,27389
Lithuania,1,M2 TOTAL APPAREL IMPORTS (MFA),SME,2023,12,35028,888554,35028
Luxembourg,1,M2 TOTAL APPAREL IMPORTS (MFA),SME,2023,2,64,1489,64
Luxembourg,1,M2 TOTAL APPAREL IMPORTS (MFA),SME,2023,3,12,910,12
Luxembourg,1,M2 TOTAL APPAREL IMPORTS (MFA),SME,2023,6,38,1507,38
Luxembourg,1,M2 TOTAL APPAREL IMPORTS (MFA),SME,2023,7,47,2044,47
Luxembourg,1,M2 TOTAL APPAREL IMPORTS (MFA),SME,2023,8,51,8129,51
Luxembourg,1,M2 TOTAL APPAREL IMPORTS (MFA),SME,2023,9,230,815,230
Luxembourg,1,M2 TOTAL APPAREL IMPORTS (MFA),SME,2023,10,1611,22632,1611
Luxembourg,1,M2 TOTAL APPAREL IMPORTS (MFA),SME,2023,11,398,4242,398
Luxembourg,1,M2 TOTAL APPAREL IMPORTS (MFA),SME,2023,12,12,847,12
Macau,1,M2 TOTAL APPAREL IMPORTS (MFA),SME,2023,1,1135096,6413817,1135096
Macau,1,M2 TOTAL APPAREL IMPORTS (MFA),SME,2023,2,645825,3778624,645825
Macau,1,M2 TOTAL APPAREL IMPORTS (MFA),SME,2023,3,546629,3192977,546629
Macau,1,M2 TOTAL APPAREL IMPORTS (MFA),SME,2023,4,885731,5201819,885731
Macau,1,M2 TOTAL APPAREL IMPORTS (MFA),SME,2023,5,1145525,6434031,1145525
Macau,1,M2 TOTAL APPAREL IMPORTS (MFA),SME,2023,6,1721036,11235544,1721036
Macau,1,M2 TOTAL APPAREL IMPORTS (MFA),SME,2023,7,1097343,7809707,1097343
Macau,1,M2 TOTAL APPAREL IMPORTS (MFA),SME,2023,8,1382948,9493062,1382948
Macau,1,M2 TOTAL APPAREL IMPORTS (MFA),SME,2023,9,1005146,7896300,1005146
Macau,1,M2 TOTAL APPAREL IMPORTS (MFA),SME,2023,10,1140224,7758703,1140224
Macau,1,M2 TOTAL APPAREL IMPORTS (MFA),SME,2023,11,1093408,7685721,1093408
Macau,1,M2 TOTAL APPAREL IMPORTS (MFA),SME,2023,12,639084,5041791,639084
Madagascar,1,M2 TOTAL APPAREL IMPORTS (MFA),SME,2023,1,7265502,32501550,7265502
Madagascar,1,M2 TOTAL APPAREL IMPORTS (MFA),SME,2023,2,6724060,25392899,6724060
Madagascar,1,M2 TOTAL APPAREL IMPORTS (MFA),SME,2023,3,7347900,31944836,7347900
Madagascar,1,M2 TOTAL APPAREL IMPORTS (MFA),SME,2023,4,7981652,32771781,7981652
Madagascar,1,M2 TOTAL APPAREL IMPORTS (MFA),SME,2023,5,8687231,34510958,8687231
Madagascar,1,M2 TOTAL APPAREL IMPORTS (MFA),SME,2023,6,5033474,23428291,5033474
Madagascar,1,M2 TOTAL APPAREL IMPORTS (MFA),SME,2023,7,6095868,26097501,6095868
Madagascar,1,M2 TOTAL APPAREL IMPORTS (MFA),SME,2023,8,5364070,26989556,5364070
Madagascar,1,M2 TOTAL APPAREL IMPORTS (MFA),SME,2023,9,8125566,39295924,8125566
Madagascar,1,M2 TOTAL APPAREL IMPORTS (MFA),SME,2023,10,6197533,28350539,6197533
Madagascar,1,M2 TOTAL APPAREL IMPORTS (MFA),SME,2023,11,4586797,21518711,4586797
Madagascar,1,M2 TOTAL APPAREL IMPORTS (MFA),SME,2023,12,4425169,20466174,4425169
Malaysia,1,M2 TOTAL APPAREL IMPORTS (MFA),SME,2023,1,2477578,13337998,2477578
Malaysia,1,M2 TOTAL APPAREL IMPORTS (MFA),SME,2023,2,1669300,9799552,1669300
Malaysia,1,M2 TOTAL APPAREL IMPORTS (MFA),SME,2023,3,1955510,12536664,1955510
Malaysia,1,M2 TOTAL APPAREL IMPORTS (MFA),SME,2023,4,1708391,10820817,1708391
Malaysia,1,M2 TOTAL APPAREL IMPORTS (MFA),SME,2023,5,2409161,14474503,2409161
Malaysia,1,M2 TOTAL APPAREL IMPORTS (MFA),SME,2023,6,3733450,24720239,3733450
Malaysia,1,M2 TOTAL APPAREL IMPORTS (MFA),SME,2023,7,3142103,17788011,3142103
Malaysia,1,M2 TOTAL APPAREL IMPORTS (MFA),SME,2023,8,2481376,15332415,2481376
Malaysia,1,M2 TOTAL APPAREL IMPORTS (MFA),SME,2023,9,1751874,14436866,1751874
Malaysia,1,M2 TOTAL APPAREL IMPORTS (MFA),SME,2023,10,1441163,8672810,1441163
Malaysia,1,M2 TOTAL APPAREL IMPORTS (MFA),SME,2023,11,2842188,13197904,2842188
Malaysia,1,M2 TOTAL APPAREL IMPORTS (MFA),SME,2023,12,2272299,9936179,2272299
Maldive Islands,1,M2 TOTAL APPAREL IMPORTS (MFA),SME,2023,12,14,928,14
Mali,1,M2 TOTAL APPAREL IMPORTS (MFA),SME,2023,1,310,2064,310
Mali,1,M2 TOTAL APPAREL IMPORTS (MFA),SME,2023,2,216,1380,216
Mali,1,M2 TOTAL APPAREL IMPORTS (MFA),SME,2023,3,210,1020,210
Mali,1,M2 TOTAL APPAREL IMPORTS (MFA),SME,2023,4,1243,2684,1243
Mali,1,M2 TOTAL APPAREL IMPORTS (MFA),SME,2023,5,1278,4197,1278
Mali,1,M2 TOTAL APPAREL IMPORTS (MFA),SME,2023,6,5625,8378,5625
Mali,1,M2 TOTAL APPAREL IMPORTS (MFA),SME,2023,7,1172,1783,1172
Mali,1,M2 TOTAL APPAREL IMPORTS (MFA),SME,2023,9,12138,9425,12138
Mali,1,M2 TOTAL APPAREL IMPORTS (MFA),SME,2023,12,45,1075,45
Malta,1,M2 TOTAL APPAREL IMPORTS (MFA),SME,2023,1,20760,130328,20760
Malta,1,M2 TOTAL APPAREL IMPORTS (MFA),SME,2023,2,562,4165,562
Malta,1,M2 TOTAL APPAREL IMPORTS (MFA),SME,2023,3,2363,25287,2363
Malta,1,M2 TOTAL APPAREL IMPORTS (MFA),SME,2023,4,3442,35435,3442
Malta,1,M2 TOTAL APPAREL IMPORTS (MFA),SME,2023,5,24538,62357,24538
Malta,1,M2 TOTAL APPAREL IMPORTS (MFA),SME,2023,6,13503,37694,13503
Malta,1,M2 TOTAL APPAREL IMPORTS (MFA),SME,2023,7,5458,45220,5458
Malta,1,M2 TOTAL APPAREL IMPORTS (MFA),SME,2023,8,11296,60030,11296
Malta,1,M2 TOTAL APPAREL IMPORTS (MFA),SME,2023,9,4189,33737,4189
Malta,1,M2 TOTAL APPAREL IMPORTS (MFA),SME,2023,10,7186,54443,7186
Malta,1,M2 TOTAL APPAREL IMPORTS (MFA),SME,2023,11,11333,80078,11333
Malta,1,M2 TOTAL APPAREL IMPORTS (MFA),SME,2023,12,4780,32695,4780
Marshall islands,1,M2 TOTAL APPAREL IMPORTS (MFA),SME,2023,9,152,955,152
Mauritania,1,M2 TOTAL APPAREL IMPORTS (MFA),SME,2023,2,110,1945,110
Mauritania,1,M2 TOTAL APPAREL IMPORTS (MFA),SME,2023,4,282,2931,282
Mauritania,1,M2 TOTAL APPAREL IMPORTS (MFA),SME,2023,7,15,1114,15
Mauritania,1,M2 TOTAL APPAREL IMPORTS (MFA),SME,2023,8,1213,78959,1213
Mauritania,1,M2 TOTAL APPAREL IMPORTS (MFA),SME,2023,10,305,6449,305
Mauritania,1,M2 TOTAL APPAREL IMPORTS (MFA),SME,2023,12,323,43372,323
Mauritius,1,M2 TOTAL APPAREL IMPORTS (MFA),SME,2023,1,593251,7162465,593251
Mauritius,1,M2 TOTAL APPAREL IMPORTS (MFA),SME,2023,2,425367,5483654,425367
Mauritius,1,M2 TOTAL APPAREL IMPORTS (MFA),SME,2023,3,501459,5535977,501459
Mauritius,1,M2 TOTAL APPAREL IMPORTS (MFA),SME,2023,4,491498,4388519,491498
Mauritius,1,M2 TOTAL APPAREL IMPORTS (MFA),SME,2023,5,373375,3938674,373375
Mauritius,1,M2 TOTAL APPAREL IMPORTS (MFA),SME,2023,6,335553,3387704,335553
Mauritius,1,M2 TOTAL APPAREL IMPORTS (MFA),SME,2023,7,380487,4434549,380487
Mauritius,1,M2 TOTAL APPAREL IMPORTS (MFA),SME,2023,8,499896,6034469,499896
Mauritius,1,M2 TOTAL APPAREL IMPORTS (MFA),SME,2023,9,508558,5599548,508558
Mauritius,1,M2 TOTAL APPAREL IMPORTS (MFA),SME,2023,10,542996,4650987,542996
Mauritius,1,M2 TOTAL APPAREL IMPORTS (MFA),SME,2023,11,215868,2109294,215868
Mauritius,1,M2 TOTAL APPAREL IMPORTS (MFA),SME,2023,12,305100,3125614,305100
Mexico,1,M2 TOTAL APPAREL IMPORTS (MFA),SME,2023,1,54746511,224488949,54746511
Mexico,1,M2 TOTAL APPAREL IMPORTS (MFA),SME,2023,2,60514884,234560891,60514884
Mexico,1,M2 TOTAL APPAREL IMPORTS (MFA),SME,2023,3,71508378,264453430,71508378
Mexico,1,M2 TOTAL APPAREL IMPORTS (MFA),SME,2023,4,59990832,223494785,59990832
Mexico,1,M2 TOTAL APPAREL IMPORTS (MFA),SME,2023,5,66969391,255275640,66969391
Mexico,1,M2 TOTAL APPAREL IMPORTS (MFA),SME,2023,6,64154016,247927987,64154016
Mexico,1,M2 TOTAL APPAREL IMPORTS (MFA),SME,2023,7,54061722,244868728,54061722
Mexico,1,M2 TOTAL APPAREL IMPORTS (MFA),SME,2023,8,56221688,256061889,56221688
Mexico,1,M2 TOTAL APPAREL IMPORTS (MFA),SME,2023,9,48365950,223204224,48365950
Mexico,1,M2 TOTAL APPAREL IMPORTS (MFA),SME,2023,10,50917569,243595869,50917569
Mexico,1,M2 TOTAL APPAREL IMPORTS (MFA),SME,2023,11,45235697,206857158,45235697
Mexico,1,M2 TOTAL APPAREL IMPORTS (MFA),SME,2023,12,39657580,187197438,39657580
Moldova,1,M2 TOTAL APPAREL IMPORTS (MFA),SME,2023,1,92099,1042421,92099
Moldova,1,M2 TOTAL APPAREL IMPORTS (MFA),SME,2023,2,92068,905030,92068
Moldova,1,M2 TOTAL APPAREL IMPORTS (MFA),SME,2023,3,32570,622499,32570
Moldova,1,M2 TOTAL APPAREL IMPORTS (MFA),SME,2023,4,48318,820807,48318
Moldova,1,M2 TOTAL APPAREL IMPORTS (MFA),SME,2023,5,90472,1398022,90472
Moldova,1,M2 TOTAL APPAREL IMPORTS (MFA),SME,2023,6,86319,1455800,86319
Moldova,1,M2 TOTAL APPAREL IMPORTS (MFA),SME,2023,7,127462,1965660,127462
Moldova,1,M2 TOTAL APPAREL IMPORTS (MFA),SME,2023,8,129797,2028510,129797
Moldova,1,M2 TOTAL APPAREL IMPORTS (MFA),SME,2023,9,49784,1093350,49784
Moldova,1,M2 TOTAL APPAREL IMPORTS (MFA),SME,2023,10,132732,1973510,132732
Moldova,1,M2 TOTAL APPAREL IMPORTS (MFA),SME,2023,11,49197,1166218,49197
Moldova,1,M2 TOTAL APPAREL IMPORTS (MFA),SME,2023,12,53143,1068381,53143
Mongolia,1,M2 TOTAL APPAREL IMPORTS (MFA),SME,2023,1,10482,610472,10482
Mongolia,1,M2 TOTAL APPAREL IMPORTS (MFA),SME,2023,2,2147,87728,2147
Mongolia,1,M2 TOTAL APPAREL IMPORTS (MFA),SME,2023,3,5880,245553,5880
Mongolia,1,M2 TOTAL APPAREL IMPORTS (MFA),SME,2023,4,3274,140902,3274
Mongolia,1,M2 TOTAL APPAREL IMPORTS (MFA),SME,2023,5,4463,260081,4463
Mongolia,1,M2 TOTAL APPAREL IMPORTS (MFA),SME,2023,6,4818,211047,4818
Mongolia,1,M2 TOTAL APPAREL IMPORTS (MFA),SME,2023,7,5962,335367,5962
Mongolia,1,M2 TOTAL APPAREL IMPORTS (MFA),SME,2023,8,8250,368214,8250
Mongolia,1,M2 TOTAL APPAREL IMPORTS (MFA),SME,2023,9,6750,362514,6750
Mongolia,1,M2 TOTAL APPAREL IMPORTS (MFA),SME,2023,10,27953,1278113,27953
Mongolia,1,M2 TOTAL APPAREL IMPORTS (MFA),SME,2023,11,12480,794065,12480
Mongolia,1,M2 TOTAL APPAREL IMPORTS (MFA),SME,2023,12,4155,343668,4155
Montenegro,1,M2 TOTAL APPAREL IMPORTS (MFA),SME,2023,3,49,866,49
Montserrat,1,M2 TOTAL APPAREL IMPORTS (MFA),SME,2023,7,38,887,38
Morocco,1,M2 TOTAL APPAREL IMPORTS (MFA),SME,2023,1,2032090,13041838,2032090
Morocco,1,M2 TOTAL APPAREL IMPORTS (MFA),SME,2023,2,2662009,20019943,2662009
Morocco,1,M2 TOTAL APPAREL IMPORTS (MFA),SME,2023,3,4291453,28286727,4291453
Morocco,1,M2 TOTAL APPAREL IMPORTS (MFA),SME,2023,4,4113478,27768867,4113478
Morocco,1,M2 TOTAL APPAREL IMPORTS (MFA),SME,2023,5,3738710,24071739,3738710
Morocco,1,M2 TOTAL APPAREL IMPORTS (MFA),SME,2023,6,3238534,20730977,3238534
Morocco,1,M2 TOTAL APPAREL IMPORTS (MFA),SME,2023,7,2890344,21064889,2890344
Morocco,1,M2 TOTAL APPAREL IMPORTS (MFA),SME,2023,8,3367328,21691764,3367328
Morocco,1,M2 TOTAL APPAREL IMPORTS (MFA),SME,2023,9,2910745,20547981,2910745
Morocco,1,M2 TOTAL APPAREL IMPORTS (MFA),SME,2023,10,2841758,19977097,2841758
Morocco,1,M2 TOTAL APPAREL IMPORTS (MFA),SME,2023,11,2741156,20065311,2741156
Morocco,1,M2 TOTAL APPAREL IMPORTS (MFA),SME,2023,12,2545046,18060936,2545046
Mozambique,1,M2 TOTAL APPAREL IMPORTS (MFA),SME,2023,7,9,256,9
Namibia,1,M2 TOTAL APPAREL IMPORTS (MFA),SME,2023,5,14,713,14
Namibia,1,M2 TOTAL APPAREL IMPORTS (MFA),SME,2023,6,30,758,30
Namibia,1,M2 TOTAL APPAREL IMPORTS (MFA),SME,2023,7,76,4085,76
Namibia,1,M2 TOTAL APPAREL IMPORTS (MFA),SME,2023,9,171522,627645,171522
Namibia,1,M2 TOTAL APPAREL IMPORTS (MFA),SME,2023,10,1008,24552,1008
Nauru,1,M2 TOTAL APPAREL IMPORTS (MFA),SME,2023,1,486,33223,486
Nauru,1,M2 TOTAL APPAREL IMPORTS (MFA),SME,2023,6,15,1466,15
Nauru,1,M2 TOTAL APPAREL IMPORTS (MFA),SME,2023,7,493,17095,493
Nepal,1,M2 TOTAL APPAREL IMPORTS (MFA),SME,2023,1,234656,812313,234656
Nepal,1,M2 TOTAL APPAREL IMPORTS (MFA),SME,2023,2,112404,534552,112404
Nepal,1,M2 TOTAL APPAREL IMPORTS (MFA),SME,2023,3,111477,429781,111477
Nepal,1,M2 TOTAL APPAREL IMPORTS (MFA),SME,2023,4,185994,752359,185994
Nepal,1,M2 TOTAL APPAREL IMPORTS (MFA),SME,2023,5,194743,876846,194743
Nepal,1,M2 TOTAL APPAREL IMPORTS (MFA),SME,2023,6,235378,1079131,235378
Nepal,1,M2 TOTAL APPAREL IMPORTS (MFA),SME,2023,7,161645,888409,161645
Nepal,1,M2 TOTAL APPAREL IMPORTS (MFA),SME,2023,8,337464,1678061,337464
Nepal,1,M2 TOTAL APPAREL IMPORTS (MFA),SME,2023,9,145762,1188348,145762
Nepal,1,M2 TOTAL APPAREL IMPORTS (MFA),SME,2023,10,273837,1474247,273837
Nepal,1,M2 TOTAL APPAREL IMPORTS (MFA),SME,2023,11,111005,843813,111005
Nepal,1,M2 TOTAL APPAREL IMPORTS (MFA),SME,2023,12,172466,769749,172466
Netherlands,1,M2 TOTAL APPAREL IMPORTS (MFA),SME,2023,1,8983,213706,8983
Netherlands,1,M2 TOTAL APPAREL IMPORTS (MFA),SME,2023,2,12627,234465,12627
Netherlands,1,M2 TOTAL APPAREL IMPORTS (MFA),SME,2023,3,15437,177483,15437
Netherlands,1,M2 TOTAL APPAREL IMPORTS (MFA),SME,2023,4,1726695,4414665,1726695
Netherlands,1,M2 TOTAL APPAREL IMPORTS (MFA),SME,2023,5,99305,325444,99305
Netherlands,1,M2 TOTAL APPAREL IMPORTS (MFA),SME,2023,6,74609,365377,74609
Netherlands,1,M2 TOTAL APPAREL IMPORTS (MFA),SME,2023,7,47202,388945,47202
Netherlands,1,M2 TOTAL APPAREL IMPORTS (MFA),SME,2023,8,10341,216894,10341
Netherlands,1,M2 TOTAL APPAREL IMPORTS (MFA),SME,2023,9,15522,277899,15522
Netherlands,1,M2 TOTAL APPAREL IMPORTS (MFA),SME,2023,10,52701,1253898,52701
Netherlands,1,M2 TOTAL APPAREL IMPORTS (MFA),SME,2023,11,20884,485098,20884
Netherlands,1,M2 TOTAL APPAREL IMPORTS (MFA),SME,2023,12,27770,380644,27770
New Caledonia,1,M2 TOTAL APPAREL IMPORTS (MFA),SME,2023,9,187,667,187
New Zealand,1,M2 TOTAL APPAREL IMPORTS (MFA),SME,2023,1,5706,56209,5706
New Zealand,1,M2 TOTAL APPAREL IMPORTS (MFA),SME,2023,2,17314,230972,17314
New Zealand,1,M2 TOTAL APPAREL IMPORTS (MFA),SME,2023,3,15207,68308,15207
New Zealand,1,M2 TOTAL APPAREL IMPORTS (MFA),SME,2023,4,14644,421363,14644
New Zealand,1,M2 TOTAL APPAREL IMPORTS (MFA),SME,2023,5,5403,51818,5403
New Zealand,1,M2 TOTAL APPAREL IMPORTS (MFA),SME,2023,6,9192,112912,9192
New Zealand,1,M2 TOTAL APPAREL IMPORTS (MFA),SME,2023,7,8818,184757,8818
New Zealand,1,M2 TOTAL APPAREL IMPORTS (MFA),SME,2023,8,25359,258728,25359
New Zealand,1,M2 TOTAL APPAREL IMPORTS (MFA),SME,2023,9,4643,78478,4643
New Zealand,1,M2 TOTAL APPAREL IMPORTS (MFA),SME,2023,10,13745,116866,13745
New Zealand,1,M2 TOTAL APPAREL IMPORTS (MFA),SME,2023,11,4711,72232,4711
New Zealand,1,M2 TOTAL APPAREL IMPORTS (MFA),SME,2023,12,9191,60242,9191
Nicaragua,1,M2 TOTAL APPAREL IMPORTS (MFA),SME,2023,1,49664233,186019382,49664233
Nicaragua,1,M2 TOTAL APPAREL IMPORTS (MFA),SME,2023,2,46325903,148785772,46325903
Nicaragua,1,M2 TOTAL APPAREL IMPORTS (MFA),SME,2023,3,57218785,179980727,57218785
Nicaragua,1,M2 TOTAL APPAREL IMPORTS (MFA),SME,2023,4,41757603,141985240,41757603
Nicaragua,1,M2 TOTAL APPAREL IMPORTS (MFA),SME,2023,5,45125345,151797727,45125345
Nicaragua,1,M2 TOTAL APPAREL IMPORTS (MFA),SME,2023,6,51564451,158197401,51564451
Nicaragua,1,M2 TOTAL APPAREL IMPORTS (MFA),SME,2023,7,51572886,187824524,51572886
Nicaragua,1,M2 TOTAL APPAREL IMPORTS (MFA),SME,2023,8,51841167,174023617,51841167
Nicaragua,1,M2 TOTAL APPAREL IMPORTS (MFA),SME,2023,9,51735852,176968249,51735852
Nicaragua,1,M2 TOTAL APPAREL IMPORTS (MFA),SME,2023,10,52871629,172782724,52871629
Nicaragua,1,M2 TOTAL APPAREL IMPORTS (MFA),SME,2023,11,43626446,137510629,43626446
Nicaragua,1,M2 TOTAL APPAREL IMPORTS (MFA),SME,2023,12,40401681,135690863,40401681
Niger,1,M2 TOTAL APPAREL IMPORTS (MFA),SME,2023,8,56,1277,56
Nigeria,1,M2 TOTAL APPAREL IMPORTS (MFA),SME,2023,1,7235,14872,7235
Nigeria,1,M2 TOTAL APPAREL IMPORTS (MFA),SME,2023,2,7766,15576,7766
Nigeria,1,M2 TOTAL APPAREL IMPORTS (MFA),SME,2023,3,13431,41184,13431
Nigeria,1,M2 TOTAL APPAREL IMPORTS (MFA),SME,2023,4,7370,45060,7370
Nigeria,1,M2 TOTAL APPAREL IMPORTS (MFA),SME,2023,5,21615,161340,21615
Nigeria,1,M2 TOTAL APPAREL IMPORTS (MFA),SME,2023,6,8823,73121,8823
Nigeria,1,M2 TOTAL APPAREL IMPORTS (MFA),SME,2023,7,19976,57415,19976
Nigeria,1,M2 TOTAL APPAREL IMPORTS (MFA),SME,2023,8,21823,70103,21823
Nigeria,1,M2 TOTAL APPAREL IMPORTS (MFA),SME,2023,9,16245,48760,16245
Nigeria,1,M2 TOTAL APPAREL IMPORTS (MFA),SME,2023,10,22898,36595,22898
Nigeria,1,M2 TOTAL APPAREL IMPORTS (MFA),SME,2023,11,13447,32189,13447
Nigeria,1,M2 TOTAL APPAREL IMPORTS (MFA),SME,2023,12,12621,97046,12621
Niue,1,M2 TOTAL APPAREL IMPORTS (MFA),SME,2023,1,15,1820,15
North Macedonia,1,M2 TOTAL APPAREL IMPORTS (MFA),SME,2023,1,22064,293856,22064
North Macedonia,1,M2 TOTAL APPAREL IMPORTS (MFA),SME,2023,2,28942,232585,28942
North Macedonia,1,M2 TOTAL APPAREL IMPORTS (MFA),SME,2023,3,25342,262713,25342
North Macedonia,1,M2 TOTAL APPAREL IMPORTS (MFA),SME,2023,4,9427,229427,9427
North Macedonia,1,M2 TOTAL APPAREL IMPORTS (MFA),SME,2023,5,11495,189812,11495
North Macedonia,1,M2 TOTAL APPAREL IMPORTS (MFA),SME,2023,6,108919,244124,108919
North Macedonia,1,M2 TOTAL APPAREL IMPORTS (MFA),SME,2023,7,9008,203511,9008
North Macedonia,1,M2 TOTAL APPAREL IMPORTS (MFA),SME,2023,8,24247,544074,24247
North Macedonia,1,M2 TOTAL APPAREL IMPORTS (MFA),SME,2023,9,12076,336399,12076
North Macedonia,1,M2 TOTAL APPAREL IMPORTS (MFA),SME,2023,10,24340,319196,24340
North Macedonia,1,M2 TOTAL APPAREL IMPORTS (MFA),SME,2023,11,7668,109353,7668
North Macedonia,1,M2 TOTAL APPAREL IMPORTS (MFA),SME,2023,12,20009,439133,20009
Norway,1,M2 TOTAL APPAREL IMPORTS (MFA),SME,2023,1,6682,61371,6682
Norway,1,M2 TOTAL APPAREL IMPORTS (MFA),SME,2023,2,11981,108051,11981
Norway,1,M2 TOTAL APPAREL IMPORTS (MFA),SME,2023,3,1143,48216,1143
Norway,1,M2 TOTAL APPAREL IMPORTS (MFA),SME,2023,4,3086,42565,3086
Norway,1,M2 TOTAL APPAREL IMPORTS (MFA),SME,2023,5,5834,57019,5834
Norway,1,M2 TOTAL APPAREL IMPORTS (MFA),SME,2023,6,1746,24436,1746
Norway,1,M2 TOTAL APPAREL IMPORTS (MFA),SME,2023,7,3562,59314,3562
Norway,1,M2 TOTAL APPAREL IMPORTS (MFA),SME,2023,8,55905,616222,55905
Norway,1,M2 TOTAL APPAREL IMPORTS (MFA),SME,2023,9,21665,319603,21665
Norway,1,M2 TOTAL APPAREL IMPORTS (MFA),SME,2023,10,12588,298765,12588
Norway,1,M2 TOTAL APPAREL IMPORTS (MFA),SME,2023,11,4744,202577,4744
Norway,1,M2 TOTAL APPAREL IMPORTS (MFA),SME,2023,12,30716,111302,30716
Oman,1,M2 TOTAL APPAREL IMPORTS (MFA),SME,2023,3,68,750,68
Oman,1,M2 TOTAL APPAREL IMPORTS (MFA),SME,2023,6,34,475,34
Oman,1,M2 TOTAL APPAREL IMPORTS (MFA),SME,2023,9,38,600,38
Oman,1,M2 TOTAL APPAREL IMPORTS (MFA),SME,2023,11,297,4476,297
Pakistan,1,M2 TOTAL APPAREL IMPORTS (MFA),SME,2023,1,63910329,202055905,63910329
Pakistan,1,M2 TOTAL APPAREL IMPORTS (MFA),SME,2023,2,46493960,140250120,46493960
Pakistan,1,M2 TOTAL APPAREL IMPORTS (MFA),SME,2023,3,56459984,159952437,56459984
Pakistan,1,M2 TOTAL APPAREL IMPORTS (MFA),SME,2023,4,49175151,150245840,49175151
Pakistan,1,M2 TOTAL APPAREL IMPORTS (MFA),SME,2023,5,58191667,178341924,58191667
Pakistan,1,M2 TOTAL APPAREL IMPORTS (MFA),SME,2023,6,55109371,165884450,55109371
Pakistan,1,M2 TOTAL APPAREL IMPORTS (MFA),SME,2023,7,61153607,187255506,61153607
Pakistan,1,M2 TOTAL APPAREL IMPORTS (MFA),SME,2023,8,60302425,186525863,60302425
Pakistan,1,M2 TOTAL APPAREL IMPORTS (MFA),SME,2023,9,61093431,177159162,61093431
Pakistan,1,M2 TOTAL APPAREL IMPORTS (MFA),SME,2023,10,63240710,173719559,63240710
Pakistan,1,M2 TOTAL APPAREL IMPORTS (MFA),SME,2023,11,51492204,134072734,51492204
Pakistan,1,M2 TOTAL APPAREL IMPORTS (MFA),SME,2023,12,57230912,160702612,57230912
Palau,1,M2 TOTAL APPAREL IMPORTS (MFA),SME,2023,7,566,4016,566
Panama,1,M2 TOTAL APPAREL IMPORTS (MFA),SME,2023,1,2411,37681,2411
Panama,1,M2 TOTAL APPAREL IMPORTS (MFA),SME,2023,2,1272,8415,1272
Panama,1,M2 TOTAL APPAREL IMPORTS (MFA),SME,2023,3,2428,29938,2428
Panama,1,M2 TOTAL APPAREL IMPORTS (MFA),SME,2023,4,6029,3077,6029
Panama,1,M2 TOTAL APPAREL IMPORTS (MFA),SME,2023,6,1112,30368,1112
Panama,1,M2 TOTAL APPAREL IMPORTS (MFA),SME,2023,7,244,9229,244
Panama,1,M2 TOTAL APPAREL IMPORTS (MFA),SME,2023,8,1397,3933,1397
Panama,1,M2 TOTAL APPAREL IMPORTS (MFA),SME,2023,9,457,13005,457
Panama,1,M2 TOTAL APPAREL IMPORTS (MFA),SME,2023,10,14,270,14
Panama,1,M2 TOTAL APPAREL IMPORTS (MFA),SME,2023,11,535,29555,535
Panama,1,M2 TOTAL APPAREL IMPORTS (MFA),SME,2023,12,49635,113280,49635
Papua New Guinea,1,M2 TOTAL APPAREL IMPORTS (MFA),SME,2023,3,53,1418,53
Papua New Guinea,1,M2 TOTAL APPAREL IMPORTS (MFA),SME,2023,4,43,837,43
Papua New Guinea,1,M2 TOTAL APPAREL IMPORTS (MFA),SME,2023,7,134,4694,134
Papua New Guinea,1,M2 TOTAL APPAREL IMPORTS (MFA),SME,2023,9,20,2613,20
Paraguay,1,M2 TOTAL APPAREL IMPORTS (MFA),SME,2023,1,98348,1216744,98348
Paraguay,1,M2 TOTAL APPAREL IMPORTS (MFA),SME,2023,2,60004,946002,60004
Paraguay,1,M2 TOTAL APPAREL IMPORTS (MFA),SME,2023,3,68980,1153618,68980
Paraguay,1,M2 TOTAL APPAREL IMPORTS (MFA),SME,2023,4,59203,972407,59203
Paraguay,1,M2 TOTAL APPAREL IMPORTS (MFA),SME,2023,5,105642,762915,105642
Paraguay,1,M2 TOTAL APPAREL IMPORTS (MFA),SME,2023,6,108118,1072809,108118
Paraguay,1,M2 TOTAL APPAREL IMPORTS (MFA),SME,2023,7,75545,1247074,75545
Paraguay,1,M2 TOTAL APPAREL IMPORTS (MFA),SME,2023,8,65647,1126836,65647
Paraguay,1,M2 TOTAL APPAREL IMPORTS (MFA),SME,2023,9,49966,848760,49966
Paraguay,1,M2 TOTAL APPAREL IMPORTS (MFA),SME,2023,10,65128,1144704,65128
Paraguay,1,M2 TOTAL APPAREL IMPORTS (MFA),SME,2023,11,32781,356214,32781
Paraguay,1,M2 TOTAL APPAREL IMPORTS (MFA),SME,2023,12,21443,364160,21443
Peru,1,M2 TOTAL APPAREL IMPORTS (MFA),SME,2023,1,9834267,91880568,9834267
Peru,1,M2 TOTAL APPAREL IMPORTS (MFA),SME,2023,2,8729965,65412844,8729965
Peru,1,M2 TOTAL APPAREL IMPORTS (MFA),SME,2023,3,10600811,75618744,10600811
Peru,1,M2 TOTAL APPAREL IMPORTS (MFA),SME,2023,4,8606582,65363582,8606582
Peru,1,M2 TOTAL APPAREL IMPORTS (MFA),SME,2023,5,7957947,63114101,7957947
Peru,1,M2 TOTAL APPAREL IMPORTS (MFA),SME,2023,6,9055052,63287152,9055052
Peru,1,M2 TOTAL APPAREL IMPORTS (MFA),SME,2023,7,7279476,72883816,7279476
Peru,1,M2 TOTAL APPAREL IMPORTS (MFA),SME,2023,8,7307207,61283664,7307207
Peru,1,M2 TOTAL APPAREL IMPORTS (MFA),SME,2023,9,6215219,53305684,6215219
Peru,1,M2 TOTAL APPAREL IMPORTS (MFA),SME,2023,10,6444028,55502080,6444028
Peru,1,M2 TOTAL APPAREL IMPORTS (MFA),SME,2023,11,6470863,49204901,6470863
Peru,1,M2 TOTAL APPAREL IMPORTS (MFA),SME,2023,12,4997401,49258935,4997401
Philippines,1,M2 TOTAL APPAREL IMPORTS (MFA),SME,2023,1,10658029,42803802,10658029
Philippines,1,M2 TOTAL APPAREL IMPORTS (MFA),SME,2023,2,8890148,44168294,8890148
Philippines,1,M2 TOTAL APPAREL IMPORTS (MFA),SME,2023,3,12423225,41094955,12423225
Philippines,1,M2 TOTAL APPAREL IMPORTS (MFA),SME,2023,4,12905233,43605691,12905233
Philippines,1,M2 TOTAL APPAREL IMPORTS (MFA),SME,2023,5,12189525,37025548,12189525
Philippines,1,M2 TOTAL APPAREL IMPORTS (MFA),SME,2023,6,13845057,52143012,13845057
Philippines,1,M2 TOTAL APPAREL IMPORTS (MFA),SME,2023,7,11513881,44983953,11513881
Philippines,1,M2 TOTAL APPAREL IMPORTS (MFA),SME,2023,8,12658568,46901460,12658568
Philippines,1,M2 TOTAL APPAREL IMPORTS (MFA),SME,2023,9,11168902,54406165,11168902
Philippines,1,M2 TOTAL APPAREL IMPORTS (MFA),SME,2023,10,7659804,37570148,7659804
Philippines,1,M2 TOTAL APPAREL IMPORTS (MFA),SME,2023,11,9171510,36080791,9171510
Philippines,1,M2 TOTAL APPAREL IMPORTS (MFA),SME,2023,12,8189622,28375473,8189622
Poland,1,M2 TOTAL APPAREL IMPORTS (MFA),SME,2023,1,118209,3363454,118209
Poland,1,M2 TOTAL APPAREL IMPORTS (MFA),SME,2023,2,206963,4726001,206963
Poland,1,M2 TOTAL APPAREL IMPORTS (MFA),SME,2023,3,172991,4853351,172991
Poland,1,M2 TOTAL APPAREL IMPORTS (MFA),SME,2023,4,161611,3487017,161611
Poland,1,M2 TOTAL APPAREL IMPORTS (MFA),SME,2023,5,166822,3144798,166822
Poland,1,M2 TOTAL APPAREL IMPORTS (MFA),SME,2023,6,209402,3207589,209402
Poland,1,M2 TOTAL APPAREL IMPORTS (MFA),SME,2023,7,149975,3736994,149975
Poland,1,M2 TOTAL APPAREL IMPORTS (MFA),SME,2023,8,214122,4140200,214122
Poland,1,M2 TOTAL APPAREL IMPORTS (MFA),SME,2023,9,203748,4284998,203748
Poland,1,M2 TOTAL APPAREL IMPORTS (MFA),SME,2023,10,229549,4467581,229549
Poland,1,M2 TOTAL APPAREL IMPORTS (MFA),SME,2023,11,159428,3515490,159428
Poland,1,M2 TOTAL APPAREL IMPORTS (MFA),SME,2023,12,127789,2936749,127789
Portugal,1,M2 TOTAL APPAREL IMPORTS (MFA),SME,2023,1,1586933,31598978,1586933
Portugal,1,M2 TOTAL APPAREL IMPORTS (MFA),SME,2023,2,1436585,31272010,1436585
Portugal,1,M2 TOTAL APPAREL IMPORTS (MFA),SME,2023,3,2124236,39576212,2124236
Portugal,1,M2 TOTAL APPAREL IMPORTS (MFA),SME,2023,4,1767500,33191046,1767500
Portugal,1,M2 TOTAL APPAREL IMPORTS (MFA),SME,2023,5,1469729,30978976,1469729
Portugal,1,M2 TOTAL APPAREL IMPORTS (MFA),SME,2023,6,1346260,25253684,1346260
Portugal,1,M2 TOTAL APPAREL IMPORTS (MFA),SME,2023,7,1875090,36902538,1875090
Portugal,1,M2 TOTAL APPAREL IMPORTS (MFA),SME,2023,8,1833471,36279324,1833471
Portugal,1,M2 TOTAL APPAREL IMPORTS (MFA),SME,2023,9,1370743,28598358,1370743
Portugal,1,M2 TOTAL APPAREL IMPORTS (MFA),SME,2023,10,1565781,31935598,1565781
Portugal,1,M2 TOTAL APPAREL IMPORTS (MFA),SME,2023,11,1742453,30117238,1742453
Portugal,1,M2 TOTAL APPAREL IMPORTS (MFA),SME,2023,12,1304330,26506720,1304330
Qatar,1,M2 TOTAL APPAREL IMPORTS (MFA),SME,2023,4,450,7693,450
Qatar,1,M2 TOTAL APPAREL IMPORTS (MFA),SME,2023,6,5365,4239,5365
Qatar,1,M2 TOTAL APPAREL IMPORTS (MFA),SME,2023,7,35,2444,35
Qatar,1,M2 TOTAL APPAREL IMPORTS (MFA),SME,2023,10,389,1176,389
Qatar,1,M2 TOTAL APPAREL IMPORTS (MFA),SME,2023,12,13,1609,13
Romania,1,M2 TOTAL APPAREL IMPORTS (MFA),SME,2023,1,561489,13734317,561489
Romania,1,M2 TOTAL APPAREL IMPORTS (MFA),SME,2023,2,541593,13730649,541593
Romania,1,M2 TOTAL APPAREL IMPORTS (MFA),SME,2023,3,676871,14769290,676871
Romania,1,M2 TOTAL APPAREL IMPORTS (MFA),SME,2023,4,478947,10008399,478947
Romania,1,M2 TOTAL APPAREL IMPORTS (MFA),SME,2023,5,718982,14210994,718982
Romania,1,M2 TOTAL APPAREL IMPORTS (MFA),SME,2023,6,656901,14914794,656901
Romania,1,M2 TOTAL APPAREL IMPORTS (MFA),SME,2023,7,807526,19532832,807526
Romania,1,M2 TOTAL APPAREL IMPORTS (MFA),SME,2023,8,817286,19188355,817286
Romania,1,M2 TOTAL APPAREL IMPORTS (MFA),SME,2023,9,575750,16705754,575750
Romania,1,M2 TOTAL APPAREL IMPORTS (MFA),SME,2023,10,728459,18413700,728459
Romania,1,M2 TOTAL APPAREL IMPORTS (MFA),SME,2023,11,587364,15031355,587364
Romania,1,M2 TOTAL APPAREL IMPORTS (MFA),SME,2023,12,534065,11275527,534065
Russia,1,M2 TOTAL APPAREL IMPORTS (MFA),SME,2023,1,8129,20634,8129
Russia,1,M2 TOTAL APPAREL IMPORTS (MFA),SME,2023,2,6060,19772,6060
Russia,1,M2 TOTAL APPAREL IMPORTS (MFA),SME,2023,3,7587,27036,7587
Russia,1,M2 TOTAL APPAREL IMPORTS (MFA),SME,2023,4,4509,17403,4509
Russia,1,M2 TOTAL APPAREL IMPORTS (MFA),SME,2023,5,6347,13195,6347
Russia,1,M2 TOTAL APPAREL IMPORTS (MFA),SME,2023,6,6849,14871,6849
Russia,1,M2 TOTAL APPAREL IMPORTS (MFA),SME,2023,7,53776,69698,53776
Russia,1,M2 TOTAL APPAREL IMPORTS (MFA),SME,2023,8,6855,15835,6855
Russia,1,M2 TOTAL APPAREL IMPORTS (MFA),SME,2023,9,11739,22582,11739
Russia,1,M2 TOTAL APPAREL IMPORTS (MFA),SME,2023,10,20458,35944,20458
Russia,1,M2 TOTAL APPAREL IMPORTS (MFA),SME,2023,11,8617,19625,8617
Russia,1,M2 TOTAL APPAREL IMPORTS (MFA),SME,2023,12,7926,19934,7926
Rwanda,1,M2 TOTAL APPAREL IMPORTS (MFA),SME,2023,3,159,5251,159
Rwanda,1,M2 TOTAL APPAREL IMPORTS (MFA),SME,2023,7,158,4262,158
Sao Tome and Principe,1,M2 TOTAL APPAREL IMPORTS (MFA),SME,2023,8,170,864,170
Saudi Arabia,1,M2 TOTAL APPAREL IMPORTS (MFA),SME,2023,1,8186,3960,8186
Saudi Arabia,1,M2 TOTAL APPAREL IMPORTS (MFA),SME,2023,2,3878,4226,3878
Saudi Arabia,1,M2 TOTAL APPAREL IMPORTS (MFA),SME,2023,3,53988,37546,53988
Saudi Arabia,1,M2 TOTAL APPAREL IMPORTS (MFA),SME,2023,4,1481,4545,1481
Saudi Arabia,1,M2 TOTAL APPAREL IMPORTS (MFA),SME,2023,5,190,600,190
Saudi Arabia,1,M2 TOTAL APPAREL IMPORTS (MFA),SME,2023,6,5560,8187,5560
Saudi Arabia,1,M2 TOTAL APPAREL IMPORTS (MFA),SME,2023,7,682,2200,682
Saudi Arabia,1,M2 TOTAL APPAREL IMPORTS (MFA),SME,2023,8,1585,1800,1585
Saudi Arabia,1,M2 TOTAL APPAREL IMPORTS (MFA),SME,2023,9,2474,5903,2474
Saudi Arabia,1,M2 TOTAL APPAREL IMPORTS (MFA),SME,2023,10,373,2860,373
Saudi Arabia,1,M2 TOTAL APPAREL IMPORTS (MFA),SME,2023,11,22744,21480,22744
Saudi Arabia,1,M2 TOTAL APPAREL IMPORTS (MFA),SME,2023,12,5760,743,5760
Senegal,1,M2 TOTAL APPAREL IMPORTS (MFA),SME,2023,1,186294,383647,186294
Senegal,1,M2 TOTAL APPAREL IMPORTS (MFA),SME,2023,2,4800,13450,4800
Senegal,1,M2 TOTAL APPAREL IMPORTS (MFA),SME,2023,3,6627,17996,6627
Senegal,1,M2 TOTAL APPAREL IMPORTS (MFA),SME,2023,4,48517,55849,48517
Senegal,1,M2 TOTAL APPAREL IMPORTS (MFA),SME,2023,5,126213,268283,126213
Senegal,1,M2 TOTAL APPAREL IMPORTS (MFA),SME,2023,6,87971,200872,87971
Senegal,1,M2 TOTAL APPAREL IMPORTS (MFA),SME,2023,7,92841,236381,92841
Senegal,1,M2 TOTAL APPAREL IMPORTS (MFA),SME,2023,8,319780,635657,319780
Senegal,1,M2 TOTAL APPAREL IMPORTS (MFA),SME,2023,9,7973,13315,7973
Senegal,1,M2 TOTAL APPAREL IMPORTS (MFA),SME,2023,10,7249,12518,7249
Senegal,1,M2 TOTAL APPAREL IMPORTS (MFA),SME,2023,11,14826,51386,14826
Senegal,1,M2 TOTAL APPAREL IMPORTS (MFA),SME,2023,12,18585,16880,18585
Serbia,1,M2 TOTAL APPAREL IMPORTS (MFA),SME,2023,1,50825,653666,50825
Serbia,1,M2 TOTAL APPAREL IMPORTS (MFA),SME,2023,2,31226,373870,31226
Serbia,1,M2 TOTAL APPAREL IMPORTS (MFA),SME,2023,3,40404,536773,40404
Serbia,1,M2 TOTAL APPAREL IMPORTS (MFA),SME,2023,4,33444,394569,33444
Serbia,1,M2 TOTAL APPAREL IMPORTS (MFA),SME,2023,5,22329,427772,22329
Serbia,1,M2 TOTAL APPAREL IMPORTS (MFA),SME,2023,6,39765,421095,39765
Serbia,1,M2 TOTAL APPAREL IMPORTS (MFA),SME,2023,7,49835,720982,49835
Serbia,1,M2 TOTAL APPAREL IMPORTS (MFA),SME,2023,8,98164,1049735,98164
Serbia,1,M2 TOTAL APPAREL IMPORTS (MFA),SME,2023,9,80268,703739,80268
Serbia,1,M2 TOTAL APPAREL IMPORTS (MFA),SME,2023,10,125461,1227599,125461
Serbia,1,M2 TOTAL APPAREL IMPORTS (MFA),SME,2023,11,64430,531872,64430
Serbia,1,M2 TOTAL APPAREL IMPORTS (MFA),SME,2023,12,71223,498879,71223
Seychelles,1,M2 TOTAL APPAREL IMPORTS (MFA),SME,2023,1,11,557,11
Sierra Leone,1,M2 TOTAL APPAREL IMPORTS (MFA),SME,2023,1,222,15244,222
Sierra Leone,1,M2 TOTAL APPAREL IMPORTS (MFA),SME,2023,2,827,6643,827
Sierra Leone,1,M2 TOTAL APPAREL IMPORTS (MFA),SME,2023,3,346,14260,346
Sierra Leone,1,M2 TOTAL APPAREL IMPORTS (MFA),SME,2023,4,335,14279,335
Sierra Leone,1,M2 TOTAL APPAREL IMPORTS (MFA),SME,2023,5,92,3992,92
Sierra Leone,1,M2 TOTAL APPAREL IMPORTS (MFA),SME,2023,6,1353,2765,1353
Sierra Leone,1,M2 TOTAL APPAREL IMPORTS (MFA),SME,2023,7,15,363,15
Sierra Leone,1,M2 TOTAL APPAREL IMPORTS (MFA),SME,2023,8,317,14980,317
Sierra Leone,1,M2 TOTAL APPAREL IMPORTS (MFA),SME,2023,9,27,2345,27
Sierra Leone,1,M2 TOTAL APPAREL IMPORTS (MFA),SME,2023,10,85,4422,85
Sierra Leone,1,M2 TOTAL APPAREL IMPORTS (MFA),SME,2023,11,1619,12909,1619
Sierra Leone,1,M2 TOTAL APPAREL IMPORTS (MFA),SME,2023,12,345,8553,345
Singapore,1,M2 TOTAL APPAREL IMPORTS (MFA),SME,2023,1,172828,210015,172828
Singapore,1,M2 TOTAL APPAREL IMPORTS (MFA),SME,2023,2,9016,72558,9016
Singapore,1,M2 TOTAL APPAREL IMPORTS (MFA),SME,2023,3,38490,362317,38490
Singapore,1,M2 TOTAL APPAREL IMPORTS (MFA),SME,2023,4,534257,795098,534257
Singapore,1,M2 TOTAL APPAREL IMPORTS (MFA),SME,2023,5,100579,875886,100579
Singapore,1,M2 TOTAL APPAREL IMPORTS (MFA),SME,2023,6,33203,271504,33203
Singapore,1,M2 TOTAL APPAREL IMPORTS (MFA),SME,2023,7,85711,918747,85711
Singapore,1,M2 TOTAL APPAREL IMPORTS (MFA),SME,2023,8,69606,391471,69606
Singapore,1,M2 TOTAL APPAREL IMPORTS (MFA),SME,2023,9,35970,206876,35970
Singapore,1,M2 TOTAL APPAREL IMPORTS (MFA),SME,2023,10,52438,281167,52438
Singapore,1,M2 TOTAL APPAREL IMPORTS (MFA),SME,2023,11,13695,55187,13695
Singapore,1,M2 TOTAL APPAREL IMPORTS (MFA),SME,2023,12,106481,861468,106481
Sint Maarten,1,M2 TOTAL APPAREL IMPORTS (MFA),SME,2023,1,157,7773,157
Sint Maarten,1,M2 TOTAL APPAREL IMPORTS (MFA),SME,2023,3,125,900,125
Sint Maarten,1,M2 TOTAL APPAREL IMPORTS (MFA),SME,2023,8,13,280,13
Sint Maarten,1,M2 TOTAL APPAREL IMPORTS (MFA),SME,2023,11,38,850,38
Sint Maarten,1,M2 TOTAL APPAREL IMPORTS (MFA),SME,2023,12,129,2748,129
Slovakia,1,M2 TOTAL APPAREL IMPORTS (MFA),SME,2023,1,40937,1081430,40937
Slovakia,1,M2 TOTAL APPAREL IMPORTS (MFA),SME,2023,2,54373,1333346,54373
Slovakia,1,M2 TOTAL APPAREL IMPORTS (MFA),SME,2023,3,36869,896014,36869
Slovakia,1,M2 TOTAL APPAREL IMPORTS (MFA),SME,2023,4,28007,821346,28007
Slovakia,1,M2 TOTAL APPAREL IMPORTS (MFA),SME,2023,5,35322,1003641,35322
Slovakia,1,M2 TOTAL APPAREL IMPORTS (MFA),SME,2023,6,35762,957691,35762
Slovakia,1,M2 TOTAL APPAREL IMPORTS (MFA),SME,2023,7,64509,1285505,64509
Slovakia,1,M2 TOTAL APPAREL IMPORTS (MFA),SME,2023,8,40069,989696,40069
Slovakia,1,M2 TOTAL APPAREL IMPORTS (MFA),SME,2023,9,39191,1100618,39191
Slovakia,1,M2 TOTAL APPAREL IMPORTS (MFA),SME,2023,10,38359,1352623,38359
Slovakia,1,M2 TOTAL APPAREL IMPORTS (MFA),SME,2023,11,35363,1460654,35363
Slovakia,1,M2 TOTAL APPAREL IMPORTS (MFA),SME,2023,12,51569,1305750,51569
Slovenia,1,M2 TOTAL APPAREL IMPORTS (MFA),SME,2023,1,24939,508740,24939
Slovenia,1,M2 TOTAL APPAREL IMPORTS (MFA),SME,2023,2,13914,354431,13914
Slovenia,1,M2 TOTAL APPAREL IMPORTS (MFA),SME,2023,3,48659,716257,48659
Slovenia,1,M2 TOTAL APPAREL IMPORTS (MFA),SME,2023,4,23511,318136,23511
Slovenia,1,M2 TOTAL APPAREL IMPORTS (MFA),SME,2023,5,17263,250038,17263
Slovenia,1,M2 TOTAL APPAREL IMPORTS (MFA),SME,2023,6,54721,362707,54721
Slovenia,1,M2 TOTAL APPAREL IMPORTS (MFA),SME,2023,7,33798,656368,33798
Slovenia,1,M2 TOTAL APPAREL IMPORTS (MFA),SME,2023,8,15907,303978,15907
Slovenia,1,M2 TOTAL APPAREL IMPORTS (MFA),SME,2023,9,33280,521335,33280
Slovenia,1,M2 TOTAL APPAREL IMPORTS (MFA),SME,2023,10,51652,385525,51652
Slovenia,1,M2 TOTAL APPAREL IMPORTS (MFA),SME,2023,11,37281,446207,37281
Slovenia,1,M2 TOTAL APPAREL IMPORTS (MFA),SME,2023,12,11231,257074,11231
South Africa,1,M2 TOTAL APPAREL IMPORTS (MFA),SME,2023,1,82580,604355,82580
South Africa,1,M2 TOTAL APPAREL IMPORTS (MFA),SME,2023,2,30057,231238,30057
South Africa,1,M2 TOTAL APPAREL IMPORTS (MFA),SME,2023,3,41297,268937,41297
South Africa,1,M2 TOTAL APPAREL IMPORTS (MFA),SME,2023,4,73630,605223,73630
South Africa,1,M2 TOTAL APPAREL IMPORTS (MFA),SME,2023,5,44364,389893,44364
South Africa,1,M2 TOTAL APPAREL IMPORTS (MFA),SME,2023,6,35097,318996,35097
South Africa,1,M2 TOTAL APPAREL IMPORTS (MFA),SME,2023,7,80810,815460,80810
South Africa,1,M2 TOTAL APPAREL IMPORTS (MFA),SME,2023,8,85762,769773,85762
South Africa,1,M2 TOTAL APPAREL IMPORTS (MFA),SME,2023,9,50336,471827,50336
South Africa,1,M2 TOTAL APPAREL IMPORTS (MFA),SME,2023,10,78904,683071,78904
South Africa,1,M2 TOTAL APPAREL IMPORTS (MFA),SME,2023,11,49801,448771,49801
South Africa,1,M2 TOTAL APPAREL IMPORTS (MFA),SME,2023,12,126996,795534,126996
South Korea,1,M2 TOTAL APPAREL IMPORTS (MFA),SME,2023,1,3778568,18907022,3778568
South Korea,1,M2 TOTAL APPAREL IMPORTS (MFA),SME,2023,2,2494665,10473034,2494665
South Korea,1,M2 TOTAL APPAREL IMPORTS (MFA),SME,2023,3,3283600,18411820,3283600
South Korea,1,M2 TOTAL APPAREL IMPORTS (MFA),SME,2023,4,3366476,15452561,3366476
South Korea,1,M2 TOTAL APPAREL IMPORTS (MFA),SME,2023,5,2874654,15686038,2874654
South Korea,1,M2 TOTAL APPAREL IMPORTS (MFA),SME,2023,6,3350309,16944071,3350309
South Korea,1,M2 TOTAL APPAREL IMPORTS (MFA),SME,2023,7,4615548,20850412,4615548
South Korea,1,M2 TOTAL APPAREL IMPORTS (MFA),SME,2023,8,4424975,18026869,4424975
South Korea,1,M2 TOTAL APPAREL IMPORTS (MFA),SME,2023,9,4265492,23192929,4265492
South Korea,1,M2 TOTAL APPAREL IMPORTS (MFA),SME,2023,10,2805017,18479096,2805017
South Korea,1,M2 TOTAL APPAREL IMPORTS (MFA),SME,2023,11,2667156,11419761,2667156
South Korea,1,M2 TOTAL APPAREL IMPORTS (MFA),SME,2023,12,2092095,11505368,2092095
Spain,1,M2 TOTAL APPAREL IMPORTS (MFA),SME,2023,1,372575,3677600,372575
Spain,1,M2 TOTAL APPAREL IMPORTS (MFA),SME,2023,2,239357,3829902,239357
Spain,1,M2 TOTAL APPAREL IMPORTS (MFA),SME,2023,3,319319,3949179,319319
Spain,1,M2 TOTAL APPAREL IMPORTS (MFA),SME,2023,4,178161,2441811,178161
Spain,1,M2 TOTAL APPAREL IMPORTS (MFA),SME,2023,5,279176,2595770,279176
Spain,1,M2 TOTAL APPAREL IMPORTS (MFA),SME,2023,6,282459,2369262,282459
Spain,1,M2 TOTAL APPAREL IMPORTS (MFA),SME,2023,7,310710,3309482,310710
Spain,1,M2 TOTAL APPAREL IMPORTS (MFA),SME,2023,8,431713,4284130,431713
Spain,1,M2 TOTAL APPAREL IMPORTS (MFA),SME,2023,9,188407,2465616,188407
Spain,1,M2 TOTAL APPAREL IMPORTS (MFA),SME,2023,10,263398,2906625,263398
Spain,1,M2 TOTAL APPAREL IMPORTS (MFA),SME,2023,11,211073,2775605,211073
Spain,1,M2 TOTAL APPAREL IMPORTS (MFA),SME,2023,12,259323,2659089,259323
Sri Lanka,1,M2 TOTAL APPAREL IMPORTS (MFA),SME,2023,1,35852822,169026939,35852822
Sri Lanka,1,M2 TOTAL APPAREL IMPORTS (MFA),SME,2023,2,30086508,134219162,30086508
Sri Lanka,1,M2 TOTAL APPAREL IMPORTS (MFA),SME,2023,3,28397672,141122034,28397672
Sri Lanka,1,M2 TOTAL APPAREL IMPORTS (MFA),SME,2023,4,27248006,138370126,27248006
Sri Lanka,1,M2 TOTAL APPAREL IMPORTS (MFA),SME,2023,5,28475149,125194843,28475149
Sri Lanka,1,M2 TOTAL APPAREL IMPORTS (MFA),SME,2023,6,28248512,129352129,28248512
Sri Lanka,1,M2 TOTAL APPAREL IMPORTS (MFA),SME,2023,7,32207897,145832127,32207897
Sri Lanka,1,M2 TOTAL APPAREL IMPORTS (MFA),SME,2023,8,34681930,151418430,34681930
Sri Lanka,1,M2 TOTAL APPAREL IMPORTS (MFA),SME,2023,9,28050225,132742700,28050225
Sri Lanka,1,M2 TOTAL APPAREL IMPORTS (MFA),SME,2023,10,26340105,126171971,26340105
Sri Lanka,1,M2 TOTAL APPAREL IMPORTS (MFA),SME,2023,11,23902286,99920664,23902286
Sri Lanka,1,M2 TOTAL APPAREL IMPORTS (MFA),SME,2023,12,28135583,116873864,28135583
St Kitts and Nevis,1,M2 TOTAL APPAREL IMPORTS (MFA),SME,2023,2,230,360,230
St Kitts and Nevis,1,M2 TOTAL APPAREL IMPORTS (MFA),SME,2023,3,31590,65607,31590
St Kitts and Nevis,1,M2 TOTAL APPAREL IMPORTS (MFA),SME,2023,4,31590,65607,31590
St Kitts and Nevis,1,M2 TOTAL APPAREL IMPORTS (MFA),SME,2023,7,234,15285,234
St Vincent/Grenadines,1,M2 TOTAL APPAREL IMPORTS (MFA),SME,2023,7,15,500,15
St Vincent/Grenadines,1,M2 TOTAL APPAREL IMPORTS (MFA),SME,2023,8,448,4063,448
Suriname,1,M2 TOTAL APPAREL IMPORTS (MFA),SME,2023,2,298,22915,298
Suriname,1,M2 TOTAL APPAREL IMPORTS (MFA),SME,2023,3,35,256,35
Suriname,1,M2 TOTAL APPAREL IMPORTS (MFA),SME,2023,7,714,7628,714
Suriname,1,M2 TOTAL APPAREL IMPORTS (MFA),SME,2023,8,195,7259,195
Suriname,1,M2 TOTAL APPAREL IMPORTS (MFA),SME,2023,10,80,1969,80
Sweden,1,M2 TOTAL APPAREL IMPORTS (MFA),SME,2023,1,12681,112993,12681
Sweden,1,M2 TOTAL APPAREL IMPORTS (MFA),SME,2023,2,10607,144074,10607
Sweden,1,M2 TOTAL APPAREL IMPORTS (MFA),SME,2023,3,14313,213422,14313
Sweden,1,M2 TOTAL APPAREL IMPORTS (MFA),SME,2023,4,2611,78198,2611
Sweden,1,M2 TOTAL APPAREL IMPORTS (MFA),SME,2023,5,7456,148859,7456
Sweden,1,M2 TOTAL APPAREL IMPORTS (MFA),SME,2023,6,5806,92892,5806
Sweden,1,M2 TOTAL APPAREL IMPORTS (MFA),SME,2023,7,18220,292894,18220
Sweden,1,M2 TOTAL APPAREL IMPORTS (MFA),SME,2023,8,9221,100044,9221
Sweden,1,M2 TOTAL APPAREL IMPORTS (MFA),SME,2023,9,8798,141278,8798
Sweden,1,M2 TOTAL APPAREL IMPORTS (MFA),SME,2023,10,13255,165251,13255
Sweden,1,M2 TOTAL APPAREL IMPORTS (MFA),SME,2023,11,43691,160907,43691
Sweden,1,M2 TOTAL APPAREL IMPORTS (MFA),SME,2023,12,23667,392701,23667
Switzerland,1,M2 TOTAL APPAREL IMPORTS (MFA),SME,2023,1,54876,1951127,54876
Switzerland,1,M2 TOTAL APPAREL IMPORTS (MFA),SME,2023,2,60452,1631818,60452
Switzerland,1,M2 TOTAL APPAREL IMPORTS (MFA),SME,2023,3,105434,2471932,105434
Switzerland,1,M2 TOTAL APPAREL IMPORTS (MFA),SME,2023,4,95397,2219536,95397
Switzerland,1,M2 TOTAL APPAREL IMPORTS (MFA),SME,2023,5,57611,1764377,57611
Switzerland,1,M2 TOTAL APPAREL IMPORTS (MFA),SME,2023,6,87454,1651737,87454
Switzerland,1,M2 TOTAL APPAREL IMPORTS (MFA),SME,2023,7,99638,2240278,99638
Switzerland,1,M2 TOTAL APPAREL IMPORTS (MFA),SME,2023,8,110194,2106239,110194
Switzerland,1,M2 TOTAL APPAREL IMPORTS (MFA),SME,2023,9,83369,2490560,83369
Switzerland,1,M2 TOTAL APPAREL IMPORTS (MFA),SME,2023,10,116878,2875644,116878
Switzerland,1,M2 TOTAL APPAREL IMPORTS (MFA),SME,2023,11,139651,2922007,139651
Switzerland,1,M2 TOTAL APPAREL IMPORTS (MFA),SME,2023,12,108852,2914614,108852
Syria,1,M2 TOTAL APPAREL IMPORTS (MFA),SME,2023,1,1526,4488,1526
Syria,1,M2 TOTAL APPAREL IMPORTS (MFA),SME,2023,3,16984,5105,16984
Syria,1,M2 TOTAL APPAREL IMPORTS (MFA),SME,2023,4,725,630,725
Syria,1,M2 TOTAL APPAREL IMPORTS (MFA),SME,2023,5,1152,570,1152
Syria,1,M2 TOTAL APPAREL IMPORTS (MFA),SME,2023,6,360,404,360
Syria,1,M2 TOTAL APPAREL IMPORTS (MFA),SME,2023,10,1191,1296,1191
Syria,1,M2 TOTAL APPAREL IMPORTS (MFA),SME,2023,11,80856,11963,80856
Syria,1,M2 TOTAL APPAREL IMPORTS (MFA),SME,2023,12,459,375,459
Taiwan,1,M2 TOTAL APPAREL IMPORTS (MFA),SME,2023,1,3963394,13939610,3963394
Taiwan,1,M2 TOTAL APPAREL IMPORTS (MFA),SME,2023,2,2806996,10331093,2806996
Taiwan,1,M2 TOTAL APPAREL IMPORTS (MFA),SME,2023,3,2060449,6986609,2060449
Taiwan,1,M2 TOTAL APPAREL IMPORTS (MFA),SME,2023,4,3453983,10575231,3453983
Taiwan,1,M2 TOTAL APPAREL IMPORTS (MFA),SME,2023,5,3938256,12201375,3938256
Taiwan,1,M2 TOTAL APPAREL IMPORTS (MFA),SME,2023,6,3534670,9830924,3534670
Taiwan,1,M2 TOTAL APPAREL IMPORTS (MFA),SME,2023,7,3769922,12642340,3769922
Taiwan,1,M2 TOTAL APPAREL IMPORTS (MFA),SME,2023,8,4280765,13138372,4280765
Taiwan,1,M2 TOTAL APPAREL IMPORTS (MFA),SME,2023,9,3298838,9880162,3298838
Taiwan,1,M2 TOTAL APPAREL IMPORTS (MFA),SME,2023,10,3419338,9482993,3419338
Taiwan,1,M2 TOTAL APPAREL IMPORTS (MFA),SME,2023,11,2206932,7159133,2206932
Taiwan,1,M2 TOTAL APPAREL IMPORTS (MFA),SME,2023,12,2915669,8839601,2915669
Tajikistan,1,M2 TOTAL APPAREL IMPORTS (MFA),SME,2023,1,209,1361,209
Tajikistan,1,M2 TOTAL APPAREL IMPORTS (MFA),SME,2023,2,1520,9477,1520
Tajikistan,1,M2 TOTAL APPAREL IMPORTS (MFA),SME,2023,3,45,252,45
Tajikistan,1,M2 TOTAL APPAREL IMPORTS (MFA),SME,2023,9,194,1396,194
Tanzania,1,M2 TOTAL APPAREL IMPORTS (MFA),SME,2023,1,2697460,5969608,2697460
Tanzania,1,M2 TOTAL APPAREL IMPORTS (MFA),SME,2023,2,4970146,11169989,4970146
Tanzania,1,M2 TOTAL APPAREL IMPORTS (MFA),SME,2023,3,2657917,6150595,2657917
Tanzania,1,M2 TOTAL APPAREL IMPORTS (MFA),SME,2023,4,2382863,5916033,2382863
Tanzania,1,M2 TOTAL APPAREL IMPORTS (MFA),SME,2023,5,3387033,8620072,3387033
Tanzania,1,M2 TOTAL APPAREL IMPORTS (MFA),SME,2023,6,4067742,9399037,4067742
Tanzania,1,M2 TOTAL APPAREL IMPORTS (MFA),SME,2023,7,2580850,5809474,2580850
Tanzania,1,M2 TOTAL APPAREL IMPORTS (MFA),SME,2023,8,2454788,6302572,2454788
Tanzania,1,M2 TOTAL APPAREL IMPORTS (MFA),SME,2023,9,1905495,4389695,1905495
Tanzania,1,M2 TOTAL APPAREL IMPORTS (MFA),SME,2023,10,1409303,2964056,1409303
Tanzania,1,M2 TOTAL APPAREL IMPORTS (MFA),SME,2023,11,4967816,11323054,4967816
Tanzania,1,M2 TOTAL APPAREL IMPORTS (MFA),SME,2023,12,2235110,4865189,2235110
Thailand,1,M2 TOTAL APPAREL IMPORTS (MFA),SME,2023,1,19167863,74963194,19167863
Thailand,1,M2 TOTAL APPAREL IMPORTS (MFA),SME,2023,2,11999602,44797425,11999602
Thailand,1,M2 TOTAL APPAREL IMPORTS (MFA),SME,2023,3,23444138,75712274,23444138
Thailand,1,M2 TOTAL APPAREL IMPORTS (MFA),SME,2023,4,21766416,63042176,21766416
Thailand,1,M2 TOTAL APPAREL IMPORTS (MFA),SME,2023,5,19274684,69686178,19274684
Thailand,1,M2 TOTAL APPAREL IMPORTS (MFA),SME,2023,6,21722484,70128658,21722484
Thailand,1,M2 TOTAL APPAREL IMPORTS (MFA),SME,2023,7,20777794,65969440,20777794
Thailand,1,M2 TOTAL APPAREL IMPORTS (MFA),SME,2023,8,18386313,69987318,18386313
Thailand,1,M2 TOTAL APPAREL IMPORTS (MFA),SME,2023,9,20115917,70217406,20115917
Thailand,1,M2 TOTAL APPAREL IMPORTS (MFA),SME,2023,10,15948037,61433779,15948037
Thailand,1,M2 TOTAL APPAREL IMPORTS (MFA),SME,2023,11,16917650,55241267,16917650
Thailand,1,M2 TOTAL APPAREL IMPORTS (MFA),SME,2023,12,17772368,56756606,17772368
Togo,1,M2 TOTAL APPAREL IMPORTS (MFA),SME,2023,1,3092,2329,3092
Togo,1,M2 TOTAL APPAREL IMPORTS (MFA),SME,2023,2,2918,2192,2918
Togo,1,M2 TOTAL APPAREL IMPORTS (MFA),SME,2023,4,1011,2592,1011
Togo,1,M2 TOTAL APPAREL IMPORTS (MFA),SME,2023,5,3029,7978,3029
Togo,1,M2 TOTAL APPAREL IMPORTS (MFA),SME,2023,7,190,890,190
Togo,1,M2 TOTAL APPAREL IMPORTS (MFA),SME,2023,8,265,363,265
Togo,1,M2 TOTAL APPAREL IMPORTS (MFA),SME,2023,9,4210,6562,4210
Togo,1,M2 TOTAL APPAREL IMPORTS (MFA),SME,2023,10,2310,167772,2310
Togo,1,M2 TOTAL APPAREL IMPORTS (MFA),SME,2023,11,224,893,224
Togo,1,M2 TOTAL APPAREL IMPORTS (MFA),SME,2023,12,141591,217438,141591
Tonga,1,M2 TOTAL APPAREL IMPORTS (MFA),SME,2023,2,35,1485,35
Tonga,1,M2 TOTAL APPAREL IMPORTS (MFA),SME,2023,3,13,409,13
Tonga,1,M2 TOTAL APPAREL IMPORTS (MFA),SME,2023,6,15,322,15
Tonga,1,M2 TOTAL APPAREL IMPORTS (MFA),SME,2023,9,12,840,12
Trinidad and Tobago,1,M2 TOTAL APPAREL IMPORTS (MFA),SME,2023,3,201,10204,201
Trinidad and Tobago,1,M2 TOTAL APPAREL IMPORTS (MFA),SME,2023,5,38,1100,38
Trinidad and Tobago,1,M2 TOTAL APPAREL IMPORTS (MFA),SME,2023,6,25,720,25
Trinidad and Tobago,1,M2 TOTAL APPAREL IMPORTS (MFA),SME,2023,7,1002,11285,1002
Trinidad and Tobago,1,M2 TOTAL APPAREL IMPORTS (MFA),SME,2023,8,84,606,84
Trinidad and Tobago,1,M2 TOTAL APPAREL IMPORTS (MFA),SME,2023,12,111,479,111
Tunisia,1,M2 TOTAL APPAREL IMPORTS (MFA),SME,2023,1,502360,9639143,502360
Tunisia,1,M2 TOTAL APPAREL IMPORTS (MFA),SME,2023,2,613538,11255238,613538
Tunisia,1,M2 TOTAL APPAREL IMPORTS (MFA),SME,2023,3,624031,10973077,624031
Tunisia,1,M2 TOTAL APPAREL IMPORTS (MFA),SME,2023,4,492683,9164529,492683
Tunisia,1,M2 TOTAL APPAREL IMPORTS (MFA),SME,2023,5,385237,7238328,385237
Tunisia,1,M2 TOTAL APPAREL IMPORTS (MFA),SME,2023,6,495804,8770204,495804
Tunisia,1,M2 TOTAL APPAREL IMPORTS (MFA),SME,2023,7,608105,11120970,608105
Tunisia,1,M2 TOTAL APPAREL IMPORTS (MFA),SME,2023,8,467314,10801691,467314
Tunisia,1,M2 TOTAL APPAREL IMPORTS (MFA),SME,2023,9,392667,7901570,392667
Tunisia,1,M2 TOTAL APPAREL IMPORTS (MFA),SME,2023,10,320995,7428653,320995
Tunisia,1,M2 TOTAL APPAREL IMPORTS (MFA),SME,2023,11,381988,7322231,381988
Tunisia,1,M2 TOTAL APPAREL IMPORTS (MFA),SME,2023,12,420746,7518834,420746
Turkey,1,M2 TOTAL APPAREL IMPORTS (MFA),SME,2023,1,10276879,87196984,10276879
Turkey,1,M2 TOTAL APPAREL IMPORTS (MFA),SME,2023,2,10118778,84631387,10118778
Turkey,1,M2 TOTAL APPAREL IMPORTS (MFA),SME,2023,3,12105394,86514660,12105394
Turkey,1,M2 TOTAL APPAREL IMPORTS (MFA),SME,2023,4,10376609,76915740,10376609
Turkey,1,M2 TOTAL APPAREL IMPORTS (MFA),SME,2023,5,10996676,84328736,10996676
Turkey,1,M2 TOTAL APPAREL IMPORTS (MFA),SME,2023,6,8868795,76333860,8868795
Turkey,1,M2 TOTAL APPAREL IMPORTS (MFA),SME,2023,7,10450806,90788907,10450806
Turkey,1,M2 TOTAL APPAREL IMPORTS (MFA),SME,2023,8,10742736,88226255,10742736
Turkey,1,M2 TOTAL APPAREL IMPORTS (MFA),SME,2023,9,9940780,82938674,9940780
Turkey,1,M2 TOTAL APPAREL IMPORTS (MFA),SME,2023,10,9515963,76449687,9515963
Turkey,1,M2 TOTAL APPAREL IMPORTS (MFA),SME,2023,11,9236996,66029219,9236996
Turkey,1,M2 TOTAL APPAREL IMPORTS (MFA),SME,2023,12,8144703,67266988,8144703
Turkmenistan,1,M2 TOTAL APPAREL IMPORTS (MFA),SME,2023,1,38,428,38
Turkmenistan,1,M2 TOTAL APPAREL IMPORTS (MFA),SME,2023,7,14,410,14
Turkmenistan,1,M2 TOTAL APPAREL IMPORTS (MFA),SME,2023,10,6,317,6
"Turks, Caicos Isls.",1,M2 TOTAL APPAREL IMPORTS (MFA),SME,2023,3,4548,26102,4548
"Turks, Caicos Isls.",1,M2 TOTAL APPAREL IMPORTS (MFA),SME,2023,4,72,2447,72
Tuvalu,1,M2 TOTAL APPAREL IMPORTS (MFA),SME,2023,1,554,53638,554
Tuvalu,1,M2 TOTAL APPAREL IMPORTS (MFA),SME,2023,8,45,690,45
Uganda,1,M2 TOTAL APPAREL IMPORTS (MFA),SME,2023,1,279,16698,279
Uganda,1,M2 TOTAL APPAREL IMPORTS (MFA),SME,2023,3,288,15704,288
Uganda,1,M2 TOTAL APPAREL IMPORTS (MFA),SME,2023,4,224,4860,224
Uganda,1,M2 TOTAL APPAREL IMPORTS (MFA),SME,2023,6,8784,2498,8784
Uganda,1,M2 TOTAL APPAREL IMPORTS (MFA),SME,2023,9,4183,7626,4183
Uganda,1,M2 TOTAL APPAREL IMPORTS (MFA),SME,2023,10,462,988,462
Uganda,1,M2 TOTAL APPAREL IMPORTS (MFA),SME,2023,12,45,256,45
Ukraine,1,M2 TOTAL APPAREL IMPORTS (MFA),SME,2023,1,81229,1418661,81229
Ukraine,1,M2 TOTAL APPAREL IMPORTS (MFA),SME,2023,2,70362,1024343,70362
Ukraine,1,M2 TOTAL APPAREL IMPORTS (MFA),SME,2023,3,96401,1117523,96401
Ukraine,1,M2 TOTAL APPAREL IMPORTS (MFA),SME,2023,4,75097,1164646,75097
Ukraine,1,M2 TOTAL APPAREL IMPORTS (MFA),SME,2023,5,171453,1799851,171453
Ukraine,1,M2 TOTAL APPAREL IMPORTS (MFA),SME,2023,6,188891,1571326,188891
Ukraine,1,M2 TOTAL APPAREL IMPORTS (MFA),SME,2023,7,94016,1327447,94016
Ukraine,1,M2 TOTAL APPAREL IMPORTS (MFA),SME,2023,8,130782,1106419,130782
Ukraine,1,M2 TOTAL APPAREL IMPORTS (MFA),SME,2023,9,73853,1339293,73853
Ukraine,1,M2 TOTAL APPAREL IMPORTS (MFA),SME,2023,10,55350,771400,55350
Ukraine,1,M2 TOTAL APPAREL IMPORTS (MFA),SME,2023,11,58594,851413,58594
Ukraine,1,M2 TOTAL APPAREL IMPORTS (MFA),SME,2023,12,130124,1357597,130124
United Arab Emirates,1,M2 TOTAL APPAREL IMPORTS (MFA),SME,2023,1,320328,1671483,320328
United Arab Emirates,1,M2 TOTAL APPAREL IMPORTS (MFA),SME,2023,2,398024,1173299,398024
United Arab Emirates,1,M2 TOTAL APPAREL IMPORTS (MFA),SME,2023,3,159690,1008066,159690
United Arab Emirates,1,M2 TOTAL APPAREL IMPORTS (MFA),SME,2023,4,312177,927173,312177
United Arab Emirates,1,M2 TOTAL APPAREL IMPORTS (MFA),SME,2023,5,277281,577051,277281
United Arab Emirates,1,M2 TOTAL APPAREL IMPORTS (MFA),SME,2023,6,185312,1415301,185312
United Arab Emirates,1,M2 TOTAL APPAREL IMPORTS (MFA),SME,2023,7,449807,725039,449807
United Arab Emirates,1,M2 TOTAL APPAREL IMPORTS (MFA),SME,2023,8,255829,975936,255829
United Arab Emirates,1,M2 TOTAL APPAREL IMPORTS (MFA),SME,2023,9,227755,1107322,227755
United Arab Emirates,1,M2 TOTAL APPAREL IMPORTS (MFA),SME,2023,10,165465,975856,165465
United Arab Emirates,1,M2 TOTAL APPAREL IMPORTS (MFA),SME,2023,11,473334,1792540,473334
United Arab Emirates,1,M2 TOTAL APPAREL IMPORTS (MFA),SME,2023,12,160071,837957,160071
United Kingdom,1,M2 TOTAL APPAREL IMPORTS (MFA),SME,2023,1,429739,8779858,429739
United Kingdom,1,M2 TOTAL APPAREL IMPORTS (MFA),SME,2023,2,322843,8080124,322843
United Kingdom,1,M2 TOTAL APPAREL IMPORTS (MFA),SME,2023,3,453798,9576988,453798
United Kingdom,1,M2 TOTAL APPAREL IMPORTS (MFA),SME,2023,4,760296,9846253,760296
United Kingdom,1,M2 TOTAL APPAREL IMPORTS (MFA),SME,2023,5,592044,10491300,592044
United Kingdom,1,M2 TOTAL APPAREL IMPORTS (MFA),SME,2023,6,550504,8704898,550504
United Kingdom,1,M2 TOTAL APPAREL IMPORTS (MFA),SME,2023,7,706230,10553944,706230
United Kingdom,1,M2 TOTAL APPAREL IMPORTS (MFA),SME,2023,8,1011664,11948522,1011664
United Kingdom,1,M2 TOTAL APPAREL IMPORTS (MFA),SME,2023,9,703520,11894183,703520
United Kingdom,1,M2 TOTAL APPAREL IMPORTS (MFA),SME,2023,10,731805,13242166,731805
United Kingdom,1,M2 TOTAL APPAREL IMPORTS (MFA),SME,2023,11,693007,13121179,693007
United Kingdom,1,M2 TOTAL APPAREL IMPORTS (MFA),SME,2023,12,521793,9983546,521793
Uruguay,1,M2 TOTAL APPAREL IMPORTS (MFA),SME,2023,1,3540,109254,3540
Uruguay,1,M2 TOTAL APPAREL IMPORTS (MFA),SME,2023,2,3485,76296,3485
Uruguay,1,M2 TOTAL APPAREL IMPORTS (MFA),SME,2023,3,6198,120042,6198
Uruguay,1,M2 TOTAL APPAREL IMPORTS (MFA),SME,2023,4,4874,89803,4874
Uruguay,1,M2 TOTAL APPAREL IMPORTS (MFA),SME,2023,5,5036,139785,5036
Uruguay,1,M2 TOTAL APPAREL IMPORTS (MFA),SME,2023,6,2746,79042,2746
Uruguay,1,M2 TOTAL APPAREL IMPORTS (MFA),SME,2023,7,759,61843,759
Uruguay,1,M2 TOTAL APPAREL IMPORTS (MFA),SME,2023,8,5529,233130,5529
Uruguay,1,M2 TOTAL APPAREL IMPORTS (MFA),SME,2023,9,1812,87645,1812
Uruguay,1,M2 TOTAL APPAREL IMPORTS (MFA),SME,2023,10,12070,133991,12070
Uruguay,1,M2 TOTAL APPAREL IMPORTS (MFA),SME,2023,11,6445,154651,6445
Uruguay,1,M2 TOTAL APPAREL IMPORTS (MFA),SME,2023,12,3347,86557,3347
Uzbekistan,1,M2 TOTAL APPAREL IMPORTS (MFA),SME,2023,1,25454,93124,25454
Uzbekistan,1,M2 TOTAL APPAREL IMPORTS (MFA),SME,2023,2,11461,46798,11461
Uzbekistan,1,M2 TOTAL APPAREL IMPORTS (MFA),SME,2023,3,159174,474186,159174
Uzbekistan,1,M2 TOTAL APPAREL IMPORTS (MFA),SME,2023,4,50147,179184,50147
Uzbekistan,1,M2 TOTAL APPAREL IMPORTS (MFA),SME,2023,5,16742,52943,16742
Uzbekistan,1,M2 TOTAL APPAREL IMPORTS (MFA),SME,2023,6,24192,59100,24192
Uzbekistan,1,M2 TOTAL APPAREL IMPORTS (MFA),SME,2023,7,45483,138789,45483
Uzbekistan,1,M2 TOTAL APPAREL IMPORTS (MFA),SME,2023,8,24411,74301,24411
Uzbekistan,1,M2 TOTAL APPAREL IMPORTS (MFA),SME,2023,9,21231,48074,21231
Uzbekistan,1,M2 TOTAL APPAREL IMPORTS (MFA),SME,2023,10,12240,35907,12240
Uzbekistan,1,M2 TOTAL APPAREL IMPORTS (MFA),SME,2023,11,70873,105681,70873
Uzbekistan,1,M2 TOTAL APPAREL IMPORTS (MFA),SME,2023,12,29263,119322,29263
Vanuatu,1,M2 TOTAL APPAREL IMPORTS (MFA),SME,2023,8,9,310,9
Venezuela,1,M2 TOTAL APPAREL IMPORTS (MFA),SME,2023,2,1760,2875,1760
Venezuela,1,M2 TOTAL APPAREL IMPORTS (MFA),SME,2023,4,1832,1113,1832
Venezuela,1,M2 TOTAL APPAREL IMPORTS (MFA),SME,2023,7,1058,2050,1058
Venezuela,1,M2 TOTAL APPAREL IMPORTS (MFA),SME,2023,9,589,3235,589
Venezuela,1,M2 TOTAL APPAREL IMPORTS (MFA),SME,2023,10,135,1170,135
Vietnam,1,M2 TOTAL APPAREL IMPORTS (MFA),SME,2023,1,343068337,1266823287,343068337
Vietnam,1,M2 TOTAL APPAREL IMPORTS (MFA),SME,2023,2,304913330,1094354739,304913330
Vietnam,1,M2 TOTAL APPAREL IMPORTS (MFA),SME,2023,3,278537658,1006632708,278537658
Vietnam,1,M2 TOTAL APPAREL IMPORTS (MFA),SME,2023,4,286524223,1000390959,286524223
Vietnam,1,M2 TOTAL APPAREL IMPORTS (MFA),SME,2023,5,305291735,1124515912,305291735
Vietnam,1,M2 TOTAL APPAREL IMPORTS (MFA),SME,2023,6,316610130,1243364619,316610130
Vietnam,1,M2 TOTAL APPAREL IMPORTS (MFA),SME,2023,7,367820253,1477066416,367820253
Vietnam,1,M2 TOTAL APPAREL IMPORTS (MFA),SME,2023,8,363105233,1443116978,363105233
Vietnam,1,M2 TOTAL APPAREL IMPORTS (MFA),SME,2023,9,374976121,1415804068,374976121
Vietnam,1,M2 TOTAL APPAREL IMPORTS (MFA),SME,2023,10,304914900,1151861964,304914900
Vietnam,1,M2 TOTAL APPAREL IMPORTS (MFA),SME,2023,11,266730875,953048355,266730875
Vietnam,1,M2 TOTAL APPAREL IMPORTS (MFA),SME,2023,12,295556486,999642754,295556486
Wallis and Futuna,1,M2 TOTAL APPAREL IMPORTS (MFA),SME,2023,5,45,979,45
Western Samoa,1,M2 TOTAL APPAREL IMPORTS (MFA),SME,2023,5,38,1065,38
Western Samoa,1,M2 TOTAL APPAREL IMPORTS (MFA),SME,2023,8,30,292,30
Western Samoa,1,M2 TOTAL APPAREL IMPORTS (MFA),SME,2023,9,230,567,230
World,1,M2 TOTAL APPAREL IMPORTS (MFA),SME,2023,1,2155342422,7236876269,2155342422
World,1,M2 TOTAL APPAREL IMPORTS (MFA),SME,2023,2,1810478920,5977907223,1810478920
World,1,M2 TOTAL APPAREL IMPORTS (MFA),SME,2023,3,1857830263,6252951102,1857830263
World,1,M2 TOTAL APPAREL IMPORTS (MFA),SME,2023,4,1772134178,5739629222,1772134178
World,1,M2 TOTAL APPAREL IMPORTS (MFA),SME,2023,5,1990318335,6307363305,1990318335
World,1,M2 TOTAL APPAREL IMPORTS (MFA),SME,2023,6,2050164611,6532144970,2050164611
World,1,M2 TOTAL APPAREL IMPORTS (MFA),SME,2023,7,2390561766,7697162087,2390561766
World,1,M2 TOTAL APPAREL IMPORTS (MFA),SME,2023,8,2468499129,7712957911,2468499129
World,1,M2 TOTAL APPAREL IMPORTS (MFA),SME,2023,9,2369049031,7373371324,2369049031
World,1,M2 TOTAL APPAREL IMPORTS (MFA),SME,2023,10,2027357146,6435333943,2027357146
World,1,M2 TOTAL APPAREL IMPORTS (MFA),SME,2023,11,1646251345,5142608204,1646251345
World,1,M2 TOTAL APPAREL IMPORTS (MFA),SME,2023,12,1798083002,5432039694,1798083002
Yemen,1,M2 TOTAL APPAREL IMPORTS (MFA),SME,2023,1,34238,29515,34238
Yemen,1,M2 TOTAL APPAREL IMPORTS (MFA),SME,2023,2,14898,11773,14898
Yemen,1,M2 TOTAL APPAREL IMPORTS (MFA),SME,2023,3,455,1000,455
Yemen,1,M2 TOTAL APPAREL IMPORTS (MFA),SME,2023,4,6370,5602,6370
Yemen,1,M2 TOTAL APPAREL IMPORTS (MFA),SME,2023,5,4462,4949,4462
Yemen,1,M2 TOTAL APPAREL IMPORTS (MFA),SME,2023,6,15838,20156,15838
Yemen,1,M2 TOTAL APPAREL IMPORTS (MFA),SME,2023,7,8893,34144,8893
Yemen,1,M2 TOTAL APPAREL IMPORTS (MFA),SME,2023,8,1379,1320,1379
Yemen,1,M2 TOTAL APPAREL IMPORTS (MFA),SME,2023,9,1421,6350,1421
Yemen,1,M2 TOTAL APPAREL IMPORTS (MFA),SME,2023,10,13,400,13
Yemen,1,M2 TOTAL APPAREL IMPORTS (MFA),SME,2023,12,2045,4472,2045
Zambia,1,M2 TOTAL APPAREL IMPORTS (MFA),SME,2023,9,53,585,53
Zimbabwe,1,M2 TOTAL APPAREL IMPORTS (MFA),SME,2023,2,5815,22667,5815
Zimbabwe,1,M2 TOTAL APPAREL IMPORTS (MFA),SME,2023,3,8199,33508,8199
Zimbabwe,1,M2 TOTAL APPAREL IMPORTS (MFA),SME,2023,4,5670,20008,5670
Zimbabwe,1,M2 TOTAL APPAREL IMPORTS (MFA),SME,2023,6,8316,36727,8316
Zimbabwe,1,M2 TOTAL APPAREL IMPORTS (MFA),SME,2023,7,3488,15542,3488
Zimbabwe,1,M2 TOTAL APPAREL IMPORTS (MFA),SME,2023,8,9188,40042,9188
Zimbabwe,1,M2 TOTAL APPAREL IMPORTS (MFA),SME,2023,9,4926,25415,4926
Zimbabwe,1,M2 TOTAL APPAREL IMPORTS (MFA),SME,2023,10,32509,121360,32509
Zimbabwe,1,M2 TOTAL APPAREL IMPORTS (MFA),SME,2023,11,137,1228,137
Zimbabwe,1,M2 TOTAL APPAREL IMPORTS (MFA),SME,2023,12,5670,21224,5670
_ANDEAN (ATPA),1,M2 TOTAL APPAREL IMPORTS (MFA),SME,2022,1,176633,539423,176633
_ANDEAN (ATPA),1,M2 TOTAL APPAREL IMPORTS (MFA),SME,2022,2,122473,459450,122473
_ANDEAN (ATPA),1,M2 TOTAL APPAREL IMPORTS (MFA),SME,2022,3,100921,272818,100921
_ANDEAN (ATPA),1,M2 TOTAL APPAREL IMPORTS (MFA),SME,2022,4,206089,355222,206089
_ANDEAN (ATPA),1,M2 TOTAL APPAREL IMPORTS (MFA),SME,2022,5,153794,338484,153794
_ANDEAN (ATPA),1,M2 TOTAL APPAREL IMPORTS (MFA),SME,2022,6,183844,383847,183844
_ANDEAN (ATPA),1,M2 TOTAL APPAREL IMPORTS (MFA),SME,2022,7,254488,596106,254488
_ANDEAN (ATPA),1,M2 TOTAL APPAREL IMPORTS (MFA),SME,2022,8,324062,864584,324062
_ANDEAN (ATPA),1,M2 TOTAL APPAREL IMPORTS (MFA),SME,2022,9,561170,1113606,561170
_ANDEAN (ATPA),1,M2 TOTAL APPAREL IMPORTS (MFA),SME,2022,10,409366,716156,409366
_ANDEAN (ATPA),1,M2 TOTAL APPAREL IMPORTS (MFA),SME,2022,11,343172,692189,343172
_ANDEAN (ATPA),1,M2 TOTAL APPAREL IMPORTS (MFA),SME,2022,12,214790,437155,214790
_ASEAN,1,M2 TOTAL APPAREL IMPORTS (MFA),SME,2022,1,649859427,2212316669,649859427
_ASEAN,1,M2 TOTAL APPAREL IMPORTS (MFA),SME,2022,2,715215285,2304730611,715215285
_ASEAN,1,M2 TOTAL APPAREL IMPORTS (MFA),SME,2022,3,911164163,3030475213,911164163
_ASEAN,1,M2 TOTAL APPAREL IMPORTS (MFA),SME,2022,4,844703745,2748689624,844703745
_ASEAN,1,M2 TOTAL APPAREL IMPORTS (MFA),SME,2022,5,785210357,2721227517,785210357
_ASEAN,1,M2 TOTAL APPAREL IMPORTS (MFA),SME,2022,6,675182488,2539103243,675182488
_ASEAN,1,M2 TOTAL APPAREL IMPORTS (MFA),SME,2022,7,694996179,2750571060,694996179
_ASEAN,1,M2 TOTAL APPAREL IMPORTS (MFA),SME,2022,8,781673496,3110545888,781673496
_ASEAN,1,M2 TOTAL APPAREL IMPORTS (MFA),SME,2022,9,753348808,3030461852,753348808
_ASEAN,1,M2 TOTAL APPAREL IMPORTS (MFA),SME,2022,10,615106014,2529331183,615106014
_ASEAN,1,M2 TOTAL APPAREL IMPORTS (MFA),SME,2022,11,426422749,1730318430,426422749
_ASEAN,1,M2 TOTAL APPAREL IMPORTS (MFA),SME,2022,12,505888027,1935834614,505888027
_CAFTA-DR,1,M2 TOTAL APPAREL IMPORTS (MFA),SME,2022,1,186775760,628451779,186775760
_CAFTA-DR,1,M2 TOTAL APPAREL IMPORTS (MFA),SME,2022,2,221018972,724768749,221018972
_CAFTA-DR,1,M2 TOTAL APPAREL IMPORTS (MFA),SME,2022,3,287066217,948339867,287066217
_CAFTA-DR,1,M2 TOTAL APPAREL IMPORTS (MFA),SME,2022,4,240282715,802240101,240282715
_CAFTA-DR,1,M2 TOTAL APPAREL IMPORTS (MFA),SME,2022,5,254821287,865000214,254821287
_CAFTA-DR,1,M2 TOTAL APPAREL IMPORTS (MFA),SME,2022,6,258442084,924426824,258442084
_CAFTA-DR,1,M2 TOTAL APPAREL IMPORTS (MFA),SME,2022,7,261971705,951075279,261971705
_CAFTA-DR,1,M2 TOTAL APPAREL IMPORTS (MFA),SME,2022,8,246319434,1078635187,246319434
_CAFTA-DR,1,M2 TOTAL APPAREL IMPORTS (MFA),SME,2022,9,245061566,1038669562,245061566
_CAFTA-DR,1,M2 TOTAL APPAREL IMPORTS (MFA),SME,2022,10,205735509,912529750,205735509
_CAFTA-DR,1,M2 TOTAL APPAREL IMPORTS (MFA),SME,2022,11,213997068,871225531,213997068
_CAFTA-DR,1,M2 TOTAL APPAREL IMPORTS (MFA),SME,2022,12,205758487,772776510,205758487
_CBI,1,M2 TOTAL APPAREL IMPORTS (MFA),SME,2022,1,21245160,54879276,21245160
_CBI,1,M2 TOTAL APPAREL IMPORTS (MFA),SME,2022,2,30943998,71672732,30943998
_CBI,1,M2 TOTAL APPAREL IMPORTS (MFA),SME,2022,3,34958770,86614229,34958770
_CBI,1,M2 TOTAL APPAREL IMPORTS (MFA),SME,2022,4,47838064,122661786,47838064
_CBI,1,M2 TOTAL APPAREL IMPORTS (MFA),SME,2022,5,37340976,90496645,37340976
_CBI,1,M2 TOTAL APPAREL IMPORTS (MFA),SME,2022,6,35211247,95165196,35211247
_CBI,1,M2 TOTAL APPAREL IMPORTS (MFA),SME,2022,7,36646292,95858353,36646292
_CBI,1,M2 TOTAL APPAREL IMPORTS (MFA),SME,2022,8,39441646,108668346,39441646
_CBI,1,M2 TOTAL APPAREL IMPORTS (MFA),SME,2022,9,24778388,69650987,24778388
_CBI,1,M2 TOTAL APPAREL IMPORTS (MFA),SME,2022,10,12914152,32967628,12914152
_CBI,1,M2 TOTAL APPAREL IMPORTS (MFA),SME,2022,11,13503908,39299714,13503908
_CBI,1,M2 TOTAL APPAREL IMPORTS (MFA),SME,2022,12,34639980,102114822,34639980
_EU (2020-present),1,M2 TOTAL APPAREL IMPORTS (MFA),SME,2022,1,12193496,206726884,12193496
_EU (2020-present),1,M2 TOTAL APPAREL IMPORTS (MFA),SME,2022,2,11815454,232325708,11815454
_EU (2020-present),1,M2 TOTAL APPAREL IMPORTS (MFA),SME,2022,3,12236854,250307172,12236854
_EU (2020-present),1,M2 TOTAL APPAREL IMPORTS (MFA),SME,2022,4,13260867,225761779,13260867
_EU (2020-present),1,M2 TOTAL APPAREL IMPORTS (MFA),SME,2022,5,14489929,257370008,14489929
_EU (2020-present),1,M2 TOTAL APPAREL IMPORTS (MFA),SME,2022,6,12472523,255596009,12472523
_EU (2020-present),1,M2 TOTAL APPAREL IMPORTS (MFA),SME,2022,7,11885150,255849850,11885150
_EU (2020-present),1,M2 TOTAL APPAREL IMPORTS (MFA),SME,2022,8,12995167,274826732,12995167
_EU (2020-present),1,M2 TOTAL APPAREL IMPORTS (MFA),SME,2022,9,10959280,254465224,10959280
_EU (2020-present),1,M2 TOTAL APPAREL IMPORTS (MFA),SME,2022,10,12940121,286112559,12940121
_EU (2020-present),1,M2 TOTAL APPAREL IMPORTS (MFA),SME,2022,11,11251712,269629568,11251712
_EU (2020-present),1,M2 TOTAL APPAREL IMPORTS (MFA),SME,2022,12,10809777,258480713,10809777
_EU27 (2007-2012),1,M2 TOTAL APPAREL IMPORTS (MFA),SME,2022,1,13603104,214978560,13603104
_EU27 (2007-2012),1,M2 TOTAL APPAREL IMPORTS (MFA),SME,2022,2,13004150,240328351,13004150
_EU27 (2007-2012),1,M2 TOTAL APPAREL IMPORTS (MFA),SME,2022,3,13511083,259340045,13511083
_EU27 (2007-2012),1,M2 TOTAL APPAREL IMPORTS (MFA),SME,2022,4,14209746,236013023,14209746
_EU27 (2007-2012),1,M2 TOTAL APPAREL IMPORTS (MFA),SME,2022,5,15682597,268128275,15682597
_EU27 (2007-2012),1,M2 TOTAL APPAREL IMPORTS (MFA),SME,2022,6,12890548,264168828,12890548
_EU27 (2007-2012),1,M2 TOTAL APPAREL IMPORTS (MFA),SME,2022,7,12878210,266568437,12878210
_EU27 (2007-2012),1,M2 TOTAL APPAREL IMPORTS (MFA),SME,2022,8,13478538,285270559,13478538
_EU27 (2007-2012),1,M2 TOTAL APPAREL IMPORTS (MFA),SME,2022,9,11347171,264359406,11347171
_EU27 (2007-2012),1,M2 TOTAL APPAREL IMPORTS (MFA),SME,2022,10,13362106,297082473,13362106
_EU27 (2007-2012),1,M2 TOTAL APPAREL IMPORTS (MFA),SME,2022,11,11663879,279913924,11663879
_EU27 (2007-2012),1,M2 TOTAL APPAREL IMPORTS (MFA),SME,2022,12,11230101,268586064,11230101
_EU28 (2013-2019),1,M2 TOTAL APPAREL IMPORTS (MFA),SME,2022,1,13628276,215354168,13628276
_EU28 (2013-2019),1,M2 TOTAL APPAREL IMPORTS (MFA),SME,2022,2,13065999,241300007,13065999
_EU28 (2013-2019),1,M2 TOTAL APPAREL IMPORTS (MFA),SME,2022,3,13563116,260322277,13563116
_EU28 (2013-2019),1,M2 TOTAL APPAREL IMPORTS (MFA),SME,2022,4,14239991,236415357,14239991
_EU28 (2013-2019),1,M2 TOTAL APPAREL IMPORTS (MFA),SME,2022,5,15716351,269069677,15716351
_EU28 (2013-2019),1,M2 TOTAL APPAREL IMPORTS (MFA),SME,2022,6,12934840,265096115,12934840
_EU28 (2013-2019),1,M2 TOTAL APPAREL IMPORTS (MFA),SME,2022,7,12933329,267205897,12933329
_EU28 (2013-2019),1,M2 TOTAL APPAREL IMPORTS (MFA),SME,2022,8,13533348,286042943,13533348
_EU28 (2013-2019),1,M2 TOTAL APPAREL IMPORTS (MFA),SME,2022,9,11400529,265141823,11400529
_EU28 (2013-2019),1,M2 TOTAL APPAREL IMPORTS (MFA),SME,2022,10,13435332,298500026,13435332
_EU28 (2013-2019),1,M2 TOTAL APPAREL IMPORTS (MFA),SME,2022,11,11699332,280501232,11699332
_EU28 (2013-2019),1,M2 TOTAL APPAREL IMPORTS (MFA),SME,2022,12,11264359,269248330,11264359
_SUB-SAHARA,1,M2 TOTAL APPAREL IMPORTS (MFA),SME,2022,1,44520190,154777826,44520190
_SUB-SAHARA,1,M2 TOTAL APPAREL IMPORTS (MFA),SME,2022,2,25880068,104430283,25880068
_SUB-SAHARA,1,M2 TOTAL APPAREL IMPORTS (MFA),SME,2022,3,41127163,146623311,41127163
_SUB-SAHARA,1,M2 TOTAL APPAREL IMPORTS (MFA),SME,2022,4,39911199,138356947,39911199
_SUB-SAHARA,1,M2 TOTAL APPAREL IMPORTS (MFA),SME,2022,5,44144582,157682261,44144582
_SUB-SAHARA,1,M2 TOTAL APPAREL IMPORTS (MFA),SME,2022,6,33226204,129897051,33226204
_SUB-SAHARA,1,M2 TOTAL APPAREL IMPORTS (MFA),SME,2022,7,42282489,160991121,42282489
_SUB-SAHARA,1,M2 TOTAL APPAREL IMPORTS (MFA),SME,2022,8,40102232,170847411,40102232
_SUB-SAHARA,1,M2 TOTAL APPAREL IMPORTS (MFA),SME,2022,9,40454866,171086837,40454866
_SUB-SAHARA,1,M2 TOTAL APPAREL IMPORTS (MFA),SME,2022,10,33437240,150745748,33437240
_SUB-SAHARA,1,M2 TOTAL APPAREL IMPORTS (MFA),SME,2022,11,39104233,135137542,39104233
_SUB-SAHARA,1,M2 TOTAL APPAREL IMPORTS (MFA),SME,2022,12,39323954,144141631,39323954
_USMCA,1,M2 TOTAL APPAREL IMPORTS (MFA),SME,2022,1,68208838,261784202,68208838
_USMCA,1,M2 TOTAL APPAREL IMPORTS (MFA),SME,2022,2,71458907,287587457,71458907
_USMCA,1,M2 TOTAL APPAREL IMPORTS (MFA),SME,2022,3,85343173,337218257,85343173
_USMCA,1,M2 TOTAL APPAREL IMPORTS (MFA),SME,2022,4,73265118,297265594,73265118
_USMCA,1,M2 TOTAL APPAREL IMPORTS (MFA),SME,2022,5,75101678,317516265,75101678
_USMCA,1,M2 TOTAL APPAREL IMPORTS (MFA),SME,2022,6,72345439,319536174,72345439
_USMCA,1,M2 TOTAL APPAREL IMPORTS (MFA),SME,2022,7,64585108,316182160,64585108
_USMCA,1,M2 TOTAL APPAREL IMPORTS (MFA),SME,2022,8,68642772,333922032,68642772
_USMCA,1,M2 TOTAL APPAREL IMPORTS (MFA),SME,2022,9,62508244,319485830,62508244
_USMCA,1,M2 TOTAL APPAREL IMPORTS (MFA),SME,2022,10,66794860,344420623,66794860
_USMCA,1,M2 TOTAL APPAREL IMPORTS (MFA),SME,2022,11,59422694,317324786,59422694
_USMCA,1,M2 TOTAL APPAREL IMPORTS (MFA),SME,2022,12,53585980,277043307,53585980
_W HEMI,1,M2 TOTAL APPAREL IMPORTS (MFA),SME,2022,1,287206395,1037609905,287206395
_W HEMI,1,M2 TOTAL APPAREL IMPORTS (MFA),SME,2022,2,335829799,1183669405,335829799
_W HEMI,1,M2 TOTAL APPAREL IMPORTS (MFA),SME,2022,3,423351196,1496725869,423351196
_W HEMI,1,M2 TOTAL APPAREL IMPORTS (MFA),SME,2022,4,375884692,1330896201,375884692
_W HEMI,1,M2 TOTAL APPAREL IMPORTS (MFA),SME,2022,5,381430641,1395138257,381430641
_W HEMI,1,M2 TOTAL APPAREL IMPORTS (MFA),SME,2022,6,380865601,1465307898,380865601
_W HEMI,1,M2 TOTAL APPAREL IMPORTS (MFA),SME,2022,7,376031687,1477582557,376031687
_W HEMI,1,M2 TOTAL APPAREL IMPORTS (MFA),SME,2022,8,369420952,1643296210,369420952
_W HEMI,1,M2 TOTAL APPAREL IMPORTS (MFA),SME,2022,9,346692212,1541455268,346692212
_W HEMI,1,M2 TOTAL APPAREL IMPORTS (MFA),SME,2022,10,297413688,1405695366,297413688
_W HEMI,1,M2 TOTAL APPAREL IMPORTS (MFA),SME,2022,11,297508262,1314599257,297508262
_W HEMI,1,M2 TOTAL APPAREL IMPORTS (MFA),SME,2022,12,306090222,1257554126,306090222
Afghanistan,1,M2 TOTAL APPAREL IMPORTS (MFA),SME,2022,1,45,1014,45
Afghanistan,1,M2 TOTAL APPAREL IMPORTS (MFA),SME,2022,2,78,4321,78
Afghanistan,1,M2 TOTAL APPAREL IMPORTS (MFA),SME,2022,3,748,6010,748
Afghanistan,1,M2 TOTAL APPAREL IMPORTS (MFA),SME,2022,4,5813,6029,5813
Afghanistan,1,M2 TOTAL APPAREL IMPORTS (MFA),SME,2022,5,38,1180,38
Afghanistan,1,M2 TOTAL APPAREL IMPORTS (MFA),SME,2022,6,18,643,18
Afghanistan,1,M2 TOTAL APPAREL IMPORTS (MFA),SME,2022,7,15,350,15
Afghanistan,1,M2 TOTAL APPAREL IMPORTS (MFA),SME,2022,8,13,398,13
Afghanistan,1,M2 TOTAL APPAREL IMPORTS (MFA),SME,2022,9,2750,2935,2750
Afghanistan,1,M2 TOTAL APPAREL IMPORTS (MFA),SME,2022,10,38,3200,38
Afghanistan,1,M2 TOTAL APPAREL IMPORTS (MFA),SME,2022,11,346,4940,346
Afghanistan,1,M2 TOTAL APPAREL IMPORTS (MFA),SME,2022,12,8967,18998,8967
Albania,1,M2 TOTAL APPAREL IMPORTS (MFA),SME,2022,1,61494,733056,61494
Albania,1,M2 TOTAL APPAREL IMPORTS (MFA),SME,2022,2,121369,1194255,121369
Albania,1,M2 TOTAL APPAREL IMPORTS (MFA),SME,2022,3,90319,1049672,90319
Albania,1,M2 TOTAL APPAREL IMPORTS (MFA),SME,2022,4,137262,419777,137262
Albania,1,M2 TOTAL APPAREL IMPORTS (MFA),SME,2022,5,125318,1720013,125318
Albania,1,M2 TOTAL APPAREL IMPORTS (MFA),SME,2022,6,66226,1076116,66226
Albania,1,M2 TOTAL APPAREL IMPORTS (MFA),SME,2022,7,72826,957644,72826
Albania,1,M2 TOTAL APPAREL IMPORTS (MFA),SME,2022,8,66525,980029,66525
Albania,1,M2 TOTAL APPAREL IMPORTS (MFA),SME,2022,9,45006,631750,45006
Albania,1,M2 TOTAL APPAREL IMPORTS (MFA),SME,2022,10,35709,666288,35709
Albania,1,M2 TOTAL APPAREL IMPORTS (MFA),SME,2022,11,41390,1214892,41390
Albania,1,M2 TOTAL APPAREL IMPORTS (MFA),SME,2022,12,47063,957048,47063
Algeria,1,M2 TOTAL APPAREL IMPORTS (MFA),SME,2022,1,4753,86530,4753
Algeria,1,M2 TOTAL APPAREL IMPORTS (MFA),SME,2022,3,4174,34281,4174
Algeria,1,M2 TOTAL APPAREL IMPORTS (MFA),SME,2022,6,15,588,15
Algeria,1,M2 TOTAL APPAREL IMPORTS (MFA),SME,2022,10,12,1365,12
Algeria,1,M2 TOTAL APPAREL IMPORTS (MFA),SME,2022,11,162,4001,162
Anguilla,1,M2 TOTAL APPAREL IMPORTS (MFA),SME,2022,8,29,258,29
Anguilla,1,M2 TOTAL APPAREL IMPORTS (MFA),SME,2022,9,14,506,14
Antigua and Barbuda,1,M2 TOTAL APPAREL IMPORTS (MFA),SME,2022,2,48,963,48
Argentina,1,M2 TOTAL APPAREL IMPORTS (MFA),SME,2022,1,6461,44431,6461
Argentina,1,M2 TOTAL APPAREL IMPORTS (MFA),SME,2022,2,11830,76526,11830
Argentina,1,M2 TOTAL APPAREL IMPORTS (MFA),SME,2022,3,4880,11384,4880
Argentina,1,M2 TOTAL APPAREL IMPORTS (MFA),SME,2022,4,31117,230605,31117
Argentina,1,M2 TOTAL APPAREL IMPORTS (MFA),SME,2022,5,4063,21080,4063
Argentina,1,M2 TOTAL APPAREL IMPORTS (MFA),SME,2022,6,1916,10864,1916
Argentina,1,M2 TOTAL APPAREL IMPORTS (MFA),SME,2022,7,7485,60185,7485
Argentina,1,M2 TOTAL APPAREL IMPORTS (MFA),SME,2022,8,8687,69784,8687
Argentina,1,M2 TOTAL APPAREL IMPORTS (MFA),SME,2022,9,6205,107915,6205
Argentina,1,M2 TOTAL APPAREL IMPORTS (MFA),SME,2022,10,2986,22176,2986
Argentina,1,M2 TOTAL APPAREL IMPORTS (MFA),SME,2022,11,10589,50147,10589
Argentina,1,M2 TOTAL APPAREL IMPORTS (MFA),SME,2022,12,3844,16048,3844
Armenia,1,M2 TOTAL APPAREL IMPORTS (MFA),SME,2022,1,16004,383479,16004
Armenia,1,M2 TOTAL APPAREL IMPORTS (MFA),SME,2022,2,23859,378713,23859
Armenia,1,M2 TOTAL APPAREL IMPORTS (MFA),SME,2022,3,26335,481738,26335
Armenia,1,M2 TOTAL APPAREL IMPORTS (MFA),SME,2022,4,27894,395032,27894
Armenia,1,M2 TOTAL APPAREL IMPORTS (MFA),SME,2022,5,36671,645800,36671
Armenia,1,M2 TOTAL APPAREL IMPORTS (MFA),SME,2022,6,46450,818216,46450
Armenia,1,M2 TOTAL APPAREL IMPORTS (MFA),SME,2022,7,45421,802892,45421
Armenia,1,M2 TOTAL APPAREL IMPORTS (MFA),SME,2022,8,67770,1413841,67770
Armenia,1,M2 TOTAL APPAREL IMPORTS (MFA),SME,2022,9,26648,651758,26648
Armenia,1,M2 TOTAL APPAREL IMPORTS (MFA),SME,2022,10,41739,915215,41739
Armenia,1,M2 TOTAL APPAREL IMPORTS (MFA),SME,2022,11,45186,944052,45186
Armenia,1,M2 TOTAL APPAREL IMPORTS (MFA),SME,2022,12,34283,701946,34283
Aruba,1,M2 TOTAL APPAREL IMPORTS (MFA),SME,2022,2,30,689,30
Aruba,1,M2 TOTAL APPAREL IMPORTS (MFA),SME,2022,5,15,534,15
Australia,1,M2 TOTAL APPAREL IMPORTS (MFA),SME,2022,1,106405,1297400,106405
Australia,1,M2 TOTAL APPAREL IMPORTS (MFA),SME,2022,2,88608,1751097,88608
Australia,1,M2 TOTAL APPAREL IMPORTS (MFA),SME,2022,3,120298,2410211,120298
Australia,1,M2 TOTAL APPAREL IMPORTS (MFA),SME,2022,4,142889,2606015,142889
Australia,1,M2 TOTAL APPAREL IMPORTS (MFA),SME,2022,5,160316,1978101,160316
Australia,1,M2 TOTAL APPAREL IMPORTS (MFA),SME,2022,6,91432,1697490,91432
Australia,1,M2 TOTAL APPAREL IMPORTS (MFA),SME,2022,7,93563,1718536,93563
Australia,1,M2 TOTAL APPAREL IMPORTS (MFA),SME,2022,8,72511,1563290,72511
Australia,1,M2 TOTAL APPAREL IMPORTS (MFA),SME,2022,9,82937,1279174,82937
Australia,1,M2 TOTAL APPAREL IMPORTS (MFA),SME,2022,10,54178,1080811,54178
Australia,1,M2 TOTAL APPAREL IMPORTS (MFA),SME,2022,11,53478,995588,53478
Australia,1,M2 TOTAL APPAREL IMPORTS (MFA),SME,2022,12,93738,1775138,93738
Austria,1,M2 TOTAL APPAREL IMPORTS (MFA),SME,2022,1,28827,331083,28827
Austria,1,M2 TOTAL APPAREL IMPORTS (MFA),SME,2022,2,33931,423987,33931
Austria,1,M2 TOTAL APPAREL IMPORTS (MFA),SME,2022,3,42330,370214,42330
Austria,1,M2 TOTAL APPAREL IMPORTS (MFA),SME,2022,4,30742,302857,30742
Austria,1,M2 TOTAL APPAREL IMPORTS (MFA),SME,2022,5,14831,253078,14831
Austria,1,M2 TOTAL APPAREL IMPORTS (MFA),SME,2022,6,21287,268684,21287
Austria,1,M2 TOTAL APPAREL IMPORTS (MFA),SME,2022,7,40096,466175,40096
Austria,1,M2 TOTAL APPAREL IMPORTS (MFA),SME,2022,8,15030,217047,15030
Austria,1,M2 TOTAL APPAREL IMPORTS (MFA),SME,2022,9,43503,873817,43503
Austria,1,M2 TOTAL APPAREL IMPORTS (MFA),SME,2022,10,60321,1072466,60321
Austria,1,M2 TOTAL APPAREL IMPORTS (MFA),SME,2022,11,52098,977764,52098
Austria,1,M2 TOTAL APPAREL IMPORTS (MFA),SME,2022,12,40091,735724,40091
Azerbaijan,1,M2 TOTAL APPAREL IMPORTS (MFA),SME,2022,11,41,2035,41
Bahamas,1,M2 TOTAL APPAREL IMPORTS (MFA),SME,2022,3,126,4720,126
Bahamas,1,M2 TOTAL APPAREL IMPORTS (MFA),SME,2022,5,38,2217,38
Bahamas,1,M2 TOTAL APPAREL IMPORTS (MFA),SME,2022,6,68,2295,68
Bahamas,1,M2 TOTAL APPAREL IMPORTS (MFA),SME,2022,7,96,6613,96
Bahamas,1,M2 TOTAL APPAREL IMPORTS (MFA),SME,2022,9,1100,5376,1100
Bahamas,1,M2 TOTAL APPAREL IMPORTS (MFA),SME,2022,10,27,2359,27
Bahamas,1,M2 TOTAL APPAREL IMPORTS (MFA),SME,2022,11,53,1381,53
Bahrain,1,M2 TOTAL APPAREL IMPORTS (MFA),SME,2022,2,720,1978,720
Bahrain,1,M2 TOTAL APPAREL IMPORTS (MFA),SME,2022,3,35,360,35
Bahrain,1,M2 TOTAL APPAREL IMPORTS (MFA),SME,2022,4,15,283,15
Bahrain,1,M2 TOTAL APPAREL IMPORTS (MFA),SME,2022,6,388,6537,388
Bahrain,1,M2 TOTAL APPAREL IMPORTS (MFA),SME,2022,7,56,2349,56
Bahrain,1,M2 TOTAL APPAREL IMPORTS (MFA),SME,2022,8,1036,45133,1036
Bahrain,1,M2 TOTAL APPAREL IMPORTS (MFA),SME,2022,9,471,11573,471
Bahrain,1,M2 TOTAL APPAREL IMPORTS (MFA),SME,2022,10,3111,107750,3111
Bahrain,1,M2 TOTAL APPAREL IMPORTS (MFA),SME,2022,11,1582,71699,1582
Bangladesh,1,M2 TOTAL APPAREL IMPORTS (MFA),SME,2022,1,282214084,750969521,282214084
Bangladesh,1,M2 TOTAL APPAREL IMPORTS (MFA),SME,2022,2,247973904,683052192,247973904
Bangladesh,1,M2 TOTAL APPAREL IMPORTS (MFA),SME,2022,3,379283134,1029168016,379283134
Bangladesh,1,M2 TOTAL APPAREL IMPORTS (MFA),SME,2022,4,287199750,819354568,287199750
Bangladesh,1,M2 TOTAL APPAREL IMPORTS (MFA),SME,2022,5,278755733,811834442,278755733
Bangladesh,1,M2 TOTAL APPAREL IMPORTS (MFA),SME,2022,6,284504648,908568347,284504648
Bangladesh,1,M2 TOTAL APPAREL IMPORTS (MFA),SME,2022,7,203336253,693753229,203336253
Bangladesh,1,M2 TOTAL APPAREL IMPORTS (MFA),SME,2022,8,269283922,928523673,269283922
Bangladesh,1,M2 TOTAL APPAREL IMPORTS (MFA),SME,2022,9,266362424,911070362,266362424
Bangladesh,1,M2 TOTAL APPAREL IMPORTS (MFA),SME,2022,10,262785238,910694778,262785238
Bangladesh,1,M2 TOTAL APPAREL IMPORTS (MFA),SME,2022,11,167974800,597323745,167974800
Bangladesh,1,M2 TOTAL APPAREL IMPORTS (MFA),SME,2022,12,206291261,683919611,206291261
Barbados,1,M2 TOTAL APPAREL IMPORTS (MFA),SME,2022,3,2652,7297,2652
Barbados,1,M2 TOTAL APPAREL IMPORTS (MFA),SME,2022,4,85,612,85
Barbados,1,M2 TOTAL APPAREL IMPORTS (MFA),SME,2022,5,212,846,212
Barbados,1,M2 TOTAL APPAREL IMPORTS (MFA),SME,2022,8,3416,14240,3416
Barbados,1,M2 TOTAL APPAREL IMPORTS (MFA),SME,2022,12,141,2114,141
Belarus,1,M2 TOTAL APPAREL IMPORTS (MFA),SME,2022,1,2687,20817,2687
Belarus,1,M2 TOTAL APPAREL IMPORTS (MFA),SME,2022,2,22795,59055,22795
Belarus,1,M2 TOTAL APPAREL IMPORTS (MFA),SME,2022,3,1332,13395,1332
Belarus,1,M2 TOTAL APPAREL IMPORTS (MFA),SME,2022,4,7243,49567,7243
Belarus,1,M2 TOTAL APPAREL IMPORTS (MFA),SME,2022,5,769,21198,769
Belarus,1,M2 TOTAL APPAREL IMPORTS (MFA),SME,2022,6,825,21460,825
Belarus,1,M2 TOTAL APPAREL IMPORTS (MFA),SME,2022,7,891,2573,891
Belarus,1,M2 TOTAL APPAREL IMPORTS (MFA),SME,2022,8,316,2038,316
Belarus,1,M2 TOTAL APPAREL IMPORTS (MFA),SME,2022,9,43,1428,43
Belarus,1,M2 TOTAL APPAREL IMPORTS (MFA),SME,2022,10,4918,10027,4918
Belarus,1,M2 TOTAL APPAREL IMPORTS (MFA),SME,2022,11,20478,26396,20478
Belarus,1,M2 TOTAL APPAREL IMPORTS (MFA),SME,2022,12,88,929,88
Belgium,1,M2 TOTAL APPAREL IMPORTS (MFA),SME,2022,1,10115,293355,10115
Belgium,1,M2 TOTAL APPAREL IMPORTS (MFA),SME,2022,2,47917,1002834,47917
Belgium,1,M2 TOTAL APPAREL IMPORTS (MFA),SME,2022,3,94544,566455,94544
Belgium,1,M2 TOTAL APPAREL IMPORTS (MFA),SME,2022,4,14661,358383,14661
Belgium,1,M2 TOTAL APPAREL IMPORTS (MFA),SME,2022,5,363302,412977,363302
Belgium,1,M2 TOTAL APPAREL IMPORTS (MFA),SME,2022,6,15580,211126,15580
Belgium,1,M2 TOTAL APPAREL IMPORTS (MFA),SME,2022,7,38474,530538,38474
Belgium,1,M2 TOTAL APPAREL IMPORTS (MFA),SME,2022,8,25120,634601,25120
Belgium,1,M2 TOTAL APPAREL IMPORTS (MFA),SME,2022,9,25820,639602,25820
Belgium,1,M2 TOTAL APPAREL IMPORTS (MFA),SME,2022,10,83286,540803,83286
Belgium,1,M2 TOTAL APPAREL IMPORTS (MFA),SME,2022,11,52894,380232,52894
Belgium,1,M2 TOTAL APPAREL IMPORTS (MFA),SME,2022,12,18275,300371,18275
Belize,1,M2 TOTAL APPAREL IMPORTS (MFA),SME,2022,1,375,1034,375
Belize,1,M2 TOTAL APPAREL IMPORTS (MFA),SME,2022,6,45,1004,45
Benin,1,M2 TOTAL APPAREL IMPORTS (MFA),SME,2022,4,422,2493,422
Benin,1,M2 TOTAL APPAREL IMPORTS (MFA),SME,2022,7,26275,111481,26275
Bermuda,1,M2 TOTAL APPAREL IMPORTS (MFA),SME,2022,3,30,1128,30
Bermuda,1,M2 TOTAL APPAREL IMPORTS (MFA),SME,2022,9,172,2700,172
Bermuda,1,M2 TOTAL APPAREL IMPORTS (MFA),SME,2022,11,15,464,15
Bolivia,1,M2 TOTAL APPAREL IMPORTS (MFA),SME,2022,1,21147,239761,21147
Bolivia,1,M2 TOTAL APPAREL IMPORTS (MFA),SME,2022,2,16313,174447,16313
Bolivia,1,M2 TOTAL APPAREL IMPORTS (MFA),SME,2022,3,19931,220735,19931
Bolivia,1,M2 TOTAL APPAREL IMPORTS (MFA),SME,2022,4,47423,435252,47423
Bolivia,1,M2 TOTAL APPAREL IMPORTS (MFA),SME,2022,5,43712,459416,43712
Bolivia,1,M2 TOTAL APPAREL IMPORTS (MFA),SME,2022,6,34783,402130,34783
Bolivia,1,M2 TOTAL APPAREL IMPORTS (MFA),SME,2022,7,31570,333213,31570
Bolivia,1,M2 TOTAL APPAREL IMPORTS (MFA),SME,2022,8,32053,316133,32053
Bolivia,1,M2 TOTAL APPAREL IMPORTS (MFA),SME,2022,9,25585,379385,25585
Bolivia,1,M2 TOTAL APPAREL IMPORTS (MFA),SME,2022,10,20431,321104,20431
Bolivia,1,M2 TOTAL APPAREL IMPORTS (MFA),SME,2022,11,38540,320924,38540
Bolivia,1,M2 TOTAL APPAREL IMPORTS (MFA),SME,2022,12,31897,292111,31897
Bosnia-Hercegovina,1,M2 TOTAL APPAREL IMPORTS (MFA),SME,2022,1,24306,1075589,24306
Bosnia-Hercegovina,1,M2 TOTAL APPAREL IMPORTS (MFA),SME,2022,2,44305,960962,44305
Bosnia-Hercegovina,1,M2 TOTAL APPAREL IMPORTS (MFA),SME,2022,3,53884,784810,53884
Bosnia-Hercegovina,1,M2 TOTAL APPAREL IMPORTS (MFA),SME,2022,4,25021,539641,25021
Bosnia-Hercegovina,1,M2 TOTAL APPAREL IMPORTS (MFA),SME,2022,5,37809,672467,37809
Bosnia-Hercegovina,1,M2 TOTAL APPAREL IMPORTS (MFA),SME,2022,6,58248,1779255,58248
Bosnia-Hercegovina,1,M2 TOTAL APPAREL IMPORTS (MFA),SME,2022,7,71104,1335439,71104
Bosnia-Hercegovina,1,M2 TOTAL APPAREL IMPORTS (MFA),SME,2022,8,44562,847004,44562
Bosnia-Hercegovina,1,M2 TOTAL APPAREL IMPORTS (MFA),SME,2022,9,50873,1168063,50873
Bosnia-Hercegovina,1,M2 TOTAL APPAREL IMPORTS (MFA),SME,2022,10,93308,1495152,93308
Bosnia-Hercegovina,1,M2 TOTAL APPAREL IMPORTS (MFA),SME,2022,11,35612,792959,35612
Bosnia-Hercegovina,1,M2 TOTAL APPAREL IMPORTS (MFA),SME,2022,12,170355,789678,170355
Botswana,1,M2 TOTAL APPAREL IMPORTS (MFA),SME,2022,8,51,651,51
Brazil,1,M2 TOTAL APPAREL IMPORTS (MFA),SME,2022,1,185534,1597122,185534
Brazil,1,M2 TOTAL APPAREL IMPORTS (MFA),SME,2022,2,201901,2111971,201901
Brazil,1,M2 TOTAL APPAREL IMPORTS (MFA),SME,2022,3,264918,2930467,264918
Brazil,1,M2 TOTAL APPAREL IMPORTS (MFA),SME,2022,4,198144,2463690,198144
Brazil,1,M2 TOTAL APPAREL IMPORTS (MFA),SME,2022,5,233666,2759628,233666
Brazil,1,M2 TOTAL APPAREL IMPORTS (MFA),SME,2022,6,286462,2877670,286462
Brazil,1,M2 TOTAL APPAREL IMPORTS (MFA),SME,2022,7,183709,1477592,183709
Brazil,1,M2 TOTAL APPAREL IMPORTS (MFA),SME,2022,8,224808,2045495,224808
Brazil,1,M2 TOTAL APPAREL IMPORTS (MFA),SME,2022,9,186167,2033242,186167
Brazil,1,M2 TOTAL APPAREL IMPORTS (MFA),SME,2022,10,190894,1603365,190894
Brazil,1,M2 TOTAL APPAREL IMPORTS (MFA),SME,2022,11,174037,2314495,174037
Brazil,1,M2 TOTAL APPAREL IMPORTS (MFA),SME,2022,12,190328,2031983,190328
British Virgin Isls.,1,M2 TOTAL APPAREL IMPORTS (MFA),SME,2022,10,78,917,78
Brunei,1,M2 TOTAL APPAREL IMPORTS (MFA),SME,2022,1,65086,261248,65086
Brunei,1,M2 TOTAL APPAREL IMPORTS (MFA),SME,2022,2,91804,381231,91804
Brunei,1,M2 TOTAL APPAREL IMPORTS (MFA),SME,2022,3,104310,535507,104310
Brunei,1,M2 TOTAL APPAREL IMPORTS (MFA),SME,2022,4,127680,650919,127680
Brunei,1,M2 TOTAL APPAREL IMPORTS (MFA),SME,2022,5,35825,177502,35825
Brunei,1,M2 TOTAL APPAREL IMPORTS (MFA),SME,2022,6,36709,200319,36709
Brunei,1,M2 TOTAL APPAREL IMPORTS (MFA),SME,2022,7,65200,328953,65200
Brunei,1,M2 TOTAL APPAREL IMPORTS (MFA),SME,2022,8,63420,413942,63420
Brunei,1,M2 TOTAL APPAREL IMPORTS (MFA),SME,2022,9,113074,615024,113074
Brunei,1,M2 TOTAL APPAREL IMPORTS (MFA),SME,2022,10,77289,589049,77289
Brunei,1,M2 TOTAL APPAREL IMPORTS (MFA),SME,2022,11,49944,318523,49944
Brunei,1,M2 TOTAL APPAREL IMPORTS (MFA),SME,2022,12,141130,847999,141130
Bulgaria,1,M2 TOTAL APPAREL IMPORTS (MFA),SME,2022,1,458769,4468539,458769
Bulgaria,1,M2 TOTAL APPAREL IMPORTS (MFA),SME,2022,2,565833,5879508,565833
Bulgaria,1,M2 TOTAL APPAREL IMPORTS (MFA),SME,2022,3,479284,8784896,479284
Bulgaria,1,M2 TOTAL APPAREL IMPORTS (MFA),SME,2022,4,503663,6938319,503663
Bulgaria,1,M2 TOTAL APPAREL IMPORTS (MFA),SME,2022,5,612201,7413789,612201
Bulgaria,1,M2 TOTAL APPAREL IMPORTS (MFA),SME,2022,6,385093,6152310,385093
Bulgaria,1,M2 TOTAL APPAREL IMPORTS (MFA),SME,2022,7,378009,7231565,378009
Bulgaria,1,M2 TOTAL APPAREL IMPORTS (MFA),SME,2022,8,501791,8626625,501791
Bulgaria,1,M2 TOTAL APPAREL IMPORTS (MFA),SME,2022,9,423355,7711238,423355
Bulgaria,1,M2 TOTAL APPAREL IMPORTS (MFA),SME,2022,10,397235,7264392,397235
Bulgaria,1,M2 TOTAL APPAREL IMPORTS (MFA),SME,2022,11,359267,7723116,359267
Bulgaria,1,M2 TOTAL APPAREL IMPORTS (MFA),SME,2022,12,337467,6313768,337467
Burkina Faso,1,M2 TOTAL APPAREL IMPORTS (MFA),SME,2022,2,51875,271594,51875
Burkina Faso,1,M2 TOTAL APPAREL IMPORTS (MFA),SME,2022,3,9475,2515,9475
Burkina Faso,1,M2 TOTAL APPAREL IMPORTS (MFA),SME,2022,5,1047,5305,1047
Burkina Faso,1,M2 TOTAL APPAREL IMPORTS (MFA),SME,2022,6,21990,57130,21990
Burkina Faso,1,M2 TOTAL APPAREL IMPORTS (MFA),SME,2022,8,45,499,45
Burkina Faso,1,M2 TOTAL APPAREL IMPORTS (MFA),SME,2022,9,280,991,280
Burma (Myanmar),1,M2 TOTAL APPAREL IMPORTS (MFA),SME,2022,1,11287342,27488858,11287342
Burma (Myanmar),1,M2 TOTAL APPAREL IMPORTS (MFA),SME,2022,2,11905737,26746405,11905737
Burma (Myanmar),1,M2 TOTAL APPAREL IMPORTS (MFA),SME,2022,3,10820523,24594582,10820523
Burma (Myanmar),1,M2 TOTAL APPAREL IMPORTS (MFA),SME,2022,4,13890116,32793131,13890116
Burma (Myanmar),1,M2 TOTAL APPAREL IMPORTS (MFA),SME,2022,5,15080939,37821909,15080939
Burma (Myanmar),1,M2 TOTAL APPAREL IMPORTS (MFA),SME,2022,6,9707652,25670169,9707652
Burma (Myanmar),1,M2 TOTAL APPAREL IMPORTS (MFA),SME,2022,7,9641805,29216110,9641805
Burma (Myanmar),1,M2 TOTAL APPAREL IMPORTS (MFA),SME,2022,8,18332314,50018582,18332314
Burma (Myanmar),1,M2 TOTAL APPAREL IMPORTS (MFA),SME,2022,9,14285786,36385385,14285786
Burma (Myanmar),1,M2 TOTAL APPAREL IMPORTS (MFA),SME,2022,10,14414327,34066060,14414327
Burma (Myanmar),1,M2 TOTAL APPAREL IMPORTS (MFA),SME,2022,11,11416892,31374335,11416892
Burma (Myanmar),1,M2 TOTAL APPAREL IMPORTS (MFA),SME,2022,12,11256763,26140398,11256763
Burundi,1,M2 TOTAL APPAREL IMPORTS (MFA),SME,2022,2,9,263,9
Burundi,1,M2 TOTAL APPAREL IMPORTS (MFA),SME,2022,3,665,28570,665
Burundi,1,M2 TOTAL APPAREL IMPORTS (MFA),SME,2022,4,35,324,35
Burundi,1,M2 TOTAL APPAREL IMPORTS (MFA),SME,2022,5,750,2715,750
Burundi,1,M2 TOTAL APPAREL IMPORTS (MFA),SME,2022,6,15,262,15
Burundi,1,M2 TOTAL APPAREL IMPORTS (MFA),SME,2022,8,402,2814,402
Burundi,1,M2 TOTAL APPAREL IMPORTS (MFA),SME,2022,9,45,3440,45
Cabo Verde,1,M2 TOTAL APPAREL IMPORTS (MFA),SME,2022,2,45,766,45
Cambodia,1,M2 TOTAL APPAREL IMPORTS (MFA),SME,2022,1,105516915,325074764,105516915
Cambodia,1,M2 TOTAL APPAREL IMPORTS (MFA),SME,2022,2,120837036,339519531,120837036
Cambodia,1,M2 TOTAL APPAREL IMPORTS (MFA),SME,2022,3,144040945,413161832,144040945
Cambodia,1,M2 TOTAL APPAREL IMPORTS (MFA),SME,2022,4,133397325,376441638,133397325
Cambodia,1,M2 TOTAL APPAREL IMPORTS (MFA),SME,2022,5,126736733,364052960,126736733
Cambodia,1,M2 TOTAL APPAREL IMPORTS (MFA),SME,2022,6,101042402,338160748,101042402
Cambodia,1,M2 TOTAL APPAREL IMPORTS (MFA),SME,2022,7,128441304,415568693,128441304
Cambodia,1,M2 TOTAL APPAREL IMPORTS (MFA),SME,2022,8,142057385,459922329,142057385
Cambodia,1,M2 TOTAL APPAREL IMPORTS (MFA),SME,2022,9,129476320,479536447,129476320
Cambodia,1,M2 TOTAL APPAREL IMPORTS (MFA),SME,2022,10,91865323,342592370,91865323
Cambodia,1,M2 TOTAL APPAREL IMPORTS (MFA),SME,2022,11,60314326,232599495,60314326
Cambodia,1,M2 TOTAL APPAREL IMPORTS (MFA),SME,2022,12,76770978,258965134,76770978
Cameroon,1,M2 TOTAL APPAREL IMPORTS (MFA),SME,2022,1,25900,20028,25900
Cameroon,1,M2 TOTAL APPAREL IMPORTS (MFA),SME,2022,3,12,475,12
Cameroon,1,M2 TOTAL APPAREL IMPORTS (MFA),SME,2022,4,576,3245,576
Cameroon,1,M2 TOTAL APPAREL IMPORTS (MFA),SME,2022,7,218,3493,218
Cameroon,1,M2 TOTAL APPAREL IMPORTS (MFA),SME,2022,8,182,408,182
Cameroon,1,M2 TOTAL APPAREL IMPORTS (MFA),SME,2022,12,3850,2038,3850
Canada,1,M2 TOTAL APPAREL IMPORTS (MFA),SME,2022,1,3172204,35675842,3172204
Canada,1,M2 TOTAL APPAREL IMPORTS (MFA),SME,2022,2,3979672,43913643,3979672
Canada,1,M2 TOTAL APPAREL IMPORTS (MFA),SME,2022,3,4455097,50181659,4455097
Canada,1,M2 TOTAL APPAREL IMPORTS (MFA),SME,2022,4,3102169,37128540,3102169
Canada,1,M2 TOTAL APPAREL IMPORTS (MFA),SME,2022,5,3316340,35442713,3316340
Canada,1,M2 TOTAL APPAREL IMPORTS (MFA),SME,2022,6,3166389,38617460,3166389
Canada,1,M2 TOTAL APPAREL IMPORTS (MFA),SME,2022,7,3318266,40911165,3318266
Canada,1,M2 TOTAL APPAREL IMPORTS (MFA),SME,2022,8,3937384,48490025,3937384
Canada,1,M2 TOTAL APPAREL IMPORTS (MFA),SME,2022,9,4371119,62185599,4371119
Canada,1,M2 TOTAL APPAREL IMPORTS (MFA),SME,2022,10,4498211,62411064,4498211
Canada,1,M2 TOTAL APPAREL IMPORTS (MFA),SME,2022,11,4531249,66402919,4531249
Canada,1,M2 TOTAL APPAREL IMPORTS (MFA),SME,2022,12,3285533,49698020,3285533
Chile,1,M2 TOTAL APPAREL IMPORTS (MFA),SME,2022,1,3393,141772,3393
Chile,1,M2 TOTAL APPAREL IMPORTS (MFA),SME,2022,2,22091,886986,22091
Chile,1,M2 TOTAL APPAREL IMPORTS (MFA),SME,2022,3,14710,670415,14710
Chile,1,M2 TOTAL APPAREL IMPORTS (MFA),SME,2022,4,13131,614977,13131
Chile,1,M2 TOTAL APPAREL IMPORTS (MFA),SME,2022,5,12820,598772,12820
Chile,1,M2 TOTAL APPAREL IMPORTS (MFA),SME,2022,6,14967,625799,14967
Chile,1,M2 TOTAL APPAREL IMPORTS (MFA),SME,2022,7,13678,592526,13678
Chile,1,M2 TOTAL APPAREL IMPORTS (MFA),SME,2022,8,12964,615580,12964
Chile,1,M2 TOTAL APPAREL IMPORTS (MFA),SME,2022,9,11543,487814,11543
Chile,1,M2 TOTAL APPAREL IMPORTS (MFA),SME,2022,10,19068,751620,19068
Chile,1,M2 TOTAL APPAREL IMPORTS (MFA),SME,2022,11,26211,687015,26211
Chile,1,M2 TOTAL APPAREL IMPORTS (MFA),SME,2022,12,14510,638668,14510
China,1,M2 TOTAL APPAREL IMPORTS (MFA),SME,2022,1,996027219,1909841641,996027219
China,1,M2 TOTAL APPAREL IMPORTS (MFA),SME,2022,2,949427850,1684634865,949427850
China,1,M2 TOTAL APPAREL IMPORTS (MFA),SME,2022,3,900387597,1725617170,900387597
China,1,M2 TOTAL APPAREL IMPORTS (MFA),SME,2022,4,710588690,1366129686,710588690
China,1,M2 TOTAL APPAREL IMPORTS (MFA),SME,2022,5,845099179,1593080970,845099179
China,1,M2 TOTAL APPAREL IMPORTS (MFA),SME,2022,6,1042952551,1981745833,1042952551
China,1,M2 TOTAL APPAREL IMPORTS (MFA),SME,2022,7,1264877331,2544818780,1264877331
China,1,M2 TOTAL APPAREL IMPORTS (MFA),SME,2022,8,1258779271,2765551136,1258779271
China,1,M2 TOTAL APPAREL IMPORTS (MFA),SME,2022,9,931619749,2171059269,931619749
China,1,M2 TOTAL APPAREL IMPORTS (MFA),SME,2022,10,705247512,1601924702,705247512
China,1,M2 TOTAL APPAREL IMPORTS (MFA),SME,2022,11,551032274,1180202253,551032274
China,1,M2 TOTAL APPAREL IMPORTS (MFA),SME,2022,12,617010893,1226015590,617010893
Christmas Island,1,M2 TOTAL APPAREL IMPORTS (MFA),SME,2022,1,726,6212,726
Christmas Island,1,M2 TOTAL APPAREL IMPORTS (MFA),SME,2022,3,2994,19352,2994
Christmas Island,1,M2 TOTAL APPAREL IMPORTS (MFA),SME,2022,6,15,484,15
Christmas Island,1,M2 TOTAL APPAREL IMPORTS (MFA),SME,2022,8,4260,7526,4260
Cocos (Keeling) Islands,1,M2 TOTAL APPAREL IMPORTS (MFA),SME,2022,3,310,9590,310
Cocos (Keeling) Islands,1,M2 TOTAL APPAREL IMPORTS (MFA),SME,2022,12,1800,7410,1800
Colombia,1,M2 TOTAL APPAREL IMPORTS (MFA),SME,2022,1,2582228,20147657,2582228
Colombia,1,M2 TOTAL APPAREL IMPORTS (MFA),SME,2022,2,3824120,26288723,3824120
Colombia,1,M2 TOTAL APPAREL IMPORTS (MFA),SME,2022,3,4863629,33442559,4863629
Colombia,1,M2 TOTAL APPAREL IMPORTS (MFA),SME,2022,4,3407089,28080050,3407089
Colombia,1,M2 TOTAL APPAREL IMPORTS (MFA),SME,2022,5,3873992,29299036,3873992
Colombia,1,M2 TOTAL APPAREL IMPORTS (MFA),SME,2022,6,3841048,29495536,3841048
Colombia,1,M2 TOTAL APPAREL IMPORTS (MFA),SME,2022,7,2818815,24033442,2818815
Colombia,1,M2 TOTAL APPAREL IMPORTS (MFA),SME,2022,8,3286010,23476451,3286010
Colombia,1,M2 TOTAL APPAREL IMPORTS (MFA),SME,2022,9,2735179,21992149,2735179
Colombia,1,M2 TOTAL APPAREL IMPORTS (MFA),SME,2022,10,3078086,23299106,3078086
Colombia,1,M2 TOTAL APPAREL IMPORTS (MFA),SME,2022,11,2798650,21187810,2798650
Colombia,1,M2 TOTAL APPAREL IMPORTS (MFA),SME,2022,12,3444960,26107625,3444960
"Congo, Democratic Republic of",1,M2 TOTAL APPAREL IMPORTS (MFA),SME,2022,2,194,525,194
"Congo, Republic of",1,M2 TOTAL APPAREL IMPORTS (MFA),SME,2022,11,1266,1452,1266
Cook Islands,1,M2 TOTAL APPAREL IMPORTS (MFA),SME,2022,2,88,4816,88
Cook Islands,1,M2 TOTAL APPAREL IMPORTS (MFA),SME,2022,5,1248,22854,1248
Cook Islands,1,M2 TOTAL APPAREL IMPORTS (MFA),SME,2022,11,745,23930,745
Costa Rica,1,M2 TOTAL APPAREL IMPORTS (MFA),SME,2022,1,124545,967956,124545
Costa Rica,1,M2 TOTAL APPAREL IMPORTS (MFA),SME,2022,2,169236,1417055,169236
Costa Rica,1,M2 TOTAL APPAREL IMPORTS (MFA),SME,2022,3,136269,997664,136269
Costa Rica,1,M2 TOTAL APPAREL IMPORTS (MFA),SME,2022,4,214892,1868866,214892
Costa Rica,1,M2 TOTAL APPAREL IMPORTS (MFA),SME,2022,5,160089,1393377,160089
Costa Rica,1,M2 TOTAL APPAREL IMPORTS (MFA),SME,2022,6,174725,1428980,174725
Costa Rica,1,M2 TOTAL APPAREL IMPORTS (MFA),SME,2022,7,148351,1325786,148351
Costa Rica,1,M2 TOTAL APPAREL IMPORTS (MFA),SME,2022,8,136244,1213323,136244
Costa Rica,1,M2 TOTAL APPAREL IMPORTS (MFA),SME,2022,9,148348,1493523,148348
Costa Rica,1,M2 TOTAL APPAREL IMPORTS (MFA),SME,2022,10,181390,1628147,181390
Costa Rica,1,M2 TOTAL APPAREL IMPORTS (MFA),SME,2022,11,184014,2046141,184014
Costa Rica,1,M2 TOTAL APPAREL IMPORTS (MFA),SME,2022,12,145136,1158543,145136
Cote D’Ivoire,1,M2 TOTAL APPAREL IMPORTS (MFA),SME,2022,1,3766,900,3766
Cote D’Ivoire,1,M2 TOTAL APPAREL IMPORTS (MFA),SME,2022,2,38,898,38
Cote D’Ivoire,1,M2 TOTAL APPAREL IMPORTS (MFA),SME,2022,4,1313,1400,1313
Cote D’Ivoire,1,M2 TOTAL APPAREL IMPORTS (MFA),SME,2022,5,1663,1000,1663
Cote D’Ivoire,1,M2 TOTAL APPAREL IMPORTS (MFA),SME,2022,6,887,3810,887
Cote D’Ivoire,1,M2 TOTAL APPAREL IMPORTS (MFA),SME,2022,8,4742,13896,4742
Cote D’Ivoire,1,M2 TOTAL APPAREL IMPORTS (MFA),SME,2022,10,35,1012,35
Croatia,1,M2 TOTAL APPAREL IMPORTS (MFA),SME,2022,1,25172,375608,25172
Croatia,1,M2 TOTAL APPAREL IMPORTS (MFA),SME,2022,2,61849,971656,61849
Croatia,1,M2 TOTAL APPAREL IMPORTS (MFA),SME,2022,3,52033,982232,52033
Croatia,1,M2 TOTAL APPAREL IMPORTS (MFA),SME,2022,4,30246,402334,30246
Croatia,1,M2 TOTAL APPAREL IMPORTS (MFA),SME,2022,5,33755,941402,33755
Croatia,1,M2 TOTAL APPAREL IMPORTS (MFA),SME,2022,6,44292,927287,44292
Croatia,1,M2 TOTAL APPAREL IMPORTS (MFA),SME,2022,7,55119,637460,55119
Croatia,1,M2 TOTAL APPAREL IMPORTS (MFA),SME,2022,8,54810,772384,54810
Croatia,1,M2 TOTAL APPAREL IMPORTS (MFA),SME,2022,9,53358,782417,53358
Croatia,1,M2 TOTAL APPAREL IMPORTS (MFA),SME,2022,10,73225,1417553,73225
Croatia,1,M2 TOTAL APPAREL IMPORTS (MFA),SME,2022,11,35453,587308,35453
Croatia,1,M2 TOTAL APPAREL IMPORTS (MFA),SME,2022,12,34257,662266,34257
Cyprus,1,M2 TOTAL APPAREL IMPORTS (MFA),SME,2022,1,76,524,76
Cyprus,1,M2 TOTAL APPAREL IMPORTS (MFA),SME,2022,2,84,3050,84
Cyprus,1,M2 TOTAL APPAREL IMPORTS (MFA),SME,2022,3,312,6779,312
Cyprus,1,M2 TOTAL APPAREL IMPORTS (MFA),SME,2022,4,38,413,38
Cyprus,1,M2 TOTAL APPAREL IMPORTS (MFA),SME,2022,5,227,4153,227
Cyprus,1,M2 TOTAL APPAREL IMPORTS (MFA),SME,2022,6,417,3690,417
Cyprus,1,M2 TOTAL APPAREL IMPORTS (MFA),SME,2022,7,76,817,76
Cyprus,1,M2 TOTAL APPAREL IMPORTS (MFA),SME,2022,8,38,260,38
Cyprus,1,M2 TOTAL APPAREL IMPORTS (MFA),SME,2022,9,36,514,36
Cyprus,1,M2 TOTAL APPAREL IMPORTS (MFA),SME,2022,10,23,636,23
Cyprus,1,M2 TOTAL APPAREL IMPORTS (MFA),SME,2022,11,83,678,83
Cyprus,1,M2 TOTAL APPAREL IMPORTS (MFA),SME,2022,12,83,737,83
Czech Republic,1,M2 TOTAL APPAREL IMPORTS (MFA),SME,2022,1,12782,156262,12782
Czech Republic,1,M2 TOTAL APPAREL IMPORTS (MFA),SME,2022,2,6903,230767,6903
Czech Republic,1,M2 TOTAL APPAREL IMPORTS (MFA),SME,2022,3,30723,414772,30723
Czech Republic,1,M2 TOTAL APPAREL IMPORTS (MFA),SME,2022,4,12017,240946,12017
Czech Republic,1,M2 TOTAL APPAREL IMPORTS (MFA),SME,2022,5,37298,329219,37298
Czech Republic,1,M2 TOTAL APPAREL IMPORTS (MFA),SME,2022,6,11984,288724,11984
Czech Republic,1,M2 TOTAL APPAREL IMPORTS (MFA),SME,2022,7,38798,365100,38798
Czech Republic,1,M2 TOTAL APPAREL IMPORTS (MFA),SME,2022,8,15241,306515,15241
Czech Republic,1,M2 TOTAL APPAREL IMPORTS (MFA),SME,2022,9,33251,239332,33251
Czech Republic,1,M2 TOTAL APPAREL IMPORTS (MFA),SME,2022,10,14049,341998,14049
Czech Republic,1,M2 TOTAL APPAREL IMPORTS (MFA),SME,2022,11,10433,343997,10433
Czech Republic,1,M2 TOTAL APPAREL IMPORTS (MFA),SME,2022,12,43906,339226,43906
Denmark,1,M2 TOTAL APPAREL IMPORTS (MFA),SME,2022,1,12000,197938,12000
Denmark,1,M2 TOTAL APPAREL IMPORTS (MFA),SME,2022,2,9490,174040,9490
Denmark,1,M2 TOTAL APPAREL IMPORTS (MFA),SME,2022,3,12268,150365,12268
Denmark,1,M2 TOTAL APPAREL IMPORTS (MFA),SME,2022,4,11069,128437,11069
Denmark,1,M2 TOTAL APPAREL IMPORTS (MFA),SME,2022,5,12982,104729,12982
Denmark,1,M2 TOTAL APPAREL IMPORTS (MFA),SME,2022,6,9049,122227,9049
Denmark,1,M2 TOTAL APPAREL IMPORTS (MFA),SME,2022,7,3789,68122,3789
Denmark,1,M2 TOTAL APPAREL IMPORTS (MFA),SME,2022,8,4744,100855,4744
Denmark,1,M2 TOTAL APPAREL IMPORTS (MFA),SME,2022,9,13277,164675,13277
Denmark,1,M2 TOTAL APPAREL IMPORTS (MFA),SME,2022,10,3750,106477,3750
Denmark,1,M2 TOTAL APPAREL IMPORTS (MFA),SME,2022,11,9739,142587,9739
Denmark,1,M2 TOTAL APPAREL IMPORTS (MFA),SME,2022,12,5184,136014,5184
Djibouti,1,M2 TOTAL APPAREL IMPORTS (MFA),SME,2022,5,150184,130555,150184
Djibouti,1,M2 TOTAL APPAREL IMPORTS (MFA),SME,2022,6,63977,139042,63977
Djibouti,1,M2 TOTAL APPAREL IMPORTS (MFA),SME,2022,7,20445,21355,20445
Djibouti,1,M2 TOTAL APPAREL IMPORTS (MFA),SME,2022,9,67738,155680,67738
Dominica,1,M2 TOTAL APPAREL IMPORTS (MFA),SME,2022,3,14947,18746,14947
Dominica,1,M2 TOTAL APPAREL IMPORTS (MFA),SME,2022,7,6348,20819,6348
Dominican Republic,1,M2 TOTAL APPAREL IMPORTS (MFA),SME,2022,1,13477161,29334471,13477161
Dominican Republic,1,M2 TOTAL APPAREL IMPORTS (MFA),SME,2022,2,17619944,44805945,17619944
Dominican Republic,1,M2 TOTAL APPAREL IMPORTS (MFA),SME,2022,3,24976693,58953457,24976693
Dominican Republic,1,M2 TOTAL APPAREL IMPORTS (MFA),SME,2022,4,22555899,54980478,22555899
Dominican Republic,1,M2 TOTAL APPAREL IMPORTS (MFA),SME,2022,5,25455205,61277153,25455205
Dominican Republic,1,M2 TOTAL APPAREL IMPORTS (MFA),SME,2022,6,17769866,50362947,17769866
Dominican Republic,1,M2 TOTAL APPAREL IMPORTS (MFA),SME,2022,7,26945956,70273432,26945956
Dominican Republic,1,M2 TOTAL APPAREL IMPORTS (MFA),SME,2022,8,21097355,60659258,21097355
Dominican Republic,1,M2 TOTAL APPAREL IMPORTS (MFA),SME,2022,9,19664840,56892847,19664840
Dominican Republic,1,M2 TOTAL APPAREL IMPORTS (MFA),SME,2022,10,18119849,53127854,18119849
Dominican Republic,1,M2 TOTAL APPAREL IMPORTS (MFA),SME,2022,11,18929974,57957648,18929974
Dominican Republic,1,M2 TOTAL APPAREL IMPORTS (MFA),SME,2022,12,18462362,50241613,18462362
Ecuador,1,M2 TOTAL APPAREL IMPORTS (MFA),SME,2022,1,176633,539423,176633
Ecuador,1,M2 TOTAL APPAREL IMPORTS (MFA),SME,2022,2,122473,459450,122473
Ecuador,1,M2 TOTAL APPAREL IMPORTS (MFA),SME,2022,3,100921,272818,100921
Ecuador,1,M2 TOTAL APPAREL IMPORTS (MFA),SME,2022,4,206089,355222,206089
Ecuador,1,M2 TOTAL APPAREL IMPORTS (MFA),SME,2022,5,153794,338484,153794
Ecuador,1,M2 TOTAL APPAREL IMPORTS (MFA),SME,2022,6,183844,383847,183844
Ecuador,1,M2 TOTAL APPAREL IMPORTS (MFA),SME,2022,7,254488,596106,254488
Ecuador,1,M2 TOTAL APPAREL IMPORTS (MFA),SME,2022,8,324062,864584,324062
Ecuador,1,M2 TOTAL APPAREL IMPORTS (MFA),SME,2022,9,561170,1113606,561170
Ecuador,1,M2 TOTAL APPAREL IMPORTS (MFA),SME,2022,10,409366,716156,409366
Ecuador,1,M2 TOTAL APPAREL IMPORTS (MFA),SME,2022,11,343172,692189,343172
Ecuador,1,M2 TOTAL APPAREL IMPORTS (MFA),SME,2022,12,214790,437155,214790
Egypt,1,M2 TOTAL APPAREL IMPORTS (MFA),SME,2022,1,38221523,117687158,38221523
Egypt,1,M2 TOTAL APPAREL IMPORTS (MFA),SME,2022,2,33805092,111593256,33805092
Egypt,1,M2 TOTAL APPAREL IMPORTS (MFA),SME,2022,3,46077579,137141270,46077579
Egypt,1,M2 TOTAL APPAREL IMPORTS (MFA),SME,2022,4,51779577,141593118,51779577
Egypt,1,M2 TOTAL APPAREL IMPORTS (MFA),SME,2022,5,42539585,142794466,42539585
Egypt,1,M2 TOTAL APPAREL IMPORTS (MFA),SME,2022,6,26928945,109551244,26928945
Egypt,1,M2 TOTAL APPAREL IMPORTS (MFA),SME,2022,7,33892131,139209695,33892131
Egypt,1,M2 TOTAL APPAREL IMPORTS (MFA),SME,2022,8,23882971,106318307,23882971
Egypt,1,M2 TOTAL APPAREL IMPORTS (MFA),SME,2022,9,24845951,118980976,24845951
Egypt,1,M2 TOTAL APPAREL IMPORTS (MFA),SME,2022,10,24033096,113769511,24033096
Egypt,1,M2 TOTAL APPAREL IMPORTS (MFA),SME,2022,11,22112038,96502238,22112038
Egypt,1,M2 TOTAL APPAREL IMPORTS (MFA),SME,2022,12,18133088,86215662,18133088
El Salvador,1,M2 TOTAL APPAREL IMPORTS (MFA),SME,2022,1,42725110,125339740,42725110
El Salvador,1,M2 TOTAL APPAREL IMPORTS (MFA),SME,2022,2,53110788,156148384,53110788
El Salvador,1,M2 TOTAL APPAREL IMPORTS (MFA),SME,2022,3,68045558,206494903,68045558
El Salvador,1,M2 TOTAL APPAREL IMPORTS (MFA),SME,2022,4,46544995,147198515,46544995
El Salvador,1,M2 TOTAL APPAREL IMPORTS (MFA),SME,2022,5,55005672,165454109,55005672
El Salvador,1,M2 TOTAL APPAREL IMPORTS (MFA),SME,2022,6,52786508,164977950,52786508
El Salvador,1,M2 TOTAL APPAREL IMPORTS (MFA),SME,2022,7,55211033,182943374,55211033
El Salvador,1,M2 TOTAL APPAREL IMPORTS (MFA),SME,2022,8,45111946,165501402,45111946
El Salvador,1,M2 TOTAL APPAREL IMPORTS (MFA),SME,2022,9,47668642,169877561,47668642
El Salvador,1,M2 TOTAL APPAREL IMPORTS (MFA),SME,2022,10,43687835,156120262,43687835
El Salvador,1,M2 TOTAL APPAREL IMPORTS (MFA),SME,2022,11,39740843,139330308,39740843
El Salvador,1,M2 TOTAL APPAREL IMPORTS (MFA),SME,2022,12,36236432,130795418,36236432
Eritrea,1,M2 TOTAL APPAREL IMPORTS (MFA),SME,2022,3,1175,4640,1175
Eritrea,1,M2 TOTAL APPAREL IMPORTS (MFA),SME,2022,4,872,3750,872
Eritrea,1,M2 TOTAL APPAREL IMPORTS (MFA),SME,2022,5,2312,9331,2312
Eritrea,1,M2 TOTAL APPAREL IMPORTS (MFA),SME,2022,6,1612,22555,1612
Eritrea,1,M2 TOTAL APPAREL IMPORTS (MFA),SME,2022,7,455,1780,455
Eritrea,1,M2 TOTAL APPAREL IMPORTS (MFA),SME,2022,8,76,356,76
Eritrea,1,M2 TOTAL APPAREL IMPORTS (MFA),SME,2022,10,190,711,190
Eritrea,1,M2 TOTAL APPAREL IMPORTS (MFA),SME,2022,11,104,746,104
Eritrea,1,M2 TOTAL APPAREL IMPORTS (MFA),SME,2022,12,3676,14642,3676
Estonia,1,M2 TOTAL APPAREL IMPORTS (MFA),SME,2022,1,3802,85338,3802
Estonia,1,M2 TOTAL APPAREL IMPORTS (MFA),SME,2022,2,7570,247737,7570
Estonia,1,M2 TOTAL APPAREL IMPORTS (MFA),SME,2022,3,5755,211132,5755
Estonia,1,M2 TOTAL APPAREL IMPORTS (MFA),SME,2022,4,6968,177274,6968
Estonia,1,M2 TOTAL APPAREL IMPORTS (MFA),SME,2022,5,15238,145784,15238
Estonia,1,M2 TOTAL APPAREL IMPORTS (MFA),SME,2022,6,5198,109473,5198
Estonia,1,M2 TOTAL APPAREL IMPORTS (MFA),SME,2022,7,5026,146216,5026
Estonia,1,M2 TOTAL APPAREL IMPORTS (MFA),SME,2022,8,4873,124540,4873
Estonia,1,M2 TOTAL APPAREL IMPORTS (MFA),SME,2022,9,11809,322442,11809
Estonia,1,M2 TOTAL APPAREL IMPORTS (MFA),SME,2022,10,19737,317580,19737
Estonia,1,M2 TOTAL APPAREL IMPORTS (MFA),SME,2022,11,8665,211707,8665
Estonia,1,M2 TOTAL APPAREL IMPORTS (MFA),SME,2022,12,10801,195387,10801
Eswatini (formerly Swaziland),1,M2 TOTAL APPAREL IMPORTS (MFA),SME,2022,1,22896,160631,22896
Eswatini (formerly Swaziland),1,M2 TOTAL APPAREL IMPORTS (MFA),SME,2022,2,29117,202326,29117
Eswatini (formerly Swaziland),1,M2 TOTAL APPAREL IMPORTS (MFA),SME,2022,3,34,1012,34
Eswatini (formerly Swaziland),1,M2 TOTAL APPAREL IMPORTS (MFA),SME,2022,4,491,674,491
Eswatini (formerly Swaziland),1,M2 TOTAL APPAREL IMPORTS (MFA),SME,2022,5,31047,220346,31047
Eswatini (formerly Swaziland),1,M2 TOTAL APPAREL IMPORTS (MFA),SME,2022,7,15330,106192,15330
Eswatini (formerly Swaziland),1,M2 TOTAL APPAREL IMPORTS (MFA),SME,2022,8,21573,195458,21573
Eswatini (formerly Swaziland),1,M2 TOTAL APPAREL IMPORTS (MFA),SME,2022,9,34614,330378,34614
Eswatini (formerly Swaziland),1,M2 TOTAL APPAREL IMPORTS (MFA),SME,2022,10,17316,167340,17316
Eswatini (formerly Swaziland),1,M2 TOTAL APPAREL IMPORTS (MFA),SME,2022,11,14740,146133,14740
Ethiopia,1,M2 TOTAL APPAREL IMPORTS (MFA),SME,2022,1,17418664,43778478,17418664
Ethiopia,1,M2 TOTAL APPAREL IMPORTS (MFA),SME,2022,2,8322764,25371207,8322764
Ethiopia,1,M2 TOTAL APPAREL IMPORTS (MFA),SME,2022,3,11656442,30541776,11656442
Ethiopia,1,M2 TOTAL APPAREL IMPORTS (MFA),SME,2022,4,9856003,27460852,9856003
Ethiopia,1,M2 TOTAL APPAREL IMPORTS (MFA),SME,2022,5,14871527,41837023,14871527
Ethiopia,1,M2 TOTAL APPAREL IMPORTS (MFA),SME,2022,6,9613854,27065396,9613854
Ethiopia,1,M2 TOTAL APPAREL IMPORTS (MFA),SME,2022,7,12286687,31408191,12286687
Ethiopia,1,M2 TOTAL APPAREL IMPORTS (MFA),SME,2022,8,9144230,25571076,9144230
Ethiopia,1,M2 TOTAL APPAREL IMPORTS (MFA),SME,2022,9,6957020,23199511,6957020
Ethiopia,1,M2 TOTAL APPAREL IMPORTS (MFA),SME,2022,10,7366661,24973677,7366661
Ethiopia,1,M2 TOTAL APPAREL IMPORTS (MFA),SME,2022,11,7317526,19728551,7317526
Ethiopia,1,M2 TOTAL APPAREL IMPORTS (MFA),SME,2022,12,8336260,25740190,8336260
Federated States of Mic,1,M2 TOTAL APPAREL IMPORTS (MFA),SME,2022,2,50,1176,50
Federated States of Mic,1,M2 TOTAL APPAREL IMPORTS (MFA),SME,2022,3,53,821,53
Federated States of Mic,1,M2 TOTAL APPAREL IMPORTS (MFA),SME,2022,4,197,2409,197
Federated States of Mic,1,M2 TOTAL APPAREL IMPORTS (MFA),SME,2022,6,61,662,61
Federated States of Mic,1,M2 TOTAL APPAREL IMPORTS (MFA),SME,2022,7,76,270,76
Federated States of Mic,1,M2 TOTAL APPAREL IMPORTS (MFA),SME,2022,8,919,3931,919
Federated States of Mic,1,M2 TOTAL APPAREL IMPORTS (MFA),SME,2022,11,207,19950,207
Federated States of Mic,1,M2 TOTAL APPAREL IMPORTS (MFA),SME,2022,12,145,4223,145
Fiji,1,M2 TOTAL APPAREL IMPORTS (MFA),SME,2022,1,11796,72131,11796
Fiji,1,M2 TOTAL APPAREL IMPORTS (MFA),SME,2022,2,332,4693,332
Fiji,1,M2 TOTAL APPAREL IMPORTS (MFA),SME,2022,3,488,39211,488
Fiji,1,M2 TOTAL APPAREL IMPORTS (MFA),SME,2022,5,2338,27090,2338
Fiji,1,M2 TOTAL APPAREL IMPORTS (MFA),SME,2022,7,12542,16059,12542
Fiji,1,M2 TOTAL APPAREL IMPORTS (MFA),SME,2022,8,606,27200,606
Fiji,1,M2 TOTAL APPAREL IMPORTS (MFA),SME,2022,9,14356,73214,14356
Fiji,1,M2 TOTAL APPAREL IMPORTS (MFA),SME,2022,10,31845,167370,31845
Fiji,1,M2 TOTAL APPAREL IMPORTS (MFA),SME,2022,12,986,10393,986
Finland,1,M2 TOTAL APPAREL IMPORTS (MFA),SME,2022,1,710,14372,710
Finland,1,M2 TOTAL APPAREL IMPORTS (MFA),SME,2022,2,4284,30470,4284
Finland,1,M2 TOTAL APPAREL IMPORTS (MFA),SME,2022,3,402,10572,402
Finland,1,M2 TOTAL APPAREL IMPORTS (MFA),SME,2022,4,592,8257,592
Finland,1,M2 TOTAL APPAREL IMPORTS (MFA),SME,2022,5,1148,22082,1148
Finland,1,M2 TOTAL APPAREL IMPORTS (MFA),SME,2022,6,903,22945,903
Finland,1,M2 TOTAL APPAREL IMPORTS (MFA),SME,2022,7,14,2644,14
Finland,1,M2 TOTAL APPAREL IMPORTS (MFA),SME,2022,8,873,28367,873
Finland,1,M2 TOTAL APPAREL IMPORTS (MFA),SME,2022,9,4350,36878,4350
Finland,1,M2 TOTAL APPAREL IMPORTS (MFA),SME,2022,10,1349,30145,1349
Finland,1,M2 TOTAL APPAREL IMPORTS (MFA),SME,2022,11,1389,27707,1389
Finland,1,M2 TOTAL APPAREL IMPORTS (MFA),SME,2022,12,5397,48572,5397
France,1,M2 TOTAL APPAREL IMPORTS (MFA),SME,2022,1,457745,10785193,457745
France,1,M2 TOTAL APPAREL IMPORTS (MFA),SME,2022,2,701817,15440249,701817
France,1,M2 TOTAL APPAREL IMPORTS (MFA),SME,2022,3,851952,18208010,851952
France,1,M2 TOTAL APPAREL IMPORTS (MFA),SME,2022,4,637485,13548925,637485
France,1,M2 TOTAL APPAREL IMPORTS (MFA),SME,2022,5,808689,14016647,808689
France,1,M2 TOTAL APPAREL IMPORTS (MFA),SME,2022,6,532664,13437580,532664
France,1,M2 TOTAL APPAREL IMPORTS (MFA),SME,2022,7,696207,16274222,696207
France,1,M2 TOTAL APPAREL IMPORTS (MFA),SME,2022,8,512393,14177117,512393
France,1,M2 TOTAL APPAREL IMPORTS (MFA),SME,2022,9,538080,12515264,538080
France,1,M2 TOTAL APPAREL IMPORTS (MFA),SME,2022,10,850919,20837785,850919
France,1,M2 TOTAL APPAREL IMPORTS (MFA),SME,2022,11,769838,17077876,769838
France,1,M2 TOTAL APPAREL IMPORTS (MFA),SME,2022,12,762203,17992265,762203
French Guiana,1,M2 TOTAL APPAREL IMPORTS (MFA),SME,2022,1,42,532,42
French Indian Ocean Areas,1,M2 TOTAL APPAREL IMPORTS (MFA),SME,2022,3,12,432,12
French Indian Ocean Areas,1,M2 TOTAL APPAREL IMPORTS (MFA),SME,2022,4,311,1618,311
French Indian Ocean Areas,1,M2 TOTAL APPAREL IMPORTS (MFA),SME,2022,5,189,3605,189
French Indian Ocean Areas,1,M2 TOTAL APPAREL IMPORTS (MFA),SME,2022,7,79,1094,79
French Indian Ocean Areas,1,M2 TOTAL APPAREL IMPORTS (MFA),SME,2022,8,45,1862,45
French Indian Ocean Areas,1,M2 TOTAL APPAREL IMPORTS (MFA),SME,2022,11,12,500,12
French Indian Ocean Areas,1,M2 TOTAL APPAREL IMPORTS (MFA),SME,2022,12,15,264,15
French West Indies,1,M2 TOTAL APPAREL IMPORTS (MFA),SME,2022,1,145,5382,145
French West Indies,1,M2 TOTAL APPAREL IMPORTS (MFA),SME,2022,2,104,642,104
French West Indies,1,M2 TOTAL APPAREL IMPORTS (MFA),SME,2022,4,5968,80035,5968
French West Indies,1,M2 TOTAL APPAREL IMPORTS (MFA),SME,2022,5,48,7747,48
French West Indies,1,M2 TOTAL APPAREL IMPORTS (MFA),SME,2022,6,37,1284,37
French West Indies,1,M2 TOTAL APPAREL IMPORTS (MFA),SME,2022,7,104,2906,104
French West Indies,1,M2 TOTAL APPAREL IMPORTS (MFA),SME,2022,8,76,4491,76
French West Indies,1,M2 TOTAL APPAREL IMPORTS (MFA),SME,2022,9,83,1138,83
French West Indies,1,M2 TOTAL APPAREL IMPORTS (MFA),SME,2022,10,146,4362,146
French West Indies,1,M2 TOTAL APPAREL IMPORTS (MFA),SME,2022,11,58,1420,58
French West Indies,1,M2 TOTAL APPAREL IMPORTS (MFA),SME,2022,12,137,5850,137
Gabon,1,M2 TOTAL APPAREL IMPORTS (MFA),SME,2022,2,69,1275,69
Gabon,1,M2 TOTAL APPAREL IMPORTS (MFA),SME,2022,8,35,1026,35
Gabon,1,M2 TOTAL APPAREL IMPORTS (MFA),SME,2022,9,56,1705,56
Gabon,1,M2 TOTAL APPAREL IMPORTS (MFA),SME,2022,10,6,770,6
Gabon,1,M2 TOTAL APPAREL IMPORTS (MFA),SME,2022,12,15,1232,15
Gambia,1,M2 TOTAL APPAREL IMPORTS (MFA),SME,2022,2,100,810,100
Gambia,1,M2 TOTAL APPAREL IMPORTS (MFA),SME,2022,7,8125,4904,8125
Georgia,1,M2 TOTAL APPAREL IMPORTS (MFA),SME,2022,1,16067,138375,16067
Georgia,1,M2 TOTAL APPAREL IMPORTS (MFA),SME,2022,2,20431,173824,20431
Georgia,1,M2 TOTAL APPAREL IMPORTS (MFA),SME,2022,3,44795,446436,44795
Georgia,1,M2 TOTAL APPAREL IMPORTS (MFA),SME,2022,4,56861,557415,56861
Georgia,1,M2 TOTAL APPAREL IMPORTS (MFA),SME,2022,5,59669,336746,59669
Georgia,1,M2 TOTAL APPAREL IMPORTS (MFA),SME,2022,6,88483,607860,88483
Georgia,1,M2 TOTAL APPAREL IMPORTS (MFA),SME,2022,7,124107,1290722,124107
Georgia,1,M2 TOTAL APPAREL IMPORTS (MFA),SME,2022,8,33847,417924,33847
Georgia,1,M2 TOTAL APPAREL IMPORTS (MFA),SME,2022,9,67532,336297,67532
Georgia,1,M2 TOTAL APPAREL IMPORTS (MFA),SME,2022,10,85096,651625,85096
Georgia,1,M2 TOTAL APPAREL IMPORTS (MFA),SME,2022,11,147269,897343,147269
Georgia,1,M2 TOTAL APPAREL IMPORTS (MFA),SME,2022,12,113090,771150,113090
Germany,1,M2 TOTAL APPAREL IMPORTS (MFA),SME,2022,1,203004,2149184,203004
Germany,1,M2 TOTAL APPAREL IMPORTS (MFA),SME,2022,2,186338,2978899,186338
Germany,1,M2 TOTAL APPAREL IMPORTS (MFA),SME,2022,3,322975,3403028,322975
Germany,1,M2 TOTAL APPAREL IMPORTS (MFA),SME,2022,4,323189,2634052,323189
Germany,1,M2 TOTAL APPAREL IMPORTS (MFA),SME,2022,5,486476,3219075,486476
Germany,1,M2 TOTAL APPAREL IMPORTS (MFA),SME,2022,6,712611,3571932,712611
Germany,1,M2 TOTAL APPAREL IMPORTS (MFA),SME,2022,7,292639,2471202,292639
Germany,1,M2 TOTAL APPAREL IMPORTS (MFA),SME,2022,8,428830,3324273,428830
Germany,1,M2 TOTAL APPAREL IMPORTS (MFA),SME,2022,9,273610,3156955,273610
Germany,1,M2 TOTAL APPAREL IMPORTS (MFA),SME,2022,10,276244,2171838,276244
Germany,1,M2 TOTAL APPAREL IMPORTS (MFA),SME,2022,11,167086,1804366,167086
Germany,1,M2 TOTAL APPAREL IMPORTS (MFA),SME,2022,12,193090,2240183,193090
Ghana,1,M2 TOTAL APPAREL IMPORTS (MFA),SME,2022,1,874842,3124513,874842
Ghana,1,M2 TOTAL APPAREL IMPORTS (MFA),SME,2022,2,557803,1891358,557803
Ghana,1,M2 TOTAL APPAREL IMPORTS (MFA),SME,2022,3,816064,2637809,816064
Ghana,1,M2 TOTAL APPAREL IMPORTS (MFA),SME,2022,4,746012,2450363,746012
Ghana,1,M2 TOTAL APPAREL IMPORTS (MFA),SME,2022,5,791620,2543901,791620
Ghana,1,M2 TOTAL APPAREL IMPORTS (MFA),SME,2022,6,594464,2071431,594464
Ghana,1,M2 TOTAL APPAREL IMPORTS (MFA),SME,2022,7,1022807,3498719,1022807
Ghana,1,M2 TOTAL APPAREL IMPORTS (MFA),SME,2022,8,594157,2140299,594157
Ghana,1,M2 TOTAL APPAREL IMPORTS (MFA),SME,2022,9,1526813,4867414,1526813
Ghana,1,M2 TOTAL APPAREL IMPORTS (MFA),SME,2022,10,1654969,5594563,1654969
Ghana,1,M2 TOTAL APPAREL IMPORTS (MFA),SME,2022,11,958684,3200909,958684
Ghana,1,M2 TOTAL APPAREL IMPORTS (MFA),SME,2022,12,1741663,6074817,1741663
Greece,1,M2 TOTAL APPAREL IMPORTS (MFA),SME,2022,1,29625,494160,29625
Greece,1,M2 TOTAL APPAREL IMPORTS (MFA),SME,2022,2,46768,880543,46768
Greece,1,M2 TOTAL APPAREL IMPORTS (MFA),SME,2022,3,58380,1226884,58380
Greece,1,M2 TOTAL APPAREL IMPORTS (MFA),SME,2022,4,114315,2641094,114315
Greece,1,M2 TOTAL APPAREL IMPORTS (MFA),SME,2022,5,120491,1272857,120491
Greece,1,M2 TOTAL APPAREL IMPORTS (MFA),SME,2022,6,66651,1184849,66651
Greece,1,M2 TOTAL APPAREL IMPORTS (MFA),SME,2022,7,39581,506556,39581
Greece,1,M2 TOTAL APPAREL IMPORTS (MFA),SME,2022,8,56146,780510,56146
Greece,1,M2 TOTAL APPAREL IMPORTS (MFA),SME,2022,9,45415,705960,45415
Greece,1,M2 TOTAL APPAREL IMPORTS (MFA),SME,2022,10,27216,473398,27216
Greece,1,M2 TOTAL APPAREL IMPORTS (MFA),SME,2022,11,29637,570338,29637
Greece,1,M2 TOTAL APPAREL IMPORTS (MFA),SME,2022,12,53243,1008956,53243
Guatemala,1,M2 TOTAL APPAREL IMPORTS (MFA),SME,2022,1,36547442,156269313,36547442
Guatemala,1,M2 TOTAL APPAREL IMPORTS (MFA),SME,2022,2,32754690,141795724,32754690
Guatemala,1,M2 TOTAL APPAREL IMPORTS (MFA),SME,2022,3,41190168,181119622,41190168
Guatemala,1,M2 TOTAL APPAREL IMPORTS (MFA),SME,2022,4,38879022,164715909,38879022
Guatemala,1,M2 TOTAL APPAREL IMPORTS (MFA),SME,2022,5,34161337,165982808,34161337
Guatemala,1,M2 TOTAL APPAREL IMPORTS (MFA),SME,2022,6,37609291,182837947,37609291
Guatemala,1,M2 TOTAL APPAREL IMPORTS (MFA),SME,2022,7,33254975,171819394,33254975
Guatemala,1,M2 TOTAL APPAREL IMPORTS (MFA),SME,2022,8,35014057,176908874,35014057
Guatemala,1,M2 TOTAL APPAREL IMPORTS (MFA),SME,2022,9,32944806,173077658,32944806
Guatemala,1,M2 TOTAL APPAREL IMPORTS (MFA),SME,2022,10,25975910,146193612,25975910
Guatemala,1,M2 TOTAL APPAREL IMPORTS (MFA),SME,2022,11,22718512,123282280,22718512
Guatemala,1,M2 TOTAL APPAREL IMPORTS (MFA),SME,2022,12,27935415,149270422,27935415
Guinea,1,M2 TOTAL APPAREL IMPORTS (MFA),SME,2022,2,379,1100,379
Guinea,1,M2 TOTAL APPAREL IMPORTS (MFA),SME,2022,3,114,400,114
Guinea,1,M2 TOTAL APPAREL IMPORTS (MFA),SME,2022,4,1076,1052,1076
Guinea,1,M2 TOTAL APPAREL IMPORTS (MFA),SME,2022,5,26,3339,26
Guinea,1,M2 TOTAL APPAREL IMPORTS (MFA),SME,2022,8,275,5189,275
Guinea,1,M2 TOTAL APPAREL IMPORTS (MFA),SME,2022,10,3291,2487,3291
Guinea,1,M2 TOTAL APPAREL IMPORTS (MFA),SME,2022,11,77,899,77
Guinea,1,M2 TOTAL APPAREL IMPORTS (MFA),SME,2022,12,1213,1050,1213
Guinea-Bissau,1,M2 TOTAL APPAREL IMPORTS (MFA),SME,2022,11,91,1290,91
Haiti,1,M2 TOTAL APPAREL IMPORTS (MFA),SME,2022,1,21241902,54846425,21241902
Haiti,1,M2 TOTAL APPAREL IMPORTS (MFA),SME,2022,2,30943491,71668999,30943491
Haiti,1,M2 TOTAL APPAREL IMPORTS (MFA),SME,2022,3,34934882,86487766,34934882
Haiti,1,M2 TOTAL APPAREL IMPORTS (MFA),SME,2022,4,47837802,122658111,47837802
Haiti,1,M2 TOTAL APPAREL IMPORTS (MFA),SME,2022,5,37340673,90492090,37340673
Haiti,1,M2 TOTAL APPAREL IMPORTS (MFA),SME,2022,6,35211114,95161631,35211114
Haiti,1,M2 TOTAL APPAREL IMPORTS (MFA),SME,2022,7,36608767,95785871,36608767
Haiti,1,M2 TOTAL APPAREL IMPORTS (MFA),SME,2022,8,39438193,108652256,39438193
Haiti,1,M2 TOTAL APPAREL IMPORTS (MFA),SME,2022,9,24776612,69636860,24776612
Haiti,1,M2 TOTAL APPAREL IMPORTS (MFA),SME,2022,10,12913322,32960147,12913322
Haiti,1,M2 TOTAL APPAREL IMPORTS (MFA),SME,2022,11,13503856,39298333,13503856
Haiti,1,M2 TOTAL APPAREL IMPORTS (MFA),SME,2022,12,34639839,102112708,34639839
Honduras,1,M2 TOTAL APPAREL IMPORTS (MFA),SME,2022,1,48338205,155641404,48338205
Honduras,1,M2 TOTAL APPAREL IMPORTS (MFA),SME,2022,2,70153205,223031762,70153205
Honduras,1,M2 TOTAL APPAREL IMPORTS (MFA),SME,2022,3,91297379,290659943,91297379
Honduras,1,M2 TOTAL APPAREL IMPORTS (MFA),SME,2022,4,75561691,237491938,75561691
Honduras,1,M2 TOTAL APPAREL IMPORTS (MFA),SME,2022,5,84308182,277574011,84308182
Honduras,1,M2 TOTAL APPAREL IMPORTS (MFA),SME,2022,6,88807513,292416349,88807513
Honduras,1,M2 TOTAL APPAREL IMPORTS (MFA),SME,2022,7,85160936,290686578,85160936
Honduras,1,M2 TOTAL APPAREL IMPORTS (MFA),SME,2022,8,85983071,317377056,85983071
Honduras,1,M2 TOTAL APPAREL IMPORTS (MFA),SME,2022,9,83946414,301996014,83946414
Honduras,1,M2 TOTAL APPAREL IMPORTS (MFA),SME,2022,10,67955910,252457104,67955910
Honduras,1,M2 TOTAL APPAREL IMPORTS (MFA),SME,2022,11,81319305,294495031,81319305
Honduras,1,M2 TOTAL APPAREL IMPORTS (MFA),SME,2022,12,69225927,237012153,69225927
Hong Kong,1,M2 TOTAL APPAREL IMPORTS (MFA),SME,2022,1,1240721,9094967,1240721
Hong Kong,1,M2 TOTAL APPAREL IMPORTS (MFA),SME,2022,2,1104011,4803543,1104011
Hong Kong,1,M2 TOTAL APPAREL IMPORTS (MFA),SME,2022,3,877342,4755090,877342
Hong Kong,1,M2 TOTAL APPAREL IMPORTS (MFA),SME,2022,4,2418456,4580890,2418456
Hong Kong,1,M2 TOTAL APPAREL IMPORTS (MFA),SME,2022,5,918291,4244586,918291
Hong Kong,1,M2 TOTAL APPAREL IMPORTS (MFA),SME,2022,6,573261,2935944,573261
Hong Kong,1,M2 TOTAL APPAREL IMPORTS (MFA),SME,2022,7,973977,7095638,973977
Hong Kong,1,M2 TOTAL APPAREL IMPORTS (MFA),SME,2022,8,1013194,10935525,1013194
Hong Kong,1,M2 TOTAL APPAREL IMPORTS (MFA),SME,2022,9,1438048,10771187,1438048
Hong Kong,1,M2 TOTAL APPAREL IMPORTS (MFA),SME,2022,10,2218430,11997706,2218430
Hong Kong,1,M2 TOTAL APPAREL IMPORTS (MFA),SME,2022,11,752288,4792827,752288
Hong Kong,1,M2 TOTAL APPAREL IMPORTS (MFA),SME,2022,12,472067,4836080,472067
Hungary,1,M2 TOTAL APPAREL IMPORTS (MFA),SME,2022,1,169176,903199,169176
Hungary,1,M2 TOTAL APPAREL IMPORTS (MFA),SME,2022,2,38191,767987,38191
Hungary,1,M2 TOTAL APPAREL IMPORTS (MFA),SME,2022,3,328086,2088539,328086
Hungary,1,M2 TOTAL APPAREL IMPORTS (MFA),SME,2022,4,91387,1344979,91387
Hungary,1,M2 TOTAL APPAREL IMPORTS (MFA),SME,2022,5,196912,1074370,196912
Hungary,1,M2 TOTAL APPAREL IMPORTS (MFA),SME,2022,6,123191,1166718,123191
Hungary,1,M2 TOTAL APPAREL IMPORTS (MFA),SME,2022,7,133578,1259425,133578
Hungary,1,M2 TOTAL APPAREL IMPORTS (MFA),SME,2022,8,85425,1527371,85425
Hungary,1,M2 TOTAL APPAREL IMPORTS (MFA),SME,2022,9,160048,1424952,160048
Hungary,1,M2 TOTAL APPAREL IMPORTS (MFA),SME,2022,10,81286,1000385,81286
Hungary,1,M2 TOTAL APPAREL IMPORTS (MFA),SME,2022,11,217132,1793474,217132
Hungary,1,M2 TOTAL APPAREL IMPORTS (MFA),SME,2022,12,229300,1088523,229300
Iceland,1,M2 TOTAL APPAREL IMPORTS (MFA),SME,2022,1,99,4091,99
Iceland,1,M2 TOTAL APPAREL IMPORTS (MFA),SME,2022,2,1272,91217,1272
Iceland,1,M2 TOTAL APPAREL IMPORTS (MFA),SME,2022,3,38,4420,38
Iceland,1,M2 TOTAL APPAREL IMPORTS (MFA),SME,2022,4,89,11456,89
Iceland,1,M2 TOTAL APPAREL IMPORTS (MFA),SME,2022,5,92,2966,92
Iceland,1,M2 TOTAL APPAREL IMPORTS (MFA),SME,2022,6,76,9599,76
Iceland,1,M2 TOTAL APPAREL IMPORTS (MFA),SME,2022,7,44,5041,44
Iceland,1,M2 TOTAL APPAREL IMPORTS (MFA),SME,2022,8,849,23244,849
Iceland,1,M2 TOTAL APPAREL IMPORTS (MFA),SME,2022,9,84,4575,84
Iceland,1,M2 TOTAL APPAREL IMPORTS (MFA),SME,2022,10,725,16323,725
Iceland,1,M2 TOTAL APPAREL IMPORTS (MFA),SME,2022,11,104,7415,104
Iceland,1,M2 TOTAL APPAREL IMPORTS (MFA),SME,2022,12,4,901,4
India,1,M2 TOTAL APPAREL IMPORTS (MFA),SME,2022,1,124123656,442916907,124123656
India,1,M2 TOTAL APPAREL IMPORTS (MFA),SME,2022,2,114806553,435671405,114806553
India,1,M2 TOTAL APPAREL IMPORTS (MFA),SME,2022,3,175253080,618577078,175253080
India,1,M2 TOTAL APPAREL IMPORTS (MFA),SME,2022,4,167632585,607013816,167632585
India,1,M2 TOTAL APPAREL IMPORTS (MFA),SME,2022,5,163671961,591919216,163671961
India,1,M2 TOTAL APPAREL IMPORTS (MFA),SME,2022,6,138324121,506555151,138324121
India,1,M2 TOTAL APPAREL IMPORTS (MFA),SME,2022,7,121896167,496352017,121896167
India,1,M2 TOTAL APPAREL IMPORTS (MFA),SME,2022,8,115251610,467716239,115251610
India,1,M2 TOTAL APPAREL IMPORTS (MFA),SME,2022,9,117964929,473231111,117964929
India,1,M2 TOTAL APPAREL IMPORTS (MFA),SME,2022,10,91610707,374787156,91610707
India,1,M2 TOTAL APPAREL IMPORTS (MFA),SME,2022,11,75534909,314089515,75534909
India,1,M2 TOTAL APPAREL IMPORTS (MFA),SME,2022,12,90287016,359094198,90287016
Indonesia,1,M2 TOTAL APPAREL IMPORTS (MFA),SME,2022,1,107444821,433235190,107444821
Indonesia,1,M2 TOTAL APPAREL IMPORTS (MFA),SME,2022,2,111437875,426089532,111437875
Indonesia,1,M2 TOTAL APPAREL IMPORTS (MFA),SME,2022,3,155625286,592768317,155625286
Indonesia,1,M2 TOTAL APPAREL IMPORTS (MFA),SME,2022,4,158783437,579848623,158783437
Indonesia,1,M2 TOTAL APPAREL IMPORTS (MFA),SME,2022,5,133676845,506664608,133676845
Indonesia,1,M2 TOTAL APPAREL IMPORTS (MFA),SME,2022,6,108203471,453979352,108203471
Indonesia,1,M2 TOTAL APPAREL IMPORTS (MFA),SME,2022,7,94691754,414266215,94691754
Indonesia,1,M2 TOTAL APPAREL IMPORTS (MFA),SME,2022,8,115062878,503992018,115062878
Indonesia,1,M2 TOTAL APPAREL IMPORTS (MFA),SME,2022,9,129092839,527814019,129092839
Indonesia,1,M2 TOTAL APPAREL IMPORTS (MFA),SME,2022,10,112562200,502130040,112562200
Indonesia,1,M2 TOTAL APPAREL IMPORTS (MFA),SME,2022,11,79013086,329566027,79013086
Indonesia,1,M2 TOTAL APPAREL IMPORTS (MFA),SME,2022,12,76798153,330301936,76798153
Iraq,1,M2 TOTAL APPAREL IMPORTS (MFA),SME,2022,4,1827,7000,1827
Iraq,1,M2 TOTAL APPAREL IMPORTS (MFA),SME,2022,9,63,957,63
Ireland,1,M2 TOTAL APPAREL IMPORTS (MFA),SME,2022,1,14287,329099,14287
Ireland,1,M2 TOTAL APPAREL IMPORTS (MFA),SME,2022,2,85669,2214545,85669
Ireland,1,M2 TOTAL APPAREL IMPORTS (MFA),SME,2022,3,5663,114203,5663
Ireland,1,M2 TOTAL APPAREL IMPORTS (MFA),SME,2022,4,3259,74079,3259
Ireland,1,M2 TOTAL APPAREL IMPORTS (MFA),SME,2022,5,18548,534506,18548
Ireland,1,M2 TOTAL APPAREL IMPORTS (MFA),SME,2022,6,18673,506378,18673
Ireland,1,M2 TOTAL APPAREL IMPORTS (MFA),SME,2022,7,24035,232809,24035
Ireland,1,M2 TOTAL APPAREL IMPORTS (MFA),SME,2022,8,85832,1287799,85832
Ireland,1,M2 TOTAL APPAREL IMPORTS (MFA),SME,2022,9,29597,819791,29597
Ireland,1,M2 TOTAL APPAREL IMPORTS (MFA),SME,2022,10,75440,1253442,75440
Ireland,1,M2 TOTAL APPAREL IMPORTS (MFA),SME,2022,11,18003,609542,18003
Ireland,1,M2 TOTAL APPAREL IMPORTS (MFA),SME,2022,12,7347,229214,7347
Israel,1,M2 TOTAL APPAREL IMPORTS (MFA),SME,2022,1,188784,3751133,188784
Israel,1,M2 TOTAL APPAREL IMPORTS (MFA),SME,2022,2,243412,3626400,243412
Israel,1,M2 TOTAL APPAREL IMPORTS (MFA),SME,2022,3,230641,4605622,230641
Israel,1,M2 TOTAL APPAREL IMPORTS (MFA),SME,2022,4,366026,3698206,366026
Israel,1,M2 TOTAL APPAREL IMPORTS (MFA),SME,2022,5,303382,4325252,303382
Israel,1,M2 TOTAL APPAREL IMPORTS (MFA),SME,2022,6,267612,3111762,267612
Israel,1,M2 TOTAL APPAREL IMPORTS (MFA),SME,2022,7,196852,5014427,196852
Israel,1,M2 TOTAL APPAREL IMPORTS (MFA),SME,2022,8,230301,4710547,230301
Israel,1,M2 TOTAL APPAREL IMPORTS (MFA),SME,2022,9,347252,3704557,347252
Israel,1,M2 TOTAL APPAREL IMPORTS (MFA),SME,2022,10,186767,3412452,186767
Israel,1,M2 TOTAL APPAREL IMPORTS (MFA),SME,2022,11,382963,3697554,382963
Israel,1,M2 TOTAL APPAREL IMPORTS (MFA),SME,2022,12,153960,2872140,153960
Italy,1,M2 TOTAL APPAREL IMPORTS (MFA),SME,2022,1,7938062,139687513,7938062
Italy,1,M2 TOTAL APPAREL IMPORTS (MFA),SME,2022,2,6439115,145986375,6439115
Italy,1,M2 TOTAL APPAREL IMPORTS (MFA),SME,2022,3,6332566,153322566,6332566
Italy,1,M2 TOTAL APPAREL IMPORTS (MFA),SME,2022,4,7698707,141606426,7698707
Italy,1,M2 TOTAL APPAREL IMPORTS (MFA),SME,2022,5,7808049,169535193,7808049
Italy,1,M2 TOTAL APPAREL IMPORTS (MFA),SME,2022,6,7062572,169295238,7062572
Italy,1,M2 TOTAL APPAREL IMPORTS (MFA),SME,2022,7,6782416,169869601,6782416
Italy,1,M2 TOTAL APPAREL IMPORTS (MFA),SME,2022,8,6966207,167341678,6966207
Italy,1,M2 TOTAL APPAREL IMPORTS (MFA),SME,2022,9,6316682,165450345,6316682
Italy,1,M2 TOTAL APPAREL IMPORTS (MFA),SME,2022,10,7528928,183756852,7528928
Italy,1,M2 TOTAL APPAREL IMPORTS (MFA),SME,2022,11,6673243,181254486,6673243
Italy,1,M2 TOTAL APPAREL IMPORTS (MFA),SME,2022,12,6049213,175416760,6049213
Jamaica,1,M2 TOTAL APPAREL IMPORTS (MFA),SME,2022,2,169,860,169
Jamaica,1,M2 TOTAL APPAREL IMPORTS (MFA),SME,2022,4,49,635,49
Jamaica,1,M2 TOTAL APPAREL IMPORTS (MFA),SME,2022,6,20,266,20
Japan,1,M2 TOTAL APPAREL IMPORTS (MFA),SME,2022,1,308875,7404167,308875
Japan,1,M2 TOTAL APPAREL IMPORTS (MFA),SME,2022,2,457947,12528724,457947
Japan,1,M2 TOTAL APPAREL IMPORTS (MFA),SME,2022,3,341149,9079357,341149
Japan,1,M2 TOTAL APPAREL IMPORTS (MFA),SME,2022,4,298702,7364877,298702
Japan,1,M2 TOTAL APPAREL IMPORTS (MFA),SME,2022,5,386803,7047616,386803
Japan,1,M2 TOTAL APPAREL IMPORTS (MFA),SME,2022,6,262357,6610612,262357
Japan,1,M2 TOTAL APPAREL IMPORTS (MFA),SME,2022,7,504332,9255681,504332
Japan,1,M2 TOTAL APPAREL IMPORTS (MFA),SME,2022,8,378745,10493661,378745
Japan,1,M2 TOTAL APPAREL IMPORTS (MFA),SME,2022,9,346098,7785771,346098
Japan,1,M2 TOTAL APPAREL IMPORTS (MFA),SME,2022,10,446362,8757750,446362
Japan,1,M2 TOTAL APPAREL IMPORTS (MFA),SME,2022,11,498855,8549835,498855
Japan,1,M2 TOTAL APPAREL IMPORTS (MFA),SME,2022,12,405652,7118402,405652
Jordan,1,M2 TOTAL APPAREL IMPORTS (MFA),SME,2022,1,25780247,134820613,25780247
Jordan,1,M2 TOTAL APPAREL IMPORTS (MFA),SME,2022,2,29471219,132358507,29471219
Jordan,1,M2 TOTAL APPAREL IMPORTS (MFA),SME,2022,3,33618946,152078689,33618946
Jordan,1,M2 TOTAL APPAREL IMPORTS (MFA),SME,2022,4,26039024,134172941,26039024
Jordan,1,M2 TOTAL APPAREL IMPORTS (MFA),SME,2022,5,36482802,160127012,36482802
Jordan,1,M2 TOTAL APPAREL IMPORTS (MFA),SME,2022,6,26672998,137020035,26672998
Jordan,1,M2 TOTAL APPAREL IMPORTS (MFA),SME,2022,7,28200311,172027280,28200311
Jordan,1,M2 TOTAL APPAREL IMPORTS (MFA),SME,2022,8,30425350,203594537,30425350
Jordan,1,M2 TOTAL APPAREL IMPORTS (MFA),SME,2022,9,31258727,218703507,31258727
Jordan,1,M2 TOTAL APPAREL IMPORTS (MFA),SME,2022,10,41273561,260502004,41273561
Jordan,1,M2 TOTAL APPAREL IMPORTS (MFA),SME,2022,11,17376308,117643140,17376308
Jordan,1,M2 TOTAL APPAREL IMPORTS (MFA),SME,2022,12,17851568,109718600,17851568
Kazakhstan,1,M2 TOTAL APPAREL IMPORTS (MFA),SME,2022,6,5028,16887,5028
Kazakhstan,1,M2 TOTAL APPAREL IMPORTS (MFA),SME,2022,7,1152,19151,1152
Kazakhstan,1,M2 TOTAL APPAREL IMPORTS (MFA),SME,2022,8,16,5806,16
Kazakhstan,1,M2 TOTAL APPAREL IMPORTS (MFA),SME,2022,9,38,4415,38
Kazakhstan,1,M2 TOTAL APPAREL IMPORTS (MFA),SME,2022,10,374,33750,374
Kazakhstan,1,M2 TOTAL APPAREL IMPORTS (MFA),SME,2022,11,262,20282,262
Kenya,1,M2 TOTAL APPAREL IMPORTS (MFA),SME,2022,1,11415979,39954975,11415979
Kenya,1,M2 TOTAL APPAREL IMPORTS (MFA),SME,2022,2,5216610,25129171,5216610
Kenya,1,M2 TOTAL APPAREL IMPORTS (MFA),SME,2022,3,10393606,38570653,10393606
Kenya,1,M2 TOTAL APPAREL IMPORTS (MFA),SME,2022,4,12972149,47383170,12972149
Kenya,1,M2 TOTAL APPAREL IMPORTS (MFA),SME,2022,5,11707681,46224061,11707681
Kenya,1,M2 TOTAL APPAREL IMPORTS (MFA),SME,2022,6,10230650,41108503,10230650
Kenya,1,M2 TOTAL APPAREL IMPORTS (MFA),SME,2022,7,13558081,55686623,13558081
Kenya,1,M2 TOTAL APPAREL IMPORTS (MFA),SME,2022,8,12670871,58782718,12670871
Kenya,1,M2 TOTAL APPAREL IMPORTS (MFA),SME,2022,9,12817535,54229708,12817535
Kenya,1,M2 TOTAL APPAREL IMPORTS (MFA),SME,2022,10,10908269,50945497,10908269
Kenya,1,M2 TOTAL APPAREL IMPORTS (MFA),SME,2022,11,14404634,42511834,14404634
Kenya,1,M2 TOTAL APPAREL IMPORTS (MFA),SME,2022,12,12278546,44465615,12278546
Kiribati (Gilbert Isl),1,M2 TOTAL APPAREL IMPORTS (MFA),SME,2022,3,67,2727,67
Kosovo,1,M2 TOTAL APPAREL IMPORTS (MFA),SME,2022,1,240,23927,240
Kosovo,1,M2 TOTAL APPAREL IMPORTS (MFA),SME,2022,2,527,30740,527
Kosovo,1,M2 TOTAL APPAREL IMPORTS (MFA),SME,2022,3,347,28942,347
Kosovo,1,M2 TOTAL APPAREL IMPORTS (MFA),SME,2022,4,265,26415,265
Kosovo,1,M2 TOTAL APPAREL IMPORTS (MFA),SME,2022,5,761,71669,761
Kosovo,1,M2 TOTAL APPAREL IMPORTS (MFA),SME,2022,6,9740,140875,9740
Kosovo,1,M2 TOTAL APPAREL IMPORTS (MFA),SME,2022,7,944,93074,944
Kosovo,1,M2 TOTAL APPAREL IMPORTS (MFA),SME,2022,8,551,53758,551
Kosovo,1,M2 TOTAL APPAREL IMPORTS (MFA),SME,2022,9,5087,80935,5087
Kosovo,1,M2 TOTAL APPAREL IMPORTS (MFA),SME,2022,10,303,39469,303
Kosovo,1,M2 TOTAL APPAREL IMPORTS (MFA),SME,2022,11,1178,105726,1178
Kosovo,1,M2 TOTAL APPAREL IMPORTS (MFA),SME,2022,12,435,44627,435
Kuwait,1,M2 TOTAL APPAREL IMPORTS (MFA),SME,2022,1,162,5235,162
Kuwait,1,M2 TOTAL APPAREL IMPORTS (MFA),SME,2022,4,60,2794,60
Kuwait,1,M2 TOTAL APPAREL IMPORTS (MFA),SME,2022,5,1021,29596,1021
Kuwait,1,M2 TOTAL APPAREL IMPORTS (MFA),SME,2022,6,2007,3409,2007
Kuwait,1,M2 TOTAL APPAREL IMPORTS (MFA),SME,2022,9,122,2729,122
Kuwait,1,M2 TOTAL APPAREL IMPORTS (MFA),SME,2022,10,26,1968,26
Kuwait,1,M2 TOTAL APPAREL IMPORTS (MFA),SME,2022,11,114,6507,114
Kuwait,1,M2 TOTAL APPAREL IMPORTS (MFA),SME,2022,12,105,5537,105
Kyrgyzstan,1,M2 TOTAL APPAREL IMPORTS (MFA),SME,2022,2,322,5610,322
Kyrgyzstan,1,M2 TOTAL APPAREL IMPORTS (MFA),SME,2022,3,803,18948,803
Kyrgyzstan,1,M2 TOTAL APPAREL IMPORTS (MFA),SME,2022,4,233,3765,233
Kyrgyzstan,1,M2 TOTAL APPAREL IMPORTS (MFA),SME,2022,5,355,5175,355
Kyrgyzstan,1,M2 TOTAL APPAREL IMPORTS (MFA),SME,2022,6,520,6137,520
Kyrgyzstan,1,M2 TOTAL APPAREL IMPORTS (MFA),SME,2022,7,734,904,734
Kyrgyzstan,1,M2 TOTAL APPAREL IMPORTS (MFA),SME,2022,8,340,4290,340
Kyrgyzstan,1,M2 TOTAL APPAREL IMPORTS (MFA),SME,2022,9,540,3789,540
Kyrgyzstan,1,M2 TOTAL APPAREL IMPORTS (MFA),SME,2022,10,1163,22549,1163
Kyrgyzstan,1,M2 TOTAL APPAREL IMPORTS (MFA),SME,2022,11,89,2820,89
Kyrgyzstan,1,M2 TOTAL APPAREL IMPORTS (MFA),SME,2022,12,670,7216,670
Laos,1,M2 TOTAL APPAREL IMPORTS (MFA),SME,2022,1,791939,1501775,791939
Laos,1,M2 TOTAL APPAREL IMPORTS (MFA),SME,2022,2,365526,1385740,365526
Laos,1,M2 TOTAL APPAREL IMPORTS (MFA),SME,2022,3,887882,3104033,887882
Laos,1,M2 TOTAL APPAREL IMPORTS (MFA),SME,2022,4,708121,1776289,708121
Laos,1,M2 TOTAL APPAREL IMPORTS (MFA),SME,2022,5,174090,923771,174090
Laos,1,M2 TOTAL APPAREL IMPORTS (MFA),SME,2022,6,707365,2522430,707365
Laos,1,M2 TOTAL APPAREL IMPORTS (MFA),SME,2022,7,162551,985908,162551
Laos,1,M2 TOTAL APPAREL IMPORTS (MFA),SME,2022,8,1009351,3781302,1009351
Laos,1,M2 TOTAL APPAREL IMPORTS (MFA),SME,2022,9,952796,2995101,952796
Laos,1,M2 TOTAL APPAREL IMPORTS (MFA),SME,2022,10,583269,2758079,583269
Laos,1,M2 TOTAL APPAREL IMPORTS (MFA),SME,2022,11,157757,749058,157757
Laos,1,M2 TOTAL APPAREL IMPORTS (MFA),SME,2022,12,745997,2850665,745997
Latvia,1,M2 TOTAL APPAREL IMPORTS (MFA),SME,2022,1,13499,210513,13499
Latvia,1,M2 TOTAL APPAREL IMPORTS (MFA),SME,2022,2,12427,236279,12427
Latvia,1,M2 TOTAL APPAREL IMPORTS (MFA),SME,2022,3,23304,247523,23304
Latvia,1,M2 TOTAL APPAREL IMPORTS (MFA),SME,2022,4,5469,101483,5469
Latvia,1,M2 TOTAL APPAREL IMPORTS (MFA),SME,2022,5,9450,104128,9450
Latvia,1,M2 TOTAL APPAREL IMPORTS (MFA),SME,2022,6,31556,391082,31556
Latvia,1,M2 TOTAL APPAREL IMPORTS (MFA),SME,2022,7,23743,284227,23743
Latvia,1,M2 TOTAL APPAREL IMPORTS (MFA),SME,2022,8,80023,669916,80023
Latvia,1,M2 TOTAL APPAREL IMPORTS (MFA),SME,2022,9,17064,220446,17064
Latvia,1,M2 TOTAL APPAREL IMPORTS (MFA),SME,2022,10,5309,190983,5309
Latvia,1,M2 TOTAL APPAREL IMPORTS (MFA),SME,2022,11,11794,182506,11794
Latvia,1,M2 TOTAL APPAREL IMPORTS (MFA),SME,2022,12,21650,236279,21650
Lebanon,1,M2 TOTAL APPAREL IMPORTS (MFA),SME,2022,1,33827,385584,33827
Lebanon,1,M2 TOTAL APPAREL IMPORTS (MFA),SME,2022,2,73013,418307,73013
Lebanon,1,M2 TOTAL APPAREL IMPORTS (MFA),SME,2022,3,51873,960633,51873
Lebanon,1,M2 TOTAL APPAREL IMPORTS (MFA),SME,2022,4,79155,796983,79155
Lebanon,1,M2 TOTAL APPAREL IMPORTS (MFA),SME,2022,5,33860,440803,33860
Lebanon,1,M2 TOTAL APPAREL IMPORTS (MFA),SME,2022,6,48488,597528,48488
Lebanon,1,M2 TOTAL APPAREL IMPORTS (MFA),SME,2022,7,56996,791426,56996
Lebanon,1,M2 TOTAL APPAREL IMPORTS (MFA),SME,2022,8,54442,567247,54442
Lebanon,1,M2 TOTAL APPAREL IMPORTS (MFA),SME,2022,9,60041,671269,60041
Lebanon,1,M2 TOTAL APPAREL IMPORTS (MFA),SME,2022,10,48905,706505,48905
Lebanon,1,M2 TOTAL APPAREL IMPORTS (MFA),SME,2022,11,34551,664392,34551
Lebanon,1,M2 TOTAL APPAREL IMPORTS (MFA),SME,2022,12,74043,545694,74043
Lesotho,1,M2 TOTAL APPAREL IMPORTS (MFA),SME,2022,1,6163353,30228809,6163353
Lesotho,1,M2 TOTAL APPAREL IMPORTS (MFA),SME,2022,2,4211009,17371819,4211009
Lesotho,1,M2 TOTAL APPAREL IMPORTS (MFA),SME,2022,3,6588900,27841744,6588900
Lesotho,1,M2 TOTAL APPAREL IMPORTS (MFA),SME,2022,4,4305010,19932642,4305010
Lesotho,1,M2 TOTAL APPAREL IMPORTS (MFA),SME,2022,5,4815280,19521581,4815280
Lesotho,1,M2 TOTAL APPAREL IMPORTS (MFA),SME,2022,6,2800836,14971795,2800836
Lesotho,1,M2 TOTAL APPAREL IMPORTS (MFA),SME,2022,7,5036851,25042212,5036851
Lesotho,1,M2 TOTAL APPAREL IMPORTS (MFA),SME,2022,8,4908254,26174198,4908254
Lesotho,1,M2 TOTAL APPAREL IMPORTS (MFA),SME,2022,9,6355386,32919107,6355386
Lesotho,1,M2 TOTAL APPAREL IMPORTS (MFA),SME,2022,10,3167186,17729761,3167186
Lesotho,1,M2 TOTAL APPAREL IMPORTS (MFA),SME,2022,11,2666243,15101915,2666243
Lesotho,1,M2 TOTAL APPAREL IMPORTS (MFA),SME,2022,12,3866960,17830058,3866960
Liberia,1,M2 TOTAL APPAREL IMPORTS (MFA),SME,2022,3,224,890,224
Liberia,1,M2 TOTAL APPAREL IMPORTS (MFA),SME,2022,4,152,405,152
Liberia,1,M2 TOTAL APPAREL IMPORTS (MFA),SME,2022,6,1112,5192,1112
Liberia,1,M2 TOTAL APPAREL IMPORTS (MFA),SME,2022,9,863,1800,863
Lithuania,1,M2 TOTAL APPAREL IMPORTS (MFA),SME,2022,1,92993,1602821,92993
Lithuania,1,M2 TOTAL APPAREL IMPORTS (MFA),SME,2022,2,72764,1311384,72764
Lithuania,1,M2 TOTAL APPAREL IMPORTS (MFA),SME,2022,3,86621,1558888,86621
Lithuania,1,M2 TOTAL APPAREL IMPORTS (MFA),SME,2022,4,91144,1518268,91144
Lithuania,1,M2 TOTAL APPAREL IMPORTS (MFA),SME,2022,5,93743,1489172,93743
Lithuania,1,M2 TOTAL APPAREL IMPORTS (MFA),SME,2022,6,69716,1126845,69716
Lithuania,1,M2 TOTAL APPAREL IMPORTS (MFA),SME,2022,7,59389,1093665,59389
Lithuania,1,M2 TOTAL APPAREL IMPORTS (MFA),SME,2022,8,81972,1809071,81972
Lithuania,1,M2 TOTAL APPAREL IMPORTS (MFA),SME,2022,9,78349,1578597,78349
Lithuania,1,M2 TOTAL APPAREL IMPORTS (MFA),SME,2022,10,79672,1245933,79672
Lithuania,1,M2 TOTAL APPAREL IMPORTS (MFA),SME,2022,11,57469,1148156,57469
Lithuania,1,M2 TOTAL APPAREL IMPORTS (MFA),SME,2022,12,62409,938857,62409
Luxembourg,1,M2 TOTAL APPAREL IMPORTS (MFA),SME,2022,1,17,1288,17
Luxembourg,1,M2 TOTAL APPAREL IMPORTS (MFA),SME,2022,5,90,516,90
Luxembourg,1,M2 TOTAL APPAREL IMPORTS (MFA),SME,2022,6,197,6601,197
Luxembourg,1,M2 TOTAL APPAREL IMPORTS (MFA),SME,2022,7,6,300,6
Luxembourg,1,M2 TOTAL APPAREL IMPORTS (MFA),SME,2022,8,37,2043,37
Luxembourg,1,M2 TOTAL APPAREL IMPORTS (MFA),SME,2022,9,304,4636,304
Luxembourg,1,M2 TOTAL APPAREL IMPORTS (MFA),SME,2022,10,35,3188,35
Luxembourg,1,M2 TOTAL APPAREL IMPORTS (MFA),SME,2022,11,9,1126,9
Luxembourg,1,M2 TOTAL APPAREL IMPORTS (MFA),SME,2022,12,391,4589,391
Macau,1,M2 TOTAL APPAREL IMPORTS (MFA),SME,2022,1,2007205,10227728,2007205
Macau,1,M2 TOTAL APPAREL IMPORTS (MFA),SME,2022,2,1145515,4899038,1145515
Macau,1,M2 TOTAL APPAREL IMPORTS (MFA),SME,2022,3,1370613,8576001,1370613
Macau,1,M2 TOTAL APPAREL IMPORTS (MFA),SME,2022,4,854779,5226551,854779
Macau,1,M2 TOTAL APPAREL IMPORTS (MFA),SME,2022,5,2117193,10171166,2117193
Macau,1,M2 TOTAL APPAREL IMPORTS (MFA),SME,2022,6,1674140,11603111,1674140
Macau,1,M2 TOTAL APPAREL IMPORTS (MFA),SME,2022,7,1353034,9643975,1353034
Macau,1,M2 TOTAL APPAREL IMPORTS (MFA),SME,2022,8,2330103,11613410,2330103
Macau,1,M2 TOTAL APPAREL IMPORTS (MFA),SME,2022,9,1944170,14963385,1944170
Macau,1,M2 TOTAL APPAREL IMPORTS (MFA),SME,2022,10,1644957,9057635,1644957
Macau,1,M2 TOTAL APPAREL IMPORTS (MFA),SME,2022,11,1003908,5767662,1003908
Macau,1,M2 TOTAL APPAREL IMPORTS (MFA),SME,2022,12,1350627,9137306,1350627
Madagascar,1,M2 TOTAL APPAREL IMPORTS (MFA),SME,2022,1,6798301,28222768,6798301
Madagascar,1,M2 TOTAL APPAREL IMPORTS (MFA),SME,2022,2,5411993,23473457,5411993
Madagascar,1,M2 TOTAL APPAREL IMPORTS (MFA),SME,2022,3,8946271,33496979,8946271
Madagascar,1,M2 TOTAL APPAREL IMPORTS (MFA),SME,2022,4,7679839,25933040,7679839
Madagascar,1,M2 TOTAL APPAREL IMPORTS (MFA),SME,2022,5,8669117,34051817,8669117
Madagascar,1,M2 TOTAL APPAREL IMPORTS (MFA),SME,2022,6,8314095,35209793,8314095
Madagascar,1,M2 TOTAL APPAREL IMPORTS (MFA),SME,2022,7,8750909,37288558,8750909
Madagascar,1,M2 TOTAL APPAREL IMPORTS (MFA),SME,2022,8,7740347,37839912,7740347
Madagascar,1,M2 TOTAL APPAREL IMPORTS (MFA),SME,2022,9,8834824,39532387,8834824
Madagascar,1,M2 TOTAL APPAREL IMPORTS (MFA),SME,2022,10,6294681,32701383,6294681
Madagascar,1,M2 TOTAL APPAREL IMPORTS (MFA),SME,2022,11,9886362,40881418,9886362
Madagascar,1,M2 TOTAL APPAREL IMPORTS (MFA),SME,2022,12,9094131,36089591,9094131
Malawi,1,M2 TOTAL APPAREL IMPORTS (MFA),SME,2022,5,35350,55746,35350
Malawi,1,M2 TOTAL APPAREL IMPORTS (MFA),SME,2022,10,38664,183267,38664
Malaysia,1,M2 TOTAL APPAREL IMPORTS (MFA),SME,2022,1,4007322,20259631,4007322
Malaysia,1,M2 TOTAL APPAREL IMPORTS (MFA),SME,2022,2,3413565,20392738,3413565
Malaysia,1,M2 TOTAL APPAREL IMPORTS (MFA),SME,2022,3,3898313,18716097,3898313
Malaysia,1,M2 TOTAL APPAREL IMPORTS (MFA),SME,2022,4,5454631,28603942,5454631
Malaysia,1,M2 TOTAL APPAREL IMPORTS (MFA),SME,2022,5,5848414,29791076,5848414
Malaysia,1,M2 TOTAL APPAREL IMPORTS (MFA),SME,2022,6,2799669,17553501,2799669
Malaysia,1,M2 TOTAL APPAREL IMPORTS (MFA),SME,2022,7,4167864,27578148,4167864
Malaysia,1,M2 TOTAL APPAREL IMPORTS (MFA),SME,2022,8,3488438,19358928,3488438
Malaysia,1,M2 TOTAL APPAREL IMPORTS (MFA),SME,2022,9,3125025,25401141,3125025
Malaysia,1,M2 TOTAL APPAREL IMPORTS (MFA),SME,2022,10,3687577,29211657,3687577
Malaysia,1,M2 TOTAL APPAREL IMPORTS (MFA),SME,2022,11,2612146,16218043,2612146
Malaysia,1,M2 TOTAL APPAREL IMPORTS (MFA),SME,2022,12,1530758,8717610,1530758
Maldive Islands,1,M2 TOTAL APPAREL IMPORTS (MFA),SME,2022,2,81,3124,81
Maldive Islands,1,M2 TOTAL APPAREL IMPORTS (MFA),SME,2022,3,59,2307,59
Maldive Islands,1,M2 TOTAL APPAREL IMPORTS (MFA),SME,2022,4,49,757,49
Maldive Islands,1,M2 TOTAL APPAREL IMPORTS (MFA),SME,2022,6,15,308,15
Maldive Islands,1,M2 TOTAL APPAREL IMPORTS (MFA),SME,2022,12,35,1106,35
Mali,1,M2 TOTAL APPAREL IMPORTS (MFA),SME,2022,1,154,1012,154
Mali,1,M2 TOTAL APPAREL IMPORTS (MFA),SME,2022,2,673,2515,673
Mali,1,M2 TOTAL APPAREL IMPORTS (MFA),SME,2022,3,318,1738,318
Mali,1,M2 TOTAL APPAREL IMPORTS (MFA),SME,2022,4,458,2452,458
Mali,1,M2 TOTAL APPAREL IMPORTS (MFA),SME,2022,5,149,915,149
Mali,1,M2 TOTAL APPAREL IMPORTS (MFA),SME,2022,6,811,4106,811
Mali,1,M2 TOTAL APPAREL IMPORTS (MFA),SME,2022,7,140,564,140
Mali,1,M2 TOTAL APPAREL IMPORTS (MFA),SME,2022,8,191,3426,191
Mali,1,M2 TOTAL APPAREL IMPORTS (MFA),SME,2022,9,135,779,135
Mali,1,M2 TOTAL APPAREL IMPORTS (MFA),SME,2022,11,554,2190,554
Mali,1,M2 TOTAL APPAREL IMPORTS (MFA),SME,2022,12,874,9756,874
Malta,1,M2 TOTAL APPAREL IMPORTS (MFA),SME,2022,1,10296,53562,10296
Malta,1,M2 TOTAL APPAREL IMPORTS (MFA),SME,2022,2,4348,16937,4348
Malta,1,M2 TOTAL APPAREL IMPORTS (MFA),SME,2022,3,14886,47959,14886
Malta,1,M2 TOTAL APPAREL IMPORTS (MFA),SME,2022,4,21140,75954,21140
Malta,1,M2 TOTAL APPAREL IMPORTS (MFA),SME,2022,5,13697,106669,13697
Malta,1,M2 TOTAL APPAREL IMPORTS (MFA),SME,2022,6,23404,144551,23404
Malta,1,M2 TOTAL APPAREL IMPORTS (MFA),SME,2022,7,10379,32434,10379
Malta,1,M2 TOTAL APPAREL IMPORTS (MFA),SME,2022,8,5646,46799,5646
Malta,1,M2 TOTAL APPAREL IMPORTS (MFA),SME,2022,9,7471,19098,7471
Malta,1,M2 TOTAL APPAREL IMPORTS (MFA),SME,2022,10,4116,33195,4116
Malta,1,M2 TOTAL APPAREL IMPORTS (MFA),SME,2022,11,2472,25610,2472
Malta,1,M2 TOTAL APPAREL IMPORTS (MFA),SME,2022,12,2069,16026,2069
Marshall islands,1,M2 TOTAL APPAREL IMPORTS (MFA),SME,2022,10,30,425,30
Mauritania,1,M2 TOTAL APPAREL IMPORTS (MFA),SME,2022,3,55,894,55
Mauritania,1,M2 TOTAL APPAREL IMPORTS (MFA),SME,2022,4,202,1500,202
Mauritania,1,M2 TOTAL APPAREL IMPORTS (MFA),SME,2022,6,569,42975,569
Mauritania,1,M2 TOTAL APPAREL IMPORTS (MFA),SME,2022,9,932,10868,932
Mauritania,1,M2 TOTAL APPAREL IMPORTS (MFA),SME,2022,10,14,822,14
Mauritania,1,M2 TOTAL APPAREL IMPORTS (MFA),SME,2022,11,273,4209,273
Mauritania,1,M2 TOTAL APPAREL IMPORTS (MFA),SME,2022,12,163,3498,163
Mauritius,1,M2 TOTAL APPAREL IMPORTS (MFA),SME,2022,1,579306,5190969,579306
Mauritius,1,M2 TOTAL APPAREL IMPORTS (MFA),SME,2022,2,735699,7022783,735699
Mauritius,1,M2 TOTAL APPAREL IMPORTS (MFA),SME,2022,3,863950,8148799,863950
Mauritius,1,M2 TOTAL APPAREL IMPORTS (MFA),SME,2022,4,629184,5444312,629184
Mauritius,1,M2 TOTAL APPAREL IMPORTS (MFA),SME,2022,5,673589,5803944,673589
Mauritius,1,M2 TOTAL APPAREL IMPORTS (MFA),SME,2022,6,602411,5640466,602411
Mauritius,1,M2 TOTAL APPAREL IMPORTS (MFA),SME,2022,7,388174,3841087,388174
Mauritius,1,M2 TOTAL APPAREL IMPORTS (MFA),SME,2022,8,803497,9838418,803497
Mauritius,1,M2 TOTAL APPAREL IMPORTS (MFA),SME,2022,9,566396,6729692,566396
Mauritius,1,M2 TOTAL APPAREL IMPORTS (MFA),SME,2022,10,739485,8813504,739485
Mauritius,1,M2 TOTAL APPAREL IMPORTS (MFA),SME,2022,11,404694,4142975,404694
Mauritius,1,M2 TOTAL APPAREL IMPORTS (MFA),SME,2022,12,350888,4888374,350888
Mayotte,1,M2 TOTAL APPAREL IMPORTS (MFA),SME,2022,4,605,934,605
Mexico,1,M2 TOTAL APPAREL IMPORTS (MFA),SME,2022,1,65036634,226108360,65036634
Mexico,1,M2 TOTAL APPAREL IMPORTS (MFA),SME,2022,2,67479235,243673814,67479235
Mexico,1,M2 TOTAL APPAREL IMPORTS (MFA),SME,2022,3,80888076,287036598,80888076
Mexico,1,M2 TOTAL APPAREL IMPORTS (MFA),SME,2022,4,70162949,260137054,70162949
Mexico,1,M2 TOTAL APPAREL IMPORTS (MFA),SME,2022,5,71785338,282073552,71785338
Mexico,1,M2 TOTAL APPAREL IMPORTS (MFA),SME,2022,6,69179049,280918714,69179049
Mexico,1,M2 TOTAL APPAREL IMPORTS (MFA),SME,2022,7,61266843,275270995,61266843
Mexico,1,M2 TOTAL APPAREL IMPORTS (MFA),SME,2022,8,64705387,285432007,64705387
Mexico,1,M2 TOTAL APPAREL IMPORTS (MFA),SME,2022,9,58137125,257300231,58137125
Mexico,1,M2 TOTAL APPAREL IMPORTS (MFA),SME,2022,10,62296649,282009559,62296649
Mexico,1,M2 TOTAL APPAREL IMPORTS (MFA),SME,2022,11,54891446,250921867,54891446
Mexico,1,M2 TOTAL APPAREL IMPORTS (MFA),SME,2022,12,50300448,227345287,50300448
Moldova,1,M2 TOTAL APPAREL IMPORTS (MFA),SME,2022,1,47920,842033,47920
Moldova,1,M2 TOTAL APPAREL IMPORTS (MFA),SME,2022,2,52354,1116078,52354
Moldova,1,M2 TOTAL APPAREL IMPORTS (MFA),SME,2022,3,56252,956353,56252
Moldova,1,M2 TOTAL APPAREL IMPORTS (MFA),SME,2022,4,78810,932040,78810
Moldova,1,M2 TOTAL APPAREL IMPORTS (MFA),SME,2022,5,95766,870936,95766
Moldova,1,M2 TOTAL APPAREL IMPORTS (MFA),SME,2022,6,75105,1320414,75105
Moldova,1,M2 TOTAL APPAREL IMPORTS (MFA),SME,2022,7,276116,2250412,276116
Moldova,1,M2 TOTAL APPAREL IMPORTS (MFA),SME,2022,8,153729,2222670,153729
Moldova,1,M2 TOTAL APPAREL IMPORTS (MFA),SME,2022,9,107645,1124296,107645
Moldova,1,M2 TOTAL APPAREL IMPORTS (MFA),SME,2022,10,96273,1511075,96273
Moldova,1,M2 TOTAL APPAREL IMPORTS (MFA),SME,2022,11,69586,1294635,69586
Moldova,1,M2 TOTAL APPAREL IMPORTS (MFA),SME,2022,12,81386,1000449,81386
Mongolia,1,M2 TOTAL APPAREL IMPORTS (MFA),SME,2022,1,21638,1147955,21638
Mongolia,1,M2 TOTAL APPAREL IMPORTS (MFA),SME,2022,2,26988,1233889,26988
Mongolia,1,M2 TOTAL APPAREL IMPORTS (MFA),SME,2022,3,7362,306084,7362
Mongolia,1,M2 TOTAL APPAREL IMPORTS (MFA),SME,2022,4,4730,209856,4730
Mongolia,1,M2 TOTAL APPAREL IMPORTS (MFA),SME,2022,5,4601,248666,4601
Mongolia,1,M2 TOTAL APPAREL IMPORTS (MFA),SME,2022,6,1721,70198,1721
Mongolia,1,M2 TOTAL APPAREL IMPORTS (MFA),SME,2022,7,13557,721234,13557
Mongolia,1,M2 TOTAL APPAREL IMPORTS (MFA),SME,2022,8,36823,648819,36823
Mongolia,1,M2 TOTAL APPAREL IMPORTS (MFA),SME,2022,9,14489,790268,14489
Mongolia,1,M2 TOTAL APPAREL IMPORTS (MFA),SME,2022,10,35197,1728087,35197
Mongolia,1,M2 TOTAL APPAREL IMPORTS (MFA),SME,2022,11,20182,989980,20182
Mongolia,1,M2 TOTAL APPAREL IMPORTS (MFA),SME,2022,12,5083,319277,5083
Montenegro,1,M2 TOTAL APPAREL IMPORTS (MFA),SME,2022,4,35,3589,35
Montenegro,1,M2 TOTAL APPAREL IMPORTS (MFA),SME,2022,8,12,1491,12
Montserrat,1,M2 TOTAL APPAREL IMPORTS (MFA),SME,2022,4,9,756,9
Montserrat,1,M2 TOTAL APPAREL IMPORTS (MFA),SME,2022,9,125,871,125
Morocco,1,M2 TOTAL APPAREL IMPORTS (MFA),SME,2022,1,1828189,11042600,1828189
Morocco,1,M2 TOTAL APPAREL IMPORTS (MFA),SME,2022,2,3063183,18649855,3063183
Morocco,1,M2 TOTAL APPAREL IMPORTS (MFA),SME,2022,3,4114548,24442440,4114548
Morocco,1,M2 TOTAL APPAREL IMPORTS (MFA),SME,2022,4,3926532,22796015,3926532
Morocco,1,M2 TOTAL APPAREL IMPORTS (MFA),SME,2022,5,4143176,23752210,4143176
Morocco,1,M2 TOTAL APPAREL IMPORTS (MFA),SME,2022,6,3691961,21113657,3691961
Morocco,1,M2 TOTAL APPAREL IMPORTS (MFA),SME,2022,7,2914310,17802453,2914310
Morocco,1,M2 TOTAL APPAREL IMPORTS (MFA),SME,2022,8,3007459,19575117,3007459
Morocco,1,M2 TOTAL APPAREL IMPORTS (MFA),SME,2022,9,2703598,19860053,2703598
Morocco,1,M2 TOTAL APPAREL IMPORTS (MFA),SME,2022,10,2687209,18921834,2687209
Morocco,1,M2 TOTAL APPAREL IMPORTS (MFA),SME,2022,11,2238754,17236744,2238754
Morocco,1,M2 TOTAL APPAREL IMPORTS (MFA),SME,2022,12,1889136,13630942,1889136
Namibia,1,M2 TOTAL APPAREL IMPORTS (MFA),SME,2022,2,1466,9195,1466
Namibia,1,M2 TOTAL APPAREL IMPORTS (MFA),SME,2022,7,18699,79613,18699
Nauru,1,M2 TOTAL APPAREL IMPORTS (MFA),SME,2022,2,10047,11867,10047
Nauru,1,M2 TOTAL APPAREL IMPORTS (MFA),SME,2022,5,191,5801,191
Nauru,1,M2 TOTAL APPAREL IMPORTS (MFA),SME,2022,6,60,1170,60
Nauru,1,M2 TOTAL APPAREL IMPORTS (MFA),SME,2022,10,12,1335,12
Nauru,1,M2 TOTAL APPAREL IMPORTS (MFA),SME,2022,12,774,19194,774
Nepal,1,M2 TOTAL APPAREL IMPORTS (MFA),SME,2022,1,226130,779473,226130
Nepal,1,M2 TOTAL APPAREL IMPORTS (MFA),SME,2022,2,199802,771392,199802
Nepal,1,M2 TOTAL APPAREL IMPORTS (MFA),SME,2022,3,83503,478122,83503
Nepal,1,M2 TOTAL APPAREL IMPORTS (MFA),SME,2022,4,89634,412187,89634
Nepal,1,M2 TOTAL APPAREL IMPORTS (MFA),SME,2022,5,358536,1255833,358536
Nepal,1,M2 TOTAL APPAREL IMPORTS (MFA),SME,2022,6,119132,538035,119132
Nepal,1,M2 TOTAL APPAREL IMPORTS (MFA),SME,2022,7,188136,1156342,188136
Nepal,1,M2 TOTAL APPAREL IMPORTS (MFA),SME,2022,8,222958,1620246,222958
Nepal,1,M2 TOTAL APPAREL IMPORTS (MFA),SME,2022,9,327435,2032190,327435
Nepal,1,M2 TOTAL APPAREL IMPORTS (MFA),SME,2022,10,208269,1151964,208269
Nepal,1,M2 TOTAL APPAREL IMPORTS (MFA),SME,2022,11,154941,1033955,154941
Nepal,1,M2 TOTAL APPAREL IMPORTS (MFA),SME,2022,12,90760,636013,90760
Netherlands,1,M2 TOTAL APPAREL IMPORTS (MFA),SME,2022,1,24457,349027,24457
Netherlands,1,M2 TOTAL APPAREL IMPORTS (MFA),SME,2022,2,71182,410985,71182
Netherlands,1,M2 TOTAL APPAREL IMPORTS (MFA),SME,2022,3,16873,395828,16873
Netherlands,1,M2 TOTAL APPAREL IMPORTS (MFA),SME,2022,4,49414,866238,49414
Netherlands,1,M2 TOTAL APPAREL IMPORTS (MFA),SME,2022,5,44923,478611,44923
Netherlands,1,M2 TOTAL APPAREL IMPORTS (MFA),SME,2022,6,37139,492392,37139
Netherlands,1,M2 TOTAL APPAREL IMPORTS (MFA),SME,2022,7,24696,345324,24696
Netherlands,1,M2 TOTAL APPAREL IMPORTS (MFA),SME,2022,8,40564,371650,40564
Netherlands,1,M2 TOTAL APPAREL IMPORTS (MFA),SME,2022,9,29120,361055,29120
Netherlands,1,M2 TOTAL APPAREL IMPORTS (MFA),SME,2022,10,14888,321159,14888
Netherlands,1,M2 TOTAL APPAREL IMPORTS (MFA),SME,2022,11,25030,322053,25030
Netherlands,1,M2 TOTAL APPAREL IMPORTS (MFA),SME,2022,12,25756,270476,25756
New Caledonia,1,M2 TOTAL APPAREL IMPORTS (MFA),SME,2022,4,15,924,15
New Caledonia,1,M2 TOTAL APPAREL IMPORTS (MFA),SME,2022,6,38,515,38
New Caledonia,1,M2 TOTAL APPAREL IMPORTS (MFA),SME,2022,9,41,336,41
New Caledonia,1,M2 TOTAL APPAREL IMPORTS (MFA),SME,2022,12,6,391,6
New Zealand,1,M2 TOTAL APPAREL IMPORTS (MFA),SME,2022,1,37897,235403,37897
New Zealand,1,M2 TOTAL APPAREL IMPORTS (MFA),SME,2022,2,37353,181339,37353
New Zealand,1,M2 TOTAL APPAREL IMPORTS (MFA),SME,2022,3,15511,186476,15511
New Zealand,1,M2 TOTAL APPAREL IMPORTS (MFA),SME,2022,4,14933,136060,14933
New Zealand,1,M2 TOTAL APPAREL IMPORTS (MFA),SME,2022,5,10285,135948,10285
New Zealand,1,M2 TOTAL APPAREL IMPORTS (MFA),SME,2022,6,42218,279658,42218
New Zealand,1,M2 TOTAL APPAREL IMPORTS (MFA),SME,2022,7,10333,235426,10333
New Zealand,1,M2 TOTAL APPAREL IMPORTS (MFA),SME,2022,8,12532,130627,12532
New Zealand,1,M2 TOTAL APPAREL IMPORTS (MFA),SME,2022,9,4288,103263,4288
New Zealand,1,M2 TOTAL APPAREL IMPORTS (MFA),SME,2022,10,9130,105639,9130
New Zealand,1,M2 TOTAL APPAREL IMPORTS (MFA),SME,2022,11,10182,150483,10182
New Zealand,1,M2 TOTAL APPAREL IMPORTS (MFA),SME,2022,12,7288,103324,7288
Nicaragua,1,M2 TOTAL APPAREL IMPORTS (MFA),SME,2022,1,45563297,160898895,45563297
Nicaragua,1,M2 TOTAL APPAREL IMPORTS (MFA),SME,2022,2,47211111,157569879,47211111
Nicaragua,1,M2 TOTAL APPAREL IMPORTS (MFA),SME,2022,3,61420151,210114278,61420151
Nicaragua,1,M2 TOTAL APPAREL IMPORTS (MFA),SME,2022,4,56526217,195984395,56526217
Nicaragua,1,M2 TOTAL APPAREL IMPORTS (MFA),SME,2022,5,55730801,193318756,55730801
Nicaragua,1,M2 TOTAL APPAREL IMPORTS (MFA),SME,2022,6,61294180,232402651,61294180
Nicaragua,1,M2 TOTAL APPAREL IMPORTS (MFA),SME,2022,7,61250455,234026715,61250455
Nicaragua,1,M2 TOTAL APPAREL IMPORTS (MFA),SME,2022,8,58976762,356975274,58976762
Nicaragua,1,M2 TOTAL APPAREL IMPORTS (MFA),SME,2022,9,60688517,335331959,60688517
Nicaragua,1,M2 TOTAL APPAREL IMPORTS (MFA),SME,2022,10,49814615,303002771,49814615
Nicaragua,1,M2 TOTAL APPAREL IMPORTS (MFA),SME,2022,11,51104420,254114123,51104420
Nicaragua,1,M2 TOTAL APPAREL IMPORTS (MFA),SME,2022,12,53753215,204298361,53753215
Niger,1,M2 TOTAL APPAREL IMPORTS (MFA),SME,2022,4,15,2500,15
Niger,1,M2 TOTAL APPAREL IMPORTS (MFA),SME,2022,8,6,354,6
Niger,1,M2 TOTAL APPAREL IMPORTS (MFA),SME,2022,12,119,13140,119
Nigeria,1,M2 TOTAL APPAREL IMPORTS (MFA),SME,2022,1,3695,15549,3695
Nigeria,1,M2 TOTAL APPAREL IMPORTS (MFA),SME,2022,2,10753,73417,10753
Nigeria,1,M2 TOTAL APPAREL IMPORTS (MFA),SME,2022,3,23281,76068,23281
Nigeria,1,M2 TOTAL APPAREL IMPORTS (MFA),SME,2022,4,15098,104197,15098
Nigeria,1,M2 TOTAL APPAREL IMPORTS (MFA),SME,2022,5,11786,36258,11786
Nigeria,1,M2 TOTAL APPAREL IMPORTS (MFA),SME,2022,6,24975,60520,24975
Nigeria,1,M2 TOTAL APPAREL IMPORTS (MFA),SME,2022,7,11609,34308,11609
Nigeria,1,M2 TOTAL APPAREL IMPORTS (MFA),SME,2022,8,22062,64089,22062
Nigeria,1,M2 TOTAL APPAREL IMPORTS (MFA),SME,2022,9,36776,81166,36776
Nigeria,1,M2 TOTAL APPAREL IMPORTS (MFA),SME,2022,10,9234,26572,9234
Nigeria,1,M2 TOTAL APPAREL IMPORTS (MFA),SME,2022,11,7422,54188,7422
Nigeria,1,M2 TOTAL APPAREL IMPORTS (MFA),SME,2022,12,12375,24313,12375
North Macedonia,1,M2 TOTAL APPAREL IMPORTS (MFA),SME,2022,1,27451,153528,27451
North Macedonia,1,M2 TOTAL APPAREL IMPORTS (MFA),SME,2022,2,100475,341094,100475
North Macedonia,1,M2 TOTAL APPAREL IMPORTS (MFA),SME,2022,3,141618,532858,141618
North Macedonia,1,M2 TOTAL APPAREL IMPORTS (MFA),SME,2022,4,26709,230944,26709
North Macedonia,1,M2 TOTAL APPAREL IMPORTS (MFA),SME,2022,5,83580,248592,83580
North Macedonia,1,M2 TOTAL APPAREL IMPORTS (MFA),SME,2022,6,114030,340930,114030
North Macedonia,1,M2 TOTAL APPAREL IMPORTS (MFA),SME,2022,7,105981,418823,105981
North Macedonia,1,M2 TOTAL APPAREL IMPORTS (MFA),SME,2022,8,49264,287958,49264
North Macedonia,1,M2 TOTAL APPAREL IMPORTS (MFA),SME,2022,9,17301,333428,17301
North Macedonia,1,M2 TOTAL APPAREL IMPORTS (MFA),SME,2022,10,63214,221481,63214
North Macedonia,1,M2 TOTAL APPAREL IMPORTS (MFA),SME,2022,11,34155,332930,34155
North Macedonia,1,M2 TOTAL APPAREL IMPORTS (MFA),SME,2022,12,64762,263665,64762
Norway,1,M2 TOTAL APPAREL IMPORTS (MFA),SME,2022,1,4262,41917,4262
Norway,1,M2 TOTAL APPAREL IMPORTS (MFA),SME,2022,2,6577,126344,6577
Norway,1,M2 TOTAL APPAREL IMPORTS (MFA),SME,2022,3,4340,99492,4340
Norway,1,M2 TOTAL APPAREL IMPORTS (MFA),SME,2022,4,4938,104658,4938
Norway,1,M2 TOTAL APPAREL IMPORTS (MFA),SME,2022,5,577,20838,577
Norway,1,M2 TOTAL APPAREL IMPORTS (MFA),SME,2022,6,462,16595,462
Norway,1,M2 TOTAL APPAREL IMPORTS (MFA),SME,2022,7,1252,30904,1252
Norway,1,M2 TOTAL APPAREL IMPORTS (MFA),SME,2022,8,5148,111715,5148
Norway,1,M2 TOTAL APPAREL IMPORTS (MFA),SME,2022,9,6886,206419,6886
Norway,1,M2 TOTAL APPAREL IMPORTS (MFA),SME,2022,10,14262,472273,14262
Norway,1,M2 TOTAL APPAREL IMPORTS (MFA),SME,2022,11,4436,123267,4436
Norway,1,M2 TOTAL APPAREL IMPORTS (MFA),SME,2022,12,3459,107253,3459
Oman,1,M2 TOTAL APPAREL IMPORTS (MFA),SME,2022,2,38,1298,38
Oman,1,M2 TOTAL APPAREL IMPORTS (MFA),SME,2022,3,17,274,17
Oman,1,M2 TOTAL APPAREL IMPORTS (MFA),SME,2022,4,1542,14998,1542
Oman,1,M2 TOTAL APPAREL IMPORTS (MFA),SME,2022,5,202,3217,202
Oman,1,M2 TOTAL APPAREL IMPORTS (MFA),SME,2022,6,76,5299,76
Oman,1,M2 TOTAL APPAREL IMPORTS (MFA),SME,2022,7,1425,21497,1425
Oman,1,M2 TOTAL APPAREL IMPORTS (MFA),SME,2022,8,41,3500,41
Oman,1,M2 TOTAL APPAREL IMPORTS (MFA),SME,2022,11,38,400,38
Pakistan,1,M2 TOTAL APPAREL IMPORTS (MFA),SME,2022,1,84061571,209276307,84061571
Pakistan,1,M2 TOTAL APPAREL IMPORTS (MFA),SME,2022,2,82688468,223147089,82688468
Pakistan,1,M2 TOTAL APPAREL IMPORTS (MFA),SME,2022,3,90007759,255475038,90007759
Pakistan,1,M2 TOTAL APPAREL IMPORTS (MFA),SME,2022,4,88109031,240047482,88109031
Pakistan,1,M2 TOTAL APPAREL IMPORTS (MFA),SME,2022,5,100663534,293542155,100663534
Pakistan,1,M2 TOTAL APPAREL IMPORTS (MFA),SME,2022,6,68001569,230824342,68001569
Pakistan,1,M2 TOTAL APPAREL IMPORTS (MFA),SME,2022,7,77142128,254062422,77142128
Pakistan,1,M2 TOTAL APPAREL IMPORTS (MFA),SME,2022,8,67568843,230106621,67568843
Pakistan,1,M2 TOTAL APPAREL IMPORTS (MFA),SME,2022,9,73600991,245001791,73600991
Pakistan,1,M2 TOTAL APPAREL IMPORTS (MFA),SME,2022,10,56649169,195743643,56649169
Pakistan,1,M2 TOTAL APPAREL IMPORTS (MFA),SME,2022,11,64526962,201976463,64526962
Pakistan,1,M2 TOTAL APPAREL IMPORTS (MFA),SME,2022,12,52299255,167475589,52299255
Panama,1,M2 TOTAL APPAREL IMPORTS (MFA),SME,2022,1,47300,133813,47300
Panama,1,M2 TOTAL APPAREL IMPORTS (MFA),SME,2022,2,249,8747,249
Panama,1,M2 TOTAL APPAREL IMPORTS (MFA),SME,2022,3,2399,49338,2399
Panama,1,M2 TOTAL APPAREL IMPORTS (MFA),SME,2022,4,51802,97621,51802
Panama,1,M2 TOTAL APPAREL IMPORTS (MFA),SME,2022,5,741,15870,741
Panama,1,M2 TOTAL APPAREL IMPORTS (MFA),SME,2022,6,22402,133783,22402
Panama,1,M2 TOTAL APPAREL IMPORTS (MFA),SME,2022,7,330,2285,330
Panama,1,M2 TOTAL APPAREL IMPORTS (MFA),SME,2022,8,15053,163887,15053
Panama,1,M2 TOTAL APPAREL IMPORTS (MFA),SME,2022,9,9048,132641,9048
Panama,1,M2 TOTAL APPAREL IMPORTS (MFA),SME,2022,10,7847,157686,7847
Panama,1,M2 TOTAL APPAREL IMPORTS (MFA),SME,2022,11,5716,113837,5716
Panama,1,M2 TOTAL APPAREL IMPORTS (MFA),SME,2022,12,36866,186769,36866
Papua New Guinea,1,M2 TOTAL APPAREL IMPORTS (MFA),SME,2022,2,20,476,20
Papua New Guinea,1,M2 TOTAL APPAREL IMPORTS (MFA),SME,2022,5,4083,12121,4083
Papua New Guinea,1,M2 TOTAL APPAREL IMPORTS (MFA),SME,2022,7,58,1725,58
Papua New Guinea,1,M2 TOTAL APPAREL IMPORTS (MFA),SME,2022,8,106,7658,106
Papua New Guinea,1,M2 TOTAL APPAREL IMPORTS (MFA),SME,2022,10,194,2788,194
Paraguay,1,M2 TOTAL APPAREL IMPORTS (MFA),SME,2022,1,56962,732275,56962
Paraguay,1,M2 TOTAL APPAREL IMPORTS (MFA),SME,2022,2,76801,937348,76801
Paraguay,1,M2 TOTAL APPAREL IMPORTS (MFA),SME,2022,3,60738,1041598,60738
Paraguay,1,M2 TOTAL APPAREL IMPORTS (MFA),SME,2022,4,39789,708420,39789
Paraguay,1,M2 TOTAL APPAREL IMPORTS (MFA),SME,2022,5,54694,962158,54694
Paraguay,1,M2 TOTAL APPAREL IMPORTS (MFA),SME,2022,6,59814,1077732,59814
Paraguay,1,M2 TOTAL APPAREL IMPORTS (MFA),SME,2022,7,49416,683643,49416
Paraguay,1,M2 TOTAL APPAREL IMPORTS (MFA),SME,2022,8,20676,340511,20676
Paraguay,1,M2 TOTAL APPAREL IMPORTS (MFA),SME,2022,9,28721,504629,28721
Paraguay,1,M2 TOTAL APPAREL IMPORTS (MFA),SME,2022,10,42379,711286,42379
Paraguay,1,M2 TOTAL APPAREL IMPORTS (MFA),SME,2022,11,22096,379558,22096
Paraguay,1,M2 TOTAL APPAREL IMPORTS (MFA),SME,2022,12,38532,734518,38532
Peru,1,M2 TOTAL APPAREL IMPORTS (MFA),SME,2022,1,7893548,68781241,7893548
Peru,1,M2 TOTAL APPAREL IMPORTS (MFA),SME,2022,2,8127219,68559314,8127219
Peru,1,M2 TOTAL APPAREL IMPORTS (MFA),SME,2022,3,10638897,85706448,10638897
Peru,1,M2 TOTAL APPAREL IMPORTS (MFA),SME,2022,4,10489681,75426202,10489681
Peru,1,M2 TOTAL APPAREL IMPORTS (MFA),SME,2022,5,9784159,87449821,9784159
Peru,1,M2 TOTAL APPAREL IMPORTS (MFA),SME,2022,6,10418860,91059568,10418860
Peru,1,M2 TOTAL APPAREL IMPORTS (MFA),SME,2022,7,9455521,86414183,9455521
Peru,1,M2 TOTAL APPAREL IMPORTS (MFA),SME,2022,8,11073710,93836351,11073710
Peru,1,M2 TOTAL APPAREL IMPORTS (MFA),SME,2022,9,10772482,86701909,10772482
Peru,1,M2 TOTAL APPAREL IMPORTS (MFA),SME,2022,10,8173372,87893088,8173372
Peru,1,M2 TOTAL APPAREL IMPORTS (MFA),SME,2022,11,7158960,60816149,7158960
Peru,1,M2 TOTAL APPAREL IMPORTS (MFA),SME,2022,12,8121274,75066765,8121274
Philippines,1,M2 TOTAL APPAREL IMPORTS (MFA),SME,2022,1,15363630,58837748,15363630
Philippines,1,M2 TOTAL APPAREL IMPORTS (MFA),SME,2022,2,12686283,48759156,12686283
Philippines,1,M2 TOTAL APPAREL IMPORTS (MFA),SME,2022,3,14273542,66965256,14273542
Philippines,1,M2 TOTAL APPAREL IMPORTS (MFA),SME,2022,4,20710662,70570886,20710662
Philippines,1,M2 TOTAL APPAREL IMPORTS (MFA),SME,2022,5,17056803,69307234,17056803
Philippines,1,M2 TOTAL APPAREL IMPORTS (MFA),SME,2022,6,15227391,58008180,15227391
Philippines,1,M2 TOTAL APPAREL IMPORTS (MFA),SME,2022,7,16663279,62197267,16663279
Philippines,1,M2 TOTAL APPAREL IMPORTS (MFA),SME,2022,8,21389232,83410464,21389232
Philippines,1,M2 TOTAL APPAREL IMPORTS (MFA),SME,2022,9,20448233,79115188,20448233
Philippines,1,M2 TOTAL APPAREL IMPORTS (MFA),SME,2022,10,13671316,65450147,13671316
Philippines,1,M2 TOTAL APPAREL IMPORTS (MFA),SME,2022,11,12071669,56036221,12071669
Philippines,1,M2 TOTAL APPAREL IMPORTS (MFA),SME,2022,12,9282526,41091025,9282526
Poland,1,M2 TOTAL APPAREL IMPORTS (MFA),SME,2022,1,101024,2132548,101024
Poland,1,M2 TOTAL APPAREL IMPORTS (MFA),SME,2022,2,154786,3011023,154786
Poland,1,M2 TOTAL APPAREL IMPORTS (MFA),SME,2022,3,207028,3694051,207028
Poland,1,M2 TOTAL APPAREL IMPORTS (MFA),SME,2022,4,128796,3002399,128796
Poland,1,M2 TOTAL APPAREL IMPORTS (MFA),SME,2022,5,142501,2722410,142501
Poland,1,M2 TOTAL APPAREL IMPORTS (MFA),SME,2022,6,133319,2316700,133319
Poland,1,M2 TOTAL APPAREL IMPORTS (MFA),SME,2022,7,315418,2893360,315418
Poland,1,M2 TOTAL APPAREL IMPORTS (MFA),SME,2022,8,194621,4215939,194621
Poland,1,M2 TOTAL APPAREL IMPORTS (MFA),SME,2022,9,293333,5699747,293333
Poland,1,M2 TOTAL APPAREL IMPORTS (MFA),SME,2022,10,312434,5030873,312434
Poland,1,M2 TOTAL APPAREL IMPORTS (MFA),SME,2022,11,234813,4038802,234813
Poland,1,M2 TOTAL APPAREL IMPORTS (MFA),SME,2022,12,132011,2734719,132011
Portugal,1,M2 TOTAL APPAREL IMPORTS (MFA),SME,2022,1,1509981,27050742,1509981
Portugal,1,M2 TOTAL APPAREL IMPORTS (MFA),SME,2022,2,1798032,30590339,1798032
Portugal,1,M2 TOTAL APPAREL IMPORTS (MFA),SME,2022,3,1934866,34959731,1934866
Portugal,1,M2 TOTAL APPAREL IMPORTS (MFA),SME,2022,4,1985894,32724699,1985894
Portugal,1,M2 TOTAL APPAREL IMPORTS (MFA),SME,2022,5,1918557,31625869,1918557
Portugal,1,M2 TOTAL APPAREL IMPORTS (MFA),SME,2022,6,1935521,33376352,1935521
Portugal,1,M2 TOTAL APPAREL IMPORTS (MFA),SME,2022,7,1620398,29063779,1620398
Portugal,1,M2 TOTAL APPAREL IMPORTS (MFA),SME,2022,8,2390093,41039896,2390093
Portugal,1,M2 TOTAL APPAREL IMPORTS (MFA),SME,2022,9,1610721,32038181,1610721
Portugal,1,M2 TOTAL APPAREL IMPORTS (MFA),SME,2022,10,1816187,35326774,1816187
Portugal,1,M2 TOTAL APPAREL IMPORTS (MFA),SME,2022,11,1414096,30505418,1414096
Portugal,1,M2 TOTAL APPAREL IMPORTS (MFA),SME,2022,12,1582019,27563697,1582019
Qatar,1,M2 TOTAL APPAREL IMPORTS (MFA),SME,2022,3,38,1200,38
Qatar,1,M2 TOTAL APPAREL IMPORTS (MFA),SME,2022,5,29,1000,29
Qatar,1,M2 TOTAL APPAREL IMPORTS (MFA),SME,2022,6,18,2815,18
Qatar,1,M2 TOTAL APPAREL IMPORTS (MFA),SME,2022,7,108,3121,108
Qatar,1,M2 TOTAL APPAREL IMPORTS (MFA),SME,2022,8,38,525,38
Qatar,1,M2 TOTAL APPAREL IMPORTS (MFA),SME,2022,11,1099,10800,1099
Romania,1,M2 TOTAL APPAREL IMPORTS (MFA),SME,2022,1,777280,11209438,777280
Romania,1,M2 TOTAL APPAREL IMPORTS (MFA),SME,2022,2,969771,13330526,969771
Romania,1,M2 TOTAL APPAREL IMPORTS (MFA),SME,2022,3,832921,12848152,832921
Romania,1,M2 TOTAL APPAREL IMPORTS (MFA),SME,2022,4,1029268,11743068,1029268
Romania,1,M2 TOTAL APPAREL IMPORTS (MFA),SME,2022,5,1173756,15453282,1173756
Romania,1,M2 TOTAL APPAREL IMPORTS (MFA),SME,2022,6,771121,15596355,771121
Romania,1,M2 TOTAL APPAREL IMPORTS (MFA),SME,2022,7,922744,16560957,922744
Romania,1,M2 TOTAL APPAREL IMPORTS (MFA),SME,2022,8,1023148,20971471,1023148
Romania,1,M2 TOTAL APPAREL IMPORTS (MFA),SME,2022,9,629962,14572138,629962
Romania,1,M2 TOTAL APPAREL IMPORTS (MFA),SME,2022,10,774904,18203808,774904
Romania,1,M2 TOTAL APPAREL IMPORTS (MFA),SME,2022,11,728671,15451210,728671
Romania,1,M2 TOTAL APPAREL IMPORTS (MFA),SME,2022,12,748680,14108655,748680
Russia,1,M2 TOTAL APPAREL IMPORTS (MFA),SME,2022,1,11069,257837,11069
Russia,1,M2 TOTAL APPAREL IMPORTS (MFA),SME,2022,2,24020,365220,24020
Russia,1,M2 TOTAL APPAREL IMPORTS (MFA),SME,2022,3,9409,201474,9409
Russia,1,M2 TOTAL APPAREL IMPORTS (MFA),SME,2022,4,31006,211657,31006
Russia,1,M2 TOTAL APPAREL IMPORTS (MFA),SME,2022,5,11063,123452,11063
Russia,1,M2 TOTAL APPAREL IMPORTS (MFA),SME,2022,6,10853,117928,10853
Russia,1,M2 TOTAL APPAREL IMPORTS (MFA),SME,2022,7,15301,135582,15301
Russia,1,M2 TOTAL APPAREL IMPORTS (MFA),SME,2022,8,4314,34467,4314
Russia,1,M2 TOTAL APPAREL IMPORTS (MFA),SME,2022,9,1902,57766,1902
Russia,1,M2 TOTAL APPAREL IMPORTS (MFA),SME,2022,10,15748,41139,15748
Russia,1,M2 TOTAL APPAREL IMPORTS (MFA),SME,2022,11,6557,19851,6557
Russia,1,M2 TOTAL APPAREL IMPORTS (MFA),SME,2022,12,8924,23561,8924
Rwanda,1,M2 TOTAL APPAREL IMPORTS (MFA),SME,2022,1,38,480,38
Rwanda,1,M2 TOTAL APPAREL IMPORTS (MFA),SME,2022,3,53,600,53
Rwanda,1,M2 TOTAL APPAREL IMPORTS (MFA),SME,2022,8,58508,243154,58508
Saudi Arabia,1,M2 TOTAL APPAREL IMPORTS (MFA),SME,2022,2,682,675,682
Saudi Arabia,1,M2 TOTAL APPAREL IMPORTS (MFA),SME,2022,3,8557,17302,8557
Saudi Arabia,1,M2 TOTAL APPAREL IMPORTS (MFA),SME,2022,4,15432,39801,15432
Saudi Arabia,1,M2 TOTAL APPAREL IMPORTS (MFA),SME,2022,5,1389,8595,1389
Saudi Arabia,1,M2 TOTAL APPAREL IMPORTS (MFA),SME,2022,6,505,7999,505
Saudi Arabia,1,M2 TOTAL APPAREL IMPORTS (MFA),SME,2022,7,20122,24433,20122
Saudi Arabia,1,M2 TOTAL APPAREL IMPORTS (MFA),SME,2022,8,29775,89021,29775
Saudi Arabia,1,M2 TOTAL APPAREL IMPORTS (MFA),SME,2022,9,2126,4395,2126
Saudi Arabia,1,M2 TOTAL APPAREL IMPORTS (MFA),SME,2022,10,35171,28944,35171
Saudi Arabia,1,M2 TOTAL APPAREL IMPORTS (MFA),SME,2022,12,76,597,76
Senegal,1,M2 TOTAL APPAREL IMPORTS (MFA),SME,2022,1,3594,82113,3594
Senegal,1,M2 TOTAL APPAREL IMPORTS (MFA),SME,2022,2,2716,14834,2716
Senegal,1,M2 TOTAL APPAREL IMPORTS (MFA),SME,2022,3,12208,40170,12208
Senegal,1,M2 TOTAL APPAREL IMPORTS (MFA),SME,2022,4,33851,27097,33851
Senegal,1,M2 TOTAL APPAREL IMPORTS (MFA),SME,2022,5,11146,17435,11146
Senegal,1,M2 TOTAL APPAREL IMPORTS (MFA),SME,2022,6,34877,196102,34877
Senegal,1,M2 TOTAL APPAREL IMPORTS (MFA),SME,2022,7,28531,24249,28531
Senegal,1,M2 TOTAL APPAREL IMPORTS (MFA),SME,2022,8,10926,62282,10926
Senegal,1,M2 TOTAL APPAREL IMPORTS (MFA),SME,2022,9,2367,21706,2367
Senegal,1,M2 TOTAL APPAREL IMPORTS (MFA),SME,2022,10,26910,62965,26910
Senegal,1,M2 TOTAL APPAREL IMPORTS (MFA),SME,2022,11,1238,14883,1238
Senegal,1,M2 TOTAL APPAREL IMPORTS (MFA),SME,2022,12,5442,36774,5442
Serbia,1,M2 TOTAL APPAREL IMPORTS (MFA),SME,2022,1,102283,954520,102283
Serbia,1,M2 TOTAL APPAREL IMPORTS (MFA),SME,2022,2,77702,1125781,77702
Serbia,1,M2 TOTAL APPAREL IMPORTS (MFA),SME,2022,3,61692,655394,61692
Serbia,1,M2 TOTAL APPAREL IMPORTS (MFA),SME,2022,4,47041,858167,47041
Serbia,1,M2 TOTAL APPAREL IMPORTS (MFA),SME,2022,5,102003,828482,102003
Serbia,1,M2 TOTAL APPAREL IMPORTS (MFA),SME,2022,6,43087,515943,43087
Serbia,1,M2 TOTAL APPAREL IMPORTS (MFA),SME,2022,7,95585,945975,95585
Serbia,1,M2 TOTAL APPAREL IMPORTS (MFA),SME,2022,8,79907,1293401,79907
Serbia,1,M2 TOTAL APPAREL IMPORTS (MFA),SME,2022,9,58977,577993,58977
Serbia,1,M2 TOTAL APPAREL IMPORTS (MFA),SME,2022,10,61212,667367,61212
Serbia,1,M2 TOTAL APPAREL IMPORTS (MFA),SME,2022,11,81926,605974,81926
Serbia,1,M2 TOTAL APPAREL IMPORTS (MFA),SME,2022,12,52194,639275,52194
Seychelles,1,M2 TOTAL APPAREL IMPORTS (MFA),SME,2022,3,116,9519,116
Seychelles,1,M2 TOTAL APPAREL IMPORTS (MFA),SME,2022,5,2578,4306,2578
Seychelles,1,M2 TOTAL APPAREL IMPORTS (MFA),SME,2022,7,589,16133,589
Seychelles,1,M2 TOTAL APPAREL IMPORTS (MFA),SME,2022,8,180,587,180
Seychelles,1,M2 TOTAL APPAREL IMPORTS (MFA),SME,2022,9,181,25017,181
Sierra Leone,1,M2 TOTAL APPAREL IMPORTS (MFA),SME,2022,1,17,1486,17
Sierra Leone,1,M2 TOTAL APPAREL IMPORTS (MFA),SME,2022,2,892,8484,892
Sierra Leone,1,M2 TOTAL APPAREL IMPORTS (MFA),SME,2022,3,340,15630,340
Sierra Leone,1,M2 TOTAL APPAREL IMPORTS (MFA),SME,2022,4,338,12824,338
Sierra Leone,1,M2 TOTAL APPAREL IMPORTS (MFA),SME,2022,5,268,5894,268
Sierra Leone,1,M2 TOTAL APPAREL IMPORTS (MFA),SME,2022,6,2174,11946,2174
Sierra Leone,1,M2 TOTAL APPAREL IMPORTS (MFA),SME,2022,7,2522,22067,2522
Sierra Leone,1,M2 TOTAL APPAREL IMPORTS (MFA),SME,2022,8,4406,16724,4406
Sierra Leone,1,M2 TOTAL APPAREL IMPORTS (MFA),SME,2022,9,7839,20952,7839
Sierra Leone,1,M2 TOTAL APPAREL IMPORTS (MFA),SME,2022,10,11303,42311,11303
Sierra Leone,1,M2 TOTAL APPAREL IMPORTS (MFA),SME,2022,11,3348,11790,3348
Sierra Leone,1,M2 TOTAL APPAREL IMPORTS (MFA),SME,2022,12,1466,13641,1466
Singapore,1,M2 TOTAL APPAREL IMPORTS (MFA),SME,2022,1,40437,112743,40437
Singapore,1,M2 TOTAL APPAREL IMPORTS (MFA),SME,2022,2,23620,147994,23620
Singapore,1,M2 TOTAL APPAREL IMPORTS (MFA),SME,2022,3,39568,221800,39568
Singapore,1,M2 TOTAL APPAREL IMPORTS (MFA),SME,2022,4,6145,32925,6145
Singapore,1,M2 TOTAL APPAREL IMPORTS (MFA),SME,2022,5,167310,569559,167310
Singapore,1,M2 TOTAL APPAREL IMPORTS (MFA),SME,2022,6,64244,270169,64244
Singapore,1,M2 TOTAL APPAREL IMPORTS (MFA),SME,2022,7,3296,71622,3296
Singapore,1,M2 TOTAL APPAREL IMPORTS (MFA),SME,2022,8,42252,317216,42252
Singapore,1,M2 TOTAL APPAREL IMPORTS (MFA),SME,2022,9,16843,263566,16843
Singapore,1,M2 TOTAL APPAREL IMPORTS (MFA),SME,2022,10,59828,158893,59828
Singapore,1,M2 TOTAL APPAREL IMPORTS (MFA),SME,2022,11,7905,20670,7905
Singapore,1,M2 TOTAL APPAREL IMPORTS (MFA),SME,2022,12,66038,44846,66038
Sint Maarten,1,M2 TOTAL APPAREL IMPORTS (MFA),SME,2022,5,110,3250,110
Sint Maarten,1,M2 TOTAL APPAREL IMPORTS (MFA),SME,2022,7,1932,1184,1932
Sint Maarten,1,M2 TOTAL APPAREL IMPORTS (MFA),SME,2022,10,261,4184,261
Sint Maarten,1,M2 TOTAL APPAREL IMPORTS (MFA),SME,2022,11,38,900,38
Slovakia,1,M2 TOTAL APPAREL IMPORTS (MFA),SME,2022,1,40978,1098328,40978
Slovakia,1,M2 TOTAL APPAREL IMPORTS (MFA),SME,2022,2,47657,1059972,47657
Slovakia,1,M2 TOTAL APPAREL IMPORTS (MFA),SME,2022,3,73298,1275445,73298
Slovakia,1,M2 TOTAL APPAREL IMPORTS (MFA),SME,2022,4,41210,1189556,41210
Slovakia,1,M2 TOTAL APPAREL IMPORTS (MFA),SME,2022,5,88851,1467678,88851
Slovakia,1,M2 TOTAL APPAREL IMPORTS (MFA),SME,2022,6,41631,1199301,41631
Slovakia,1,M2 TOTAL APPAREL IMPORTS (MFA),SME,2022,7,59041,1470349,59041
Slovakia,1,M2 TOTAL APPAREL IMPORTS (MFA),SME,2022,8,43930,1662114,43930
Slovakia,1,M2 TOTAL APPAREL IMPORTS (MFA),SME,2022,9,64641,1271182,64641
Slovakia,1,M2 TOTAL APPAREL IMPORTS (MFA),SME,2022,10,66649,1016782,66649
Slovakia,1,M2 TOTAL APPAREL IMPORTS (MFA),SME,2022,11,33622,1153755,33622
Slovakia,1,M2 TOTAL APPAREL IMPORTS (MFA),SME,2022,12,114239,2133768,114239
Slovenia,1,M2 TOTAL APPAREL IMPORTS (MFA),SME,2022,1,23546,339925,23546
Slovenia,1,M2 TOTAL APPAREL IMPORTS (MFA),SME,2022,2,31258,448496,31258
Slovenia,1,M2 TOTAL APPAREL IMPORTS (MFA),SME,2022,3,41460,603007,41460
Slovenia,1,M2 TOTAL APPAREL IMPORTS (MFA),SME,2022,4,70663,644599,70663
Slovenia,1,M2 TOTAL APPAREL IMPORTS (MFA),SME,2022,5,17710,268023,17710
Slovenia,1,M2 TOTAL APPAREL IMPORTS (MFA),SME,2022,6,66078,753412,66078
Slovenia,1,M2 TOTAL APPAREL IMPORTS (MFA),SME,2022,7,13022,205689,13022
Slovenia,1,M2 TOTAL APPAREL IMPORTS (MFA),SME,2022,8,43476,450677,43476
Slovenia,1,M2 TOTAL APPAREL IMPORTS (MFA),SME,2022,9,40395,625886,40395
Slovenia,1,M2 TOTAL APPAREL IMPORTS (MFA),SME,2022,10,64605,921912,64605
Slovenia,1,M2 TOTAL APPAREL IMPORTS (MFA),SME,2022,11,16260,259198,16260
Slovenia,1,M2 TOTAL APPAREL IMPORTS (MFA),SME,2022,12,42024,399789,42024
South Africa,1,M2 TOTAL APPAREL IMPORTS (MFA),SME,2022,1,100469,872017,100469
South Africa,1,M2 TOTAL APPAREL IMPORTS (MFA),SME,2022,2,32678,238724,32678
South Africa,1,M2 TOTAL APPAREL IMPORTS (MFA),SME,2022,3,46773,401392,46773
South Africa,1,M2 TOTAL APPAREL IMPORTS (MFA),SME,2022,4,60711,992572,60711
South Africa,1,M2 TOTAL APPAREL IMPORTS (MFA),SME,2022,5,50322,1006284,50322
South Africa,1,M2 TOTAL APPAREL IMPORTS (MFA),SME,2022,6,10153,563087,10153
South Africa,1,M2 TOTAL APPAREL IMPORTS (MFA),SME,2022,7,21736,710798,21736
South Africa,1,M2 TOTAL APPAREL IMPORTS (MFA),SME,2022,8,24658,436630,24658
South Africa,1,M2 TOTAL APPAREL IMPORTS (MFA),SME,2022,9,73980,1249234,73980
South Africa,1,M2 TOTAL APPAREL IMPORTS (MFA),SME,2022,10,191518,1647075,191518
South Africa,1,M2 TOTAL APPAREL IMPORTS (MFA),SME,2022,11,57018,437684,57018
South Africa,1,M2 TOTAL APPAREL IMPORTS (MFA),SME,2022,12,69138,592158,69138
South Korea,1,M2 TOTAL APPAREL IMPORTS (MFA),SME,2022,1,3820852,18709014,3820852
South Korea,1,M2 TOTAL APPAREL IMPORTS (MFA),SME,2022,2,3160793,15584988,3160793
South Korea,1,M2 TOTAL APPAREL IMPORTS (MFA),SME,2022,3,5400878,22091661,5400878
South Korea,1,M2 TOTAL APPAREL IMPORTS (MFA),SME,2022,4,3436520,15667325,3436520
South Korea,1,M2 TOTAL APPAREL IMPORTS (MFA),SME,2022,5,4692899,19684546,4692899
South Korea,1,M2 TOTAL APPAREL IMPORTS (MFA),SME,2022,6,4321584,17898022,4321584
South Korea,1,M2 TOTAL APPAREL IMPORTS (MFA),SME,2022,7,3991684,18490775,3991684
South Korea,1,M2 TOTAL APPAREL IMPORTS (MFA),SME,2022,8,6378708,24542504,6378708
South Korea,1,M2 TOTAL APPAREL IMPORTS (MFA),SME,2022,9,5939800,24828899,5939800
South Korea,1,M2 TOTAL APPAREL IMPORTS (MFA),SME,2022,10,3964444,20298002,3964444
South Korea,1,M2 TOTAL APPAREL IMPORTS (MFA),SME,2022,11,4873169,17811765,4873169
South Korea,1,M2 TOTAL APPAREL IMPORTS (MFA),SME,2022,12,3065578,12893056,3065578
Spain,1,M2 TOTAL APPAREL IMPORTS (MFA),SME,2022,1,217333,2215655,217333
Spain,1,M2 TOTAL APPAREL IMPORTS (MFA),SME,2022,2,413040,4578042,413040
Spain,1,M2 TOTAL APPAREL IMPORTS (MFA),SME,2022,3,368004,4671211,368004
Spain,1,M2 TOTAL APPAREL IMPORTS (MFA),SME,2022,4,348770,3383302,348770
Spain,1,M2 TOTAL APPAREL IMPORTS (MFA),SME,2022,5,449125,4261276,449125
Spain,1,M2 TOTAL APPAREL IMPORTS (MFA),SME,2022,6,339859,2825788,339859
Spain,1,M2 TOTAL APPAREL IMPORTS (MFA),SME,2022,7,284836,3563854,284836
Spain,1,M2 TOTAL APPAREL IMPORTS (MFA),SME,2022,8,322528,4145268,322528
Spain,1,M2 TOTAL APPAREL IMPORTS (MFA),SME,2022,9,203549,3022417,203549
Spain,1,M2 TOTAL APPAREL IMPORTS (MFA),SME,2022,10,283314,2990830,283314
Spain,1,M2 TOTAL APPAREL IMPORTS (MFA),SME,2022,11,284010,2700924,284010
Spain,1,M2 TOTAL APPAREL IMPORTS (MFA),SME,2022,12,272698,3137979,272698
Sri Lanka,1,M2 TOTAL APPAREL IMPORTS (MFA),SME,2022,1,39058883,163286818,39058883
Sri Lanka,1,M2 TOTAL APPAREL IMPORTS (MFA),SME,2022,2,47360001,178841440,47360001
Sri Lanka,1,M2 TOTAL APPAREL IMPORTS (MFA),SME,2022,3,53211671,196113277,53211671
Sri Lanka,1,M2 TOTAL APPAREL IMPORTS (MFA),SME,2022,4,49144544,178619489,49144544
Sri Lanka,1,M2 TOTAL APPAREL IMPORTS (MFA),SME,2022,5,41103425,172481348,41103425
Sri Lanka,1,M2 TOTAL APPAREL IMPORTS (MFA),SME,2022,6,44077023,168901261,44077023
Sri Lanka,1,M2 TOTAL APPAREL IMPORTS (MFA),SME,2022,7,40634131,162261975,40634131
Sri Lanka,1,M2 TOTAL APPAREL IMPORTS (MFA),SME,2022,8,46282915,218631213,46282915
Sri Lanka,1,M2 TOTAL APPAREL IMPORTS (MFA),SME,2022,9,45305090,211346545,45305090
Sri Lanka,1,M2 TOTAL APPAREL IMPORTS (MFA),SME,2022,10,38776596,189070706,38776596
Sri Lanka,1,M2 TOTAL APPAREL IMPORTS (MFA),SME,2022,11,28082526,135955375,28082526
Sri Lanka,1,M2 TOTAL APPAREL IMPORTS (MFA),SME,2022,12,32095002,149574863,32095002
St Kitts and Nevis,1,M2 TOTAL APPAREL IMPORTS (MFA),SME,2022,1,17,1050,17
St Kitts and Nevis,1,M2 TOTAL APPAREL IMPORTS (MFA),SME,2022,4,119,1672,119
St Kitts and Nevis,1,M2 TOTAL APPAREL IMPORTS (MFA),SME,2022,7,31081,45050,31081
St Lucia,1,M2 TOTAL APPAREL IMPORTS (MFA),SME,2022,1,2866,30767,2866
St Lucia,1,M2 TOTAL APPAREL IMPORTS (MFA),SME,2022,3,12,283,12
St Vincent/Grenadines,1,M2 TOTAL APPAREL IMPORTS (MFA),SME,2022,9,89,1340,89
Suriname,1,M2 TOTAL APPAREL IMPORTS (MFA),SME,2022,6,35,3330,35
Suriname,1,M2 TOTAL APPAREL IMPORTS (MFA),SME,2022,7,29,771,29
Suriname,1,M2 TOTAL APPAREL IMPORTS (MFA),SME,2022,8,75,2182,75
Suriname,1,M2 TOTAL APPAREL IMPORTS (MFA),SME,2022,11,2094,2288,2094
Suriname,1,M2 TOTAL APPAREL IMPORTS (MFA),SME,2022,12,117,3794,117
Sweden,1,M2 TOTAL APPAREL IMPORTS (MFA),SME,2022,1,17943,191670,17943
Sweden,1,M2 TOTAL APPAREL IMPORTS (MFA),SME,2022,2,4433,99078,4433
Sweden,1,M2 TOTAL APPAREL IMPORTS (MFA),SME,2022,3,20320,144730,20320
Sweden,1,M2 TOTAL APPAREL IMPORTS (MFA),SME,2022,4,10761,105438,10761
Sweden,1,M2 TOTAL APPAREL IMPORTS (MFA),SME,2022,5,7381,112513,7381
Sweden,1,M2 TOTAL APPAREL IMPORTS (MFA),SME,2022,6,12817,97469,12817
Sweden,1,M2 TOTAL APPAREL IMPORTS (MFA),SME,2022,7,23621,273460,23621
Sweden,1,M2 TOTAL APPAREL IMPORTS (MFA),SME,2022,8,11776,191946,11776
Sweden,1,M2 TOTAL APPAREL IMPORTS (MFA),SME,2022,9,12179,207659,12179
Sweden,1,M2 TOTAL APPAREL IMPORTS (MFA),SME,2022,10,25002,241372,25002
Sweden,1,M2 TOTAL APPAREL IMPORTS (MFA),SME,2022,11,38508,335632,38508
Sweden,1,M2 TOTAL APPAREL IMPORTS (MFA),SME,2022,12,15975,227913,15975
Switzerland,1,M2 TOTAL APPAREL IMPORTS (MFA),SME,2022,1,73835,1438497,73835
Switzerland,1,M2 TOTAL APPAREL IMPORTS (MFA),SME,2022,2,91209,2113391,91209
Switzerland,1,M2 TOTAL APPAREL IMPORTS (MFA),SME,2022,3,95445,1931606,95445
Switzerland,1,M2 TOTAL APPAREL IMPORTS (MFA),SME,2022,4,59025,2210006,59025
Switzerland,1,M2 TOTAL APPAREL IMPORTS (MFA),SME,2022,5,86518,2684961,86518
Switzerland,1,M2 TOTAL APPAREL IMPORTS (MFA),SME,2022,6,90493,2276181,90493
Switzerland,1,M2 TOTAL APPAREL IMPORTS (MFA),SME,2022,7,243017,2986762,243017
Switzerland,1,M2 TOTAL APPAREL IMPORTS (MFA),SME,2022,8,82347,1843805,82347
Switzerland,1,M2 TOTAL APPAREL IMPORTS (MFA),SME,2022,9,78042,2715012,78042
Switzerland,1,M2 TOTAL APPAREL IMPORTS (MFA),SME,2022,10,88844,2709780,88844
Switzerland,1,M2 TOTAL APPAREL IMPORTS (MFA),SME,2022,11,130872,2954132,130872
Switzerland,1,M2 TOTAL APPAREL IMPORTS (MFA),SME,2022,12,107417,2585658,107417
Syria,1,M2 TOTAL APPAREL IMPORTS (MFA),SME,2022,3,73506,35065,73506
Syria,1,M2 TOTAL APPAREL IMPORTS (MFA),SME,2022,5,5000,3981,5000
Syria,1,M2 TOTAL APPAREL IMPORTS (MFA),SME,2022,8,1518,1572,1518
Syria,1,M2 TOTAL APPAREL IMPORTS (MFA),SME,2022,9,4694,960,4694
Syria,1,M2 TOTAL APPAREL IMPORTS (MFA),SME,2022,10,1008,1610,1008
Taiwan,1,M2 TOTAL APPAREL IMPORTS (MFA),SME,2022,1,4566563,15567059,4566563
Taiwan,1,M2 TOTAL APPAREL IMPORTS (MFA),SME,2022,2,4685326,14513111,4685326
Taiwan,1,M2 TOTAL APPAREL IMPORTS (MFA),SME,2022,3,6468424,21910594,6468424
Taiwan,1,M2 TOTAL APPAREL IMPORTS (MFA),SME,2022,4,6007979,17630367,6007979
Taiwan,1,M2 TOTAL APPAREL IMPORTS (MFA),SME,2022,5,6581135,19451761,6581135
Taiwan,1,M2 TOTAL APPAREL IMPORTS (MFA),SME,2022,6,4398670,12140341,4398670
Taiwan,1,M2 TOTAL APPAREL IMPORTS (MFA),SME,2022,7,8139089,24390890,8139089
Taiwan,1,M2 TOTAL APPAREL IMPORTS (MFA),SME,2022,8,6889413,22122940,6889413
Taiwan,1,M2 TOTAL APPAREL IMPORTS (MFA),SME,2022,9,5836997,17835051,5836997
Taiwan,1,M2 TOTAL APPAREL IMPORTS (MFA),SME,2022,10,5176279,17820058,5176279
Taiwan,1,M2 TOTAL APPAREL IMPORTS (MFA),SME,2022,11,4021502,13415803,4021502
Taiwan,1,M2 TOTAL APPAREL IMPORTS (MFA),SME,2022,12,4045140,13553830,4045140
Tajikistan,1,M2 TOTAL APPAREL IMPORTS (MFA),SME,2022,1,1736,15823,1736
Tajikistan,1,M2 TOTAL APPAREL IMPORTS (MFA),SME,2022,2,864,6316,864
Tajikistan,1,M2 TOTAL APPAREL IMPORTS (MFA),SME,2022,3,820,6862,820
Tajikistan,1,M2 TOTAL APPAREL IMPORTS (MFA),SME,2022,4,45,293,45
Tajikistan,1,M2 TOTAL APPAREL IMPORTS (MFA),SME,2022,5,45,436,45
Tanzania,1,M2 TOTAL APPAREL IMPORTS (MFA),SME,2022,1,1107693,3117073,1107693
Tanzania,1,M2 TOTAL APPAREL IMPORTS (MFA),SME,2022,2,1288662,3326706,1288662
Tanzania,1,M2 TOTAL APPAREL IMPORTS (MFA),SME,2022,3,1760686,4772750,1760686
Tanzania,1,M2 TOTAL APPAREL IMPORTS (MFA),SME,2022,4,3600950,8569538,3600950
Tanzania,1,M2 TOTAL APPAREL IMPORTS (MFA),SME,2022,5,2312047,6180337,2312047
Tanzania,1,M2 TOTAL APPAREL IMPORTS (MFA),SME,2022,6,906639,2722478,906639
Tanzania,1,M2 TOTAL APPAREL IMPORTS (MFA),SME,2022,7,1075179,3038852,1075179
Tanzania,1,M2 TOTAL APPAREL IMPORTS (MFA),SME,2022,8,4090702,9444457,4090702
Tanzania,1,M2 TOTAL APPAREL IMPORTS (MFA),SME,2022,9,3145073,7664790,3145073
Tanzania,1,M2 TOTAL APPAREL IMPORTS (MFA),SME,2022,10,3003752,7838573,3003752
Tanzania,1,M2 TOTAL APPAREL IMPORTS (MFA),SME,2022,11,3369811,8850206,3369811
Tanzania,1,M2 TOTAL APPAREL IMPORTS (MFA),SME,2022,12,3545998,8291440,3545998
Thailand,1,M2 TOTAL APPAREL IMPORTS (MFA),SME,2022,1,26843567,74327082,26843567
Thailand,1,M2 TOTAL APPAREL IMPORTS (MFA),SME,2022,2,24586612,73213126,24586612
Thailand,1,M2 TOTAL APPAREL IMPORTS (MFA),SME,2022,3,33237329,104733630,33237329
Thailand,1,M2 TOTAL APPAREL IMPORTS (MFA),SME,2022,4,39108015,91725386,39108015
Thailand,1,M2 TOTAL APPAREL IMPORTS (MFA),SME,2022,5,31489274,88343585,31489274
Thailand,1,M2 TOTAL APPAREL IMPORTS (MFA),SME,2022,6,27254754,87320376,27254754
Thailand,1,M2 TOTAL APPAREL IMPORTS (MFA),SME,2022,7,19318827,78793067,19318827
Thailand,1,M2 TOTAL APPAREL IMPORTS (MFA),SME,2022,8,27574385,99160335,27574385
Thailand,1,M2 TOTAL APPAREL IMPORTS (MFA),SME,2022,9,23411778,90850437,23411778
Thailand,1,M2 TOTAL APPAREL IMPORTS (MFA),SME,2022,10,27419422,100994118,27419422
Thailand,1,M2 TOTAL APPAREL IMPORTS (MFA),SME,2022,11,12369050,63016372,12369050
Thailand,1,M2 TOTAL APPAREL IMPORTS (MFA),SME,2022,12,18174281,65886755,18174281
Togo,1,M2 TOTAL APPAREL IMPORTS (MFA),SME,2022,1,1237,4830,1237
Togo,1,M2 TOTAL APPAREL IMPORTS (MFA),SME,2022,2,849,3560,849
Togo,1,M2 TOTAL APPAREL IMPORTS (MFA),SME,2022,4,2085,4219,2085
Togo,1,M2 TOTAL APPAREL IMPORTS (MFA),SME,2022,5,909,2805,909
Togo,1,M2 TOTAL APPAREL IMPORTS (MFA),SME,2022,6,104,462,104
Togo,1,M2 TOTAL APPAREL IMPORTS (MFA),SME,2022,7,1185,792,1185
Togo,1,M2 TOTAL APPAREL IMPORTS (MFA),SME,2022,8,1478,7220,1478
Togo,1,M2 TOTAL APPAREL IMPORTS (MFA),SME,2022,9,149,630,149
Togo,1,M2 TOTAL APPAREL IMPORTS (MFA),SME,2022,11,387,1733,387
Togo,1,M2 TOTAL APPAREL IMPORTS (MFA),SME,2022,12,341,538,341
Tonga,1,M2 TOTAL APPAREL IMPORTS (MFA),SME,2022,1,35,1030,35
Tonga,1,M2 TOTAL APPAREL IMPORTS (MFA),SME,2022,2,35,454,35
Tonga,1,M2 TOTAL APPAREL IMPORTS (MFA),SME,2022,5,38,3000,38
Tonga,1,M2 TOTAL APPAREL IMPORTS (MFA),SME,2022,6,76,2158,76
Trinidad and Tobago,1,M2 TOTAL APPAREL IMPORTS (MFA),SME,2022,2,259,1221,259
Trinidad and Tobago,1,M2 TOTAL APPAREL IMPORTS (MFA),SME,2022,3,6151,95417,6151
Trinidad and Tobago,1,M2 TOTAL APPAREL IMPORTS (MFA),SME,2022,5,38,958,38
Trinidad and Tobago,1,M2 TOTAL APPAREL IMPORTS (MFA),SME,2022,8,38,1850,38
Trinidad and Tobago,1,M2 TOTAL APPAREL IMPORTS (MFA),SME,2022,9,462,6540,462
Trinidad and Tobago,1,M2 TOTAL APPAREL IMPORTS (MFA),SME,2022,10,725,4205,725
Tunisia,1,M2 TOTAL APPAREL IMPORTS (MFA),SME,2022,1,610847,8129620,610847
Tunisia,1,M2 TOTAL APPAREL IMPORTS (MFA),SME,2022,2,656366,9242495,656366
Tunisia,1,M2 TOTAL APPAREL IMPORTS (MFA),SME,2022,3,713562,10864635,713562
Tunisia,1,M2 TOTAL APPAREL IMPORTS (MFA),SME,2022,4,669395,10236639,669395
Tunisia,1,M2 TOTAL APPAREL IMPORTS (MFA),SME,2022,5,655872,8897753,655872
Tunisia,1,M2 TOTAL APPAREL IMPORTS (MFA),SME,2022,6,652244,10056241,652244
Tunisia,1,M2 TOTAL APPAREL IMPORTS (MFA),SME,2022,7,514319,8778140,514319
Tunisia,1,M2 TOTAL APPAREL IMPORTS (MFA),SME,2022,8,693438,9544656,693438
Tunisia,1,M2 TOTAL APPAREL IMPORTS (MFA),SME,2022,9,779773,13355492,779773
Tunisia,1,M2 TOTAL APPAREL IMPORTS (MFA),SME,2022,10,510954,8766488,510954
Tunisia,1,M2 TOTAL APPAREL IMPORTS (MFA),SME,2022,11,580048,7831405,580048
Tunisia,1,M2 TOTAL APPAREL IMPORTS (MFA),SME,2022,12,457859,8661682,457859
Turkey,1,M2 TOTAL APPAREL IMPORTS (MFA),SME,2022,1,10485343,73267003,10485343
Turkey,1,M2 TOTAL APPAREL IMPORTS (MFA),SME,2022,2,11998036,84729500,11998036
Turkey,1,M2 TOTAL APPAREL IMPORTS (MFA),SME,2022,3,14335124,94860118,14335124
Turkey,1,M2 TOTAL APPAREL IMPORTS (MFA),SME,2022,4,11996383,89850217,11996383
Turkey,1,M2 TOTAL APPAREL IMPORTS (MFA),SME,2022,5,12060743,79939068,12060743
Turkey,1,M2 TOTAL APPAREL IMPORTS (MFA),SME,2022,6,10989793,87388050,10989793
Turkey,1,M2 TOTAL APPAREL IMPORTS (MFA),SME,2022,7,10956942,93863729,10956942
Turkey,1,M2 TOTAL APPAREL IMPORTS (MFA),SME,2022,8,11970966,98066931,11970966
Turkey,1,M2 TOTAL APPAREL IMPORTS (MFA),SME,2022,9,12033156,91593265,12033156
Turkey,1,M2 TOTAL APPAREL IMPORTS (MFA),SME,2022,10,11604297,88041861,11604297
Turkey,1,M2 TOTAL APPAREL IMPORTS (MFA),SME,2022,11,10400558,79348169,10400558
Turkey,1,M2 TOTAL APPAREL IMPORTS (MFA),SME,2022,12,9647009,73764025,9647009
Turkmenistan,1,M2 TOTAL APPAREL IMPORTS (MFA),SME,2022,11,227,1577,227
"Turks, Caicos Isls.",1,M2 TOTAL APPAREL IMPORTS (MFA),SME,2022,1,18,1075,18
"Turks, Caicos Isls.",1,M2 TOTAL APPAREL IMPORTS (MFA),SME,2022,2,86,2990,86
"Turks, Caicos Isls.",1,M2 TOTAL APPAREL IMPORTS (MFA),SME,2022,3,3978,14547,3978
"Turks, Caicos Isls.",1,M2 TOTAL APPAREL IMPORTS (MFA),SME,2022,7,31,316,31
"Turks, Caicos Isls.",1,M2 TOTAL APPAREL IMPORTS (MFA),SME,2022,10,15,691,15
Tuvalu,1,M2 TOTAL APPAREL IMPORTS (MFA),SME,2022,11,38,2587,38
Tuvalu,1,M2 TOTAL APPAREL IMPORTS (MFA),SME,2022,12,805,71021,805
Uganda,1,M2 TOTAL APPAREL IMPORTS (MFA),SME,2022,1,287,1195,287
Uganda,1,M2 TOTAL APPAREL IMPORTS (MFA),SME,2022,2,86,282,86
Uganda,1,M2 TOTAL APPAREL IMPORTS (MFA),SME,2022,3,2754,14822,2754
Uganda,1,M2 TOTAL APPAREL IMPORTS (MFA),SME,2022,7,1624,17828,1624
Uganda,1,M2 TOTAL APPAREL IMPORTS (MFA),SME,2022,8,227,296,227
Uganda,1,M2 TOTAL APPAREL IMPORTS (MFA),SME,2022,9,19051,8648,19051
Ukraine,1,M2 TOTAL APPAREL IMPORTS (MFA),SME,2022,1,381303,2895106,381303
Ukraine,1,M2 TOTAL APPAREL IMPORTS (MFA),SME,2022,2,173535,1758893,173535
Ukraine,1,M2 TOTAL APPAREL IMPORTS (MFA),SME,2022,3,107941,1308440,107941
Ukraine,1,M2 TOTAL APPAREL IMPORTS (MFA),SME,2022,4,154270,2054103,154270
Ukraine,1,M2 TOTAL APPAREL IMPORTS (MFA),SME,2022,5,125979,1386215,125979
Ukraine,1,M2 TOTAL APPAREL IMPORTS (MFA),SME,2022,6,77263,1121598,77263
Ukraine,1,M2 TOTAL APPAREL IMPORTS (MFA),SME,2022,7,2093523,2669714,2093523
Ukraine,1,M2 TOTAL APPAREL IMPORTS (MFA),SME,2022,8,203652,2076599,203652
Ukraine,1,M2 TOTAL APPAREL IMPORTS (MFA),SME,2022,9,96023,847365,96023
Ukraine,1,M2 TOTAL APPAREL IMPORTS (MFA),SME,2022,10,98800,1266749,98800
Ukraine,1,M2 TOTAL APPAREL IMPORTS (MFA),SME,2022,11,423319,2185118,423319
Ukraine,1,M2 TOTAL APPAREL IMPORTS (MFA),SME,2022,12,114691,1408587,114691
United Arab Emirates,1,M2 TOTAL APPAREL IMPORTS (MFA),SME,2022,1,354078,1927052,354078
United Arab Emirates,1,M2 TOTAL APPAREL IMPORTS (MFA),SME,2022,2,266247,1356764,266247
United Arab Emirates,1,M2 TOTAL APPAREL IMPORTS (MFA),SME,2022,3,369913,1618748,369913
United Arab Emirates,1,M2 TOTAL APPAREL IMPORTS (MFA),SME,2022,4,364911,1494315,364911
United Arab Emirates,1,M2 TOTAL APPAREL IMPORTS (MFA),SME,2022,5,214005,1593643,214005
United Arab Emirates,1,M2 TOTAL APPAREL IMPORTS (MFA),SME,2022,6,137177,1300326,137177
United Arab Emirates,1,M2 TOTAL APPAREL IMPORTS (MFA),SME,2022,7,249867,1684274,249867
United Arab Emirates,1,M2 TOTAL APPAREL IMPORTS (MFA),SME,2022,8,338889,2334992,338889
United Arab Emirates,1,M2 TOTAL APPAREL IMPORTS (MFA),SME,2022,9,524282,1787184,524282
United Arab Emirates,1,M2 TOTAL APPAREL IMPORTS (MFA),SME,2022,10,476757,2145475,476757
United Arab Emirates,1,M2 TOTAL APPAREL IMPORTS (MFA),SME,2022,11,228660,2210671,228660
United Arab Emirates,1,M2 TOTAL APPAREL IMPORTS (MFA),SME,2022,12,116312,364414,116312
United Kingdom,1,M2 TOTAL APPAREL IMPORTS (MFA),SME,2022,1,1434780,8627284,1434780
United Kingdom,1,M2 TOTAL APPAREL IMPORTS (MFA),SME,2022,2,1250545,8974299,1250545
United Kingdom,1,M2 TOTAL APPAREL IMPORTS (MFA),SME,2022,3,1326262,10015105,1326262
United Kingdom,1,M2 TOTAL APPAREL IMPORTS (MFA),SME,2022,4,979124,10653578,979124
United Kingdom,1,M2 TOTAL APPAREL IMPORTS (MFA),SME,2022,5,1226422,11699669,1226422
United Kingdom,1,M2 TOTAL APPAREL IMPORTS (MFA),SME,2022,6,462317,9500106,462317
United Kingdom,1,M2 TOTAL APPAREL IMPORTS (MFA),SME,2022,7,1048179,11356047,1048179
United Kingdom,1,M2 TOTAL APPAREL IMPORTS (MFA),SME,2022,8,538181,11216211,538181
United Kingdom,1,M2 TOTAL APPAREL IMPORTS (MFA),SME,2022,9,441249,10676599,441249
United Kingdom,1,M2 TOTAL APPAREL IMPORTS (MFA),SME,2022,10,495211,12387467,495211
United Kingdom,1,M2 TOTAL APPAREL IMPORTS (MFA),SME,2022,11,447620,10871664,447620
United Kingdom,1,M2 TOTAL APPAREL IMPORTS (MFA),SME,2022,12,454581,10767617,454581
Uruguay,1,M2 TOTAL APPAREL IMPORTS (MFA),SME,2022,1,3228,130164,3228
Uruguay,1,M2 TOTAL APPAREL IMPORTS (MFA),SME,2022,2,4735,133323,4735
Uruguay,1,M2 TOTAL APPAREL IMPORTS (MFA),SME,2022,3,5323,183815,5323
Uruguay,1,M2 TOTAL APPAREL IMPORTS (MFA),SME,2022,4,8560,236646,8560
Uruguay,1,M2 TOTAL APPAREL IMPORTS (MFA),SME,2022,5,4901,209871,4901
Uruguay,1,M2 TOTAL APPAREL IMPORTS (MFA),SME,2022,6,2666,108161,2666
Uruguay,1,M2 TOTAL APPAREL IMPORTS (MFA),SME,2022,7,11476,268413,11476
Uruguay,1,M2 TOTAL APPAREL IMPORTS (MFA),SME,2022,8,18898,334938,18898
Uruguay,1,M2 TOTAL APPAREL IMPORTS (MFA),SME,2022,9,5357,183133,5357
Uruguay,1,M2 TOTAL APPAREL IMPORTS (MFA),SME,2022,10,24158,284231,24158
Uruguay,1,M2 TOTAL APPAREL IMPORTS (MFA),SME,2022,11,2675,176434,2675
Uruguay,1,M2 TOTAL APPAREL IMPORTS (MFA),SME,2022,12,2618,87733,2618
Uzbekistan,1,M2 TOTAL APPAREL IMPORTS (MFA),SME,2022,1,3828,4880,3828
Uzbekistan,1,M2 TOTAL APPAREL IMPORTS (MFA),SME,2022,2,5311,8960,5311
Uzbekistan,1,M2 TOTAL APPAREL IMPORTS (MFA),SME,2022,3,4320,2940,4320
Uzbekistan,1,M2 TOTAL APPAREL IMPORTS (MFA),SME,2022,4,8944,8183,8944
Uzbekistan,1,M2 TOTAL APPAREL IMPORTS (MFA),SME,2022,5,4283,6396,4283
Uzbekistan,1,M2 TOTAL APPAREL IMPORTS (MFA),SME,2022,6,2501,1600,2501
Uzbekistan,1,M2 TOTAL APPAREL IMPORTS (MFA),SME,2022,7,499803,206600,499803
Uzbekistan,1,M2 TOTAL APPAREL IMPORTS (MFA),SME,2022,9,4,485,4
Uzbekistan,1,M2 TOTAL APPAREL IMPORTS (MFA),SME,2022,10,2801,3395,2801
Uzbekistan,1,M2 TOTAL APPAREL IMPORTS (MFA),SME,2022,11,2581,2539,2581
Uzbekistan,1,M2 TOTAL APPAREL IMPORTS (MFA),SME,2022,12,2612,3303,2612
Venezuela,1,M2 TOTAL APPAREL IMPORTS (MFA),SME,2022,3,2684,8264,2684
Venezuela,1,M2 TOTAL APPAREL IMPORTS (MFA),SME,2022,9,2289,8122,2289
Venezuela,1,M2 TOTAL APPAREL IMPORTS (MFA),SME,2022,10,158,8310,158
Venezuela,1,M2 TOTAL APPAREL IMPORTS (MFA),SME,2022,11,1742,5596,1742
Venezuela,1,M2 TOTAL APPAREL IMPORTS (MFA),SME,2022,12,5900,10468,5900
Vietnam,1,M2 TOTAL APPAREL IMPORTS (MFA),SME,2022,1,378498367,1271217630,378498367
Vietnam,1,M2 TOTAL APPAREL IMPORTS (MFA),SME,2022,2,429867227,1368095158,429867227
Vietnam,1,M2 TOTAL APPAREL IMPORTS (MFA),SME,2022,3,548236466,1805674159,548236466
Vietnam,1,M2 TOTAL APPAREL IMPORTS (MFA),SME,2022,4,472517613,1566245885,472517613
Vietnam,1,M2 TOTAL APPAREL IMPORTS (MFA),SME,2022,5,454944126,1623575313,454944126
Vietnam,1,M2 TOTAL APPAREL IMPORTS (MFA),SME,2022,6,410138832,1555417999,410138832
Vietnam,1,M2 TOTAL APPAREL IMPORTS (MFA),SME,2022,7,421840300,1721565077,421840300
Vietnam,1,M2 TOTAL APPAREL IMPORTS (MFA),SME,2022,8,452653843,1890170772,452653843
Vietnam,1,M2 TOTAL APPAREL IMPORTS (MFA),SME,2022,9,432426115,1787485544,432426115
Vietnam,1,M2 TOTAL APPAREL IMPORTS (MFA),SME,2022,10,350765464,1451380770,350765464
Vietnam,1,M2 TOTAL APPAREL IMPORTS (MFA),SME,2022,11,248409975,1000419686,248409975
Vietnam,1,M2 TOTAL APPAREL IMPORTS (MFA),SME,2022,12,311121404,1200988246,311121404
Western Samoa,1,M2 TOTAL APPAREL IMPORTS (MFA),SME,2022,2,33,9400,33
Western Samoa,1,M2 TOTAL APPAREL IMPORTS (MFA),SME,2022,3,402,3444,402
Western Samoa,1,M2 TOTAL APPAREL IMPORTS (MFA),SME,2022,5,76,1569,76
World,1,M2 TOTAL APPAREL IMPORTS (MFA),SME,2022,1,2611363526,7520983282,2611363526
World,1,M2 TOTAL APPAREL IMPORTS (MFA),SME,2022,2,2623509967,7467620233,2623509967
World,1,M2 TOTAL APPAREL IMPORTS (MFA),SME,2022,3,3102340637,9264161601,3102340637
World,1,M2 TOTAL APPAREL IMPORTS (MFA),SME,2022,4,2686606355,8132721460,2686606355
World,1,M2 TOTAL APPAREL IMPORTS (MFA),SME,2022,5,2768281216,8501854323,2768281216
World,1,M2 TOTAL APPAREL IMPORTS (MFA),SME,2022,6,2761649701,8630137375,2761649701
World,1,M2 TOTAL APPAREL IMPORTS (MFA),SME,2022,7,2930062537,9333710844,2930062537
World,1,M2 TOTAL APPAREL IMPORTS (MFA),SME,2022,8,3050668156,10361455006,3050668156
World,1,M2 TOTAL APPAREL IMPORTS (MFA),SME,2022,9,2675823894,9577743222,2675823894
World,1,M2 TOTAL APPAREL IMPORTS (MFA),SME,2022,10,2209816219,8235817502,2209816219
World,1,M2 TOTAL APPAREL IMPORTS (MFA),SME,2022,11,1727678045,6280425280,1727678045
World,1,M2 TOTAL APPAREL IMPORTS (MFA),SME,2022,12,1919224046,6548448517,1919224046
Yemen,1,M2 TOTAL APPAREL IMPORTS (MFA),SME,2022,1,32604,3964,32604
Yemen,1,M2 TOTAL APPAREL IMPORTS (MFA),SME,2022,3,3341,2445,3341
Yemen,1,M2 TOTAL APPAREL IMPORTS (MFA),SME,2022,4,10949,31473,10949
Yemen,1,M2 TOTAL APPAREL IMPORTS (MFA),SME,2022,5,34875,20099,34875
Yemen,1,M2 TOTAL APPAREL IMPORTS (MFA),SME,2022,6,14240,5699,14240
Yemen,1,M2 TOTAL APPAREL IMPORTS (MFA),SME,2022,7,1128,8755,1128
Yemen,1,M2 TOTAL APPAREL IMPORTS (MFA),SME,2022,8,1262,1950,1262
Zambia,1,M2 TOTAL APPAREL IMPORTS (MFA),SME,2022,4,804,2250,804
Zambia,1,M2 TOTAL APPAREL IMPORTS (MFA),SME,2022,5,375,2650,375
Zambia,1,M2 TOTAL APPAREL IMPORTS (MFA),SME,2022,8,152,1274,152
Zambia,1,M2 TOTAL APPAREL IMPORTS (MFA),SME,2022,10,15,293,15
Zambia,1,M2 TOTAL APPAREL IMPORTS (MFA),SME,2022,12,20,1082,20
Zimbabwe,1,M2 TOTAL APPAREL IMPORTS (MFA),SME,2022,2,3591,13214,3591
Zimbabwe,1,M2 TOTAL APPAREL IMPORTS (MFA),SME,2022,3,3648,13466,3648
Zimbabwe,1,M2 TOTAL APPAREL IMPORTS (MFA),SME,2022,4,3554,20076,3554
Zimbabwe,1,M2 TOTAL APPAREL IMPORTS (MFA),SME,2022,5,3812,14713,3812
Zimbabwe,1,M2 TOTAL APPAREL IMPORTS (MFA),SME,2022,7,6319,31322,6319
Zimbabwe,1,M2 TOTAL APPAREL IMPORTS (MFA),SME,2022,9,6813,31234,6813
Zimbabwe,1,M2 TOTAL APPAREL IMPORTS (MFA),SME,2022,10,3742,13165,3742
Zimbabwe,1,M2 TOTAL APPAREL IMPORTS (MFA),SME,2022,11,9762,42537,9762
Zimbabwe,1,M2 TOTAL APPAREL IMPORTS (MFA),SME,2022,12,10819,47684,10819
