Date,Category,Sales
2026-03-01,Building Mat. and Garden Equip. and Supplies Dealers,41615
2026-03-01,Clothing and Clothing Access. Stores,27837
2026-03-01,Electronics and Appliance Stores,7982
2026-03-01,Food and Beverage Stores,84549
2026-03-01,Furniture and Home Furnishings Stores,11301
2026-03-01,Gasoline Stations,60571
2026-03-01,General Merchandise Stores,78565
2026-03-01,Health and Personal Care Stores,39866
2026-03-01,Miscellaneous Store Retailers,16041
2026-03-01,Motor Vehicle and Parts Dealers,139627
2026-03-01,Nonstore Retailers,135432
2026-03-01,Retail Trade Total,651843
2026-03-01,"Retail and food services sales, total",752063
2026-03-01,Retail sales and food services excl motor vehicle and parts,612436
2026-03-01,"Sporting Goods, Hobby, Musical Instrument, and Book Stores",8457
2026-03-01,Store(Offline),516411
2026-02-01,Building Mat. and Garden Equip. and Supplies Dealers,41312
2026-02-01,Clothing and Clothing Access. Stores,27829
2026-02-01,Electronics and Appliance Stores,7914
2026-02-01,Food and Beverage Stores,83967
2026-02-01,Furniture and Home Furnishings Stores,11059
2026-02-01,Gasoline Stations,52465
2026-02-01,General Merchandise Stores,77778
2026-02-01,Health and Personal Care Stores,39686
2026-02-01,Miscellaneous Store Retailers,16189
2026-02-01,Motor Vehicle and Parts Dealers,138985
2026-02-01,Nonstore Retailers,134053
2026-02-01,Retail Trade Total,639691
2026-02-01,"Retail and food services sales, total",739772
2026-02-01,Retail sales and food services excl motor vehicle and parts,600787
2026-02-01,"Sporting Goods, Hobby, Musical Instrument, and Book Stores",8454
2026-02-01,Store(Offline),505638
2026-01-01,Building Mat. and Garden Equip. and Supplies Dealers,41065
2026-01-01,Clothing and Clothing Access. Stores,27080
2026-01-01,Electronics and Appliance Stores,7857
2026-01-01,Food and Beverage Stores,84988
2026-01-01,Furniture and Home Furnishings Stores,11070
2026-01-01,Gasoline Stations,51795
2026-01-01,General Merchandise Stores,77802
2026-01-01,Health and Personal Care Stores,38913
2026-01-01,Miscellaneous Store Retailers,15842
2026-01-01,Motor Vehicle and Parts Dealers,137619
2026-01-01,Nonstore Retailers,132524
2026-01-01,Retail Trade Total,634949
2026-01-01,"Retail and food services sales, total",734503
2026-01-01,Retail sales and food services excl motor vehicle and parts,596884
2026-01-01,"Sporting Goods, Hobby, Musical Instrument, and Book Stores",8394
2026-01-01,Store(Offline),502425
2025-12-01,Building Mat. and Garden Equip. and Supplies Dealers,40762
2025-12-01,Clothing and Clothing Access. Stores,27176
2025-12-01,Electronics and Appliance Stores,7768
2025-12-01,Food and Beverage Stores,85002
2025-12-01,Furniture and Home Furnishings Stores,10953
2025-12-01,Gasoline Stations,52937
2025-12-01,General Merchandise Stores,77379
2025-12-01,Health and Personal Care Stores,40119
2025-12-01,Miscellaneous Store Retailers,15496
2025-12-01,Motor Vehicle and Parts Dealers,138645
2025-12-01,Nonstore Retailers,130162
2025-12-01,Retail Trade Total,634830
2025-12-01,"Retail and food services sales, total",734717
2025-12-01,Retail sales and food services excl motor vehicle and parts,596072
2025-12-01,"Sporting Goods, Hobby, Musical Instrument, and Book Stores",8431
2025-12-01,Store(Offline),504668
2025-11-01,Building Mat. and Garden Equip. and Supplies Dealers,40320
2025-11-01,Clothing and Clothing Access. Stores,27393
2025-11-01,Electronics and Appliance Stores,7727
2025-11-01,Food and Beverage Stores,84854
2025-11-01,Furniture and Home Furnishings Stores,11163
2025-11-01,Gasoline Stations,52739
2025-11-01,General Merchandise Stores,77419
2025-11-01,Health and Personal Care Stores,40222
2025-11-01,Miscellaneous Store Retailers,15445
2025-11-01,Motor Vehicle and Parts Dealers,138710
2025-11-01,Nonstore Retailers,130174
2025-11-01,Retail Trade Total,634477
2025-11-01,"Retail and food services sales, total",734718
2025-11-01,Retail sales and food services excl motor vehicle and parts,596008
2025-11-01,"Sporting Goods, Hobby, Musical Instrument, and Book Stores",8311
2025-11-01,Store(Offline),504303
2025-10-01,Building Mat. and Garden Equip. and Supplies Dealers,39749
2025-10-01,Clothing and Clothing Access. Stores,27298
2025-10-01,Electronics and Appliance Stores,7717
2025-10-01,Food and Beverage Stores,85116
2025-10-01,Furniture and Home Furnishings Stores,11174
2025-10-01,Gasoline Stations,52067
2025-10-01,General Merchandise Stores,77451
2025-10-01,Health and Personal Care Stores,40456
2025-10-01,Miscellaneous Store Retailers,15318
2025-10-01,Motor Vehicle and Parts Dealers,137440
2025-10-01,Nonstore Retailers,129286
2025-10-01,Retail Trade Total,631346
2025-10-01,"Retail and food services sales, total",731051
2025-10-01,Retail sales and food services excl motor vehicle and parts,593611
2025-10-01,"Sporting Goods, Hobby, Musical Instrument, and Book Stores",8274
2025-10-01,Store(Offline),502060
2025-09-01,Building Mat. and Garden Equip. and Supplies Dealers,40045
2025-09-01,Clothing and Clothing Access. Stores,26921
2025-09-01,Electronics and Appliance Stores,7698
2025-09-01,Food and Beverage Stores,85111
2025-09-01,Furniture and Home Furnishings Stores,11020
2025-09-01,Gasoline Stations,52780
2025-09-01,General Merchandise Stores,77135
2025-09-01,Health and Personal Care Stores,40637
2025-09-01,Miscellaneous Store Retailers,15037
2025-09-01,Motor Vehicle and Parts Dealers,139540
2025-09-01,Nonstore Retailers,128369
2025-09-01,Retail Trade Total,632395
2025-09-01,"Retail and food services sales, total",732192
2025-09-01,Retail sales and food services excl motor vehicle and parts,592652
2025-09-01,"Sporting Goods, Hobby, Musical Instrument, and Book Stores",8102
2025-09-01,Store(Offline),504026
2025-08-01,Building Mat. and Garden Equip. and Supplies Dealers,40055
2025-08-01,Clothing and Clothing Access. Stores,27140
2025-08-01,Electronics and Appliance Stores,7742
2025-08-01,Food and Beverage Stores,85258
2025-08-01,Furniture and Home Furnishings Stores,11291
2025-08-01,Gasoline Stations,51744
2025-08-01,General Merchandise Stores,77106
2025-08-01,Health and Personal Care Stores,40118
2025-08-01,Miscellaneous Store Retailers,14690
2025-08-01,Motor Vehicle and Parts Dealers,139566
2025-08-01,Nonstore Retailers,129257
2025-08-01,Retail Trade Total,632149
2025-08-01,"Retail and food services sales, total",731700
2025-08-01,Retail sales and food services excl motor vehicle and parts,592134
2025-08-01,"Sporting Goods, Hobby, Musical Instrument, and Book Stores",8182
2025-08-01,Store(Offline),502892
2025-07-01,Building Mat. and Garden Equip. and Supplies Dealers,39989
2025-07-01,Clothing and Clothing Access. Stores,26978
2025-07-01,Electronics and Appliance Stores,7748
2025-07-01,Food and Beverage Stores,84791
2025-07-01,Furniture and Home Furnishings Stores,11588
2025-07-01,Gasoline Stations,51593
2025-07-01,General Merchandise Stores,77002
2025-07-01,Health and Personal Care Stores,40182
2025-07-01,Miscellaneous Store Retailers,15092
2025-07-01,Motor Vehicle and Parts Dealers,138985
2025-07-01,Nonstore Retailers,126727
2025-07-01,Retail Trade Total,628747
2025-07-01,"Retail and food services sales, total",727727
2025-07-01,Retail sales and food services excl motor vehicle and parts,588742
2025-07-01,"Sporting Goods, Hobby, Musical Instrument, and Book Stores",8072
2025-07-01,Store(Offline),502020
2025-06-01,Building Mat. and Garden Equip. and Supplies Dealers,40297
2025-06-01,Clothing and Clothing Access. Stores,26529
2025-06-01,Electronics and Appliance Stores,7644
2025-06-01,Food and Beverage Stores,84528
2025-06-01,Furniture and Home Furnishings Stores,11490
2025-06-01,Gasoline Stations,50938
2025-06-01,General Merchandise Stores,76798
2025-06-01,Health and Personal Care Stores,39517
2025-06-01,Miscellaneous Store Retailers,15173
2025-06-01,Motor Vehicle and Parts Dealers,136761
2025-06-01,Nonstore Retailers,126515
2025-06-01,Retail Trade Total,624146
2025-06-01,"Retail and food services sales, total",723033
2025-06-01,Retail sales and food services excl motor vehicle and parts,586272
2025-06-01,"Sporting Goods, Hobby, Musical Instrument, and Book Stores",7956
2025-06-01,Store(Offline),497631
2025-05-01,Building Mat. and Garden Equip. and Supplies Dealers,39744
2025-05-01,Clothing and Clothing Access. Stores,26156
2025-05-01,Electronics and Appliance Stores,7612
2025-05-01,Food and Beverage Stores,83855
2025-05-01,Furniture and Home Furnishings Stores,11479
2025-05-01,Gasoline Stations,50594
2025-05-01,General Merchandise Stores,76698
2025-05-01,Health and Personal Care Stores,39104
2025-05-01,Miscellaneous Store Retailers,14731
2025-05-01,Motor Vehicle and Parts Dealers,135158
2025-05-01,Nonstore Retailers,124941
2025-05-01,Retail Trade Total,618037
2025-05-01,"Retail and food services sales, total",716101
2025-05-01,Retail sales and food services excl motor vehicle and parts,580943
2025-05-01,"Sporting Goods, Hobby, Musical Instrument, and Book Stores",7965
2025-05-01,Store(Offline),493096
2025-04-01,Building Mat. and Garden Equip. and Supplies Dealers,40859
2025-04-01,Clothing and Clothing Access. Stores,26020
2025-04-01,Electronics and Appliance Stores,7646
2025-04-01,Food and Beverage Stores,84358
2025-04-01,Furniture and Home Furnishings Stores,11542
2025-04-01,Gasoline Stations,50938
2025-04-01,General Merchandise Stores,76775
2025-04-01,Health and Personal Care Stores,38881
2025-04-01,Miscellaneous Store Retailers,14082
2025-04-01,Motor Vehicle and Parts Dealers,140505
2025-04-01,Nonstore Retailers,124019
2025-04-01,Retail Trade Total,623521
2025-04-01,"Retail and food services sales, total",721789
2025-04-01,Retail sales and food services excl motor vehicle and parts,581284
2025-04-01,"Sporting Goods, Hobby, Musical Instrument, and Book Stores",7896
2025-04-01,Store(Offline),499502
2025-03-01,Building Mat. and Garden Equip. and Supplies Dealers,40547
2025-03-01,Clothing and Clothing Access. Stores,25958
2025-03-01,Electronics and Appliance Stores,7586
2025-03-01,Food and Beverage Stores,84572
2025-03-01,Furniture and Home Furnishings Stores,11390
2025-03-01,Gasoline Stations,51290
2025-03-01,General Merchandise Stores,76621
2025-03-01,Health and Personal Care Stores,39224
2025-03-01,Miscellaneous Store Retailers,14610
2025-03-01,Motor Vehicle and Parts Dealers,142577
2025-03-01,Nonstore Retailers,123005
2025-03-01,Retail Trade Total,625525
2025-03-01,"Retail and food services sales, total",723350
2025-03-01,Retail sales and food services excl motor vehicle and parts,580773
2025-03-01,"Sporting Goods, Hobby, Musical Instrument, and Book Stores",8145
2025-03-01,Store(Offline),502520
2025-02-01,Building Mat. and Garden Equip. and Supplies Dealers,39683
2025-02-01,Clothing and Clothing Access. Stores,25599
2025-02-01,Electronics and Appliance Stores,7526
2025-02-01,Food and Beverage Stores,84458
2025-02-01,Furniture and Home Furnishings Stores,11566
2025-02-01,Gasoline Stations,52733
2025-02-01,General Merchandise Stores,76837
2025-02-01,Health and Personal Care Stores,38865
2025-02-01,Miscellaneous Store Retailers,14341
2025-02-01,Motor Vehicle and Parts Dealers,133812
2025-02-01,Nonstore Retailers,123527
2025-02-01,Retail Trade Total,616636
2025-02-01,"Retail and food services sales, total",711575
2025-02-01,Retail sales and food services excl motor vehicle and parts,577763
2025-02-01,"Sporting Goods, Hobby, Musical Instrument, and Book Stores",7689
2025-02-01,Store(Offline),493109
2025-01-01,Building Mat. and Garden Equip. and Supplies Dealers,39280
2025-01-01,Clothing and Clothing Access. Stores,25942
2025-01-01,Electronics and Appliance Stores,7484
2025-01-01,Food and Beverage Stores,83981
2025-01-01,Furniture and Home Furnishings Stores,11457
2025-01-01,Gasoline Stations,53218
2025-01-01,General Merchandise Stores,76454
2025-01-01,Health and Personal Care Stores,37806
2025-01-01,Miscellaneous Store Retailers,14118
2025-01-01,Motor Vehicle and Parts Dealers,137190
2025-01-01,Nonstore Retailers,120343
2025-01-01,Retail Trade Total,615145
2025-01-01,"Retail and food services sales, total",711260
2025-01-01,Retail sales and food services excl motor vehicle and parts,574070
2025-01-01,"Sporting Goods, Hobby, Musical Instrument, and Book Stores",7872
2025-01-01,Store(Offline),494802
2024-12-01,Building Mat. and Garden Equip. and Supplies Dealers,40542
2024-12-01,Clothing and Clothing Access. Stores,25890
2024-12-01,Electronics and Appliance Stores,7507
2024-12-01,Food and Beverage Stores,84191
2024-12-01,Furniture and Home Furnishings Stores,11873
2024-12-01,Gasoline Stations,52116
2024-12-01,General Merchandise Stores,76401
2024-12-01,Health and Personal Care Stores,37831
2024-12-01,Miscellaneous Store Retailers,14093
2024-12-01,Motor Vehicle and Parts Dealers,140033
2024-12-01,Nonstore Retailers,123286
2024-12-01,Retail Trade Total,621713
2024-12-01,"Retail and food services sales, total",717265
2024-12-01,Retail sales and food services excl motor vehicle and parts,577232
2024-12-01,"Sporting Goods, Hobby, Musical Instrument, and Book Stores",7950
2024-12-01,Store(Offline),498427
2024-11-01,Building Mat. and Garden Equip. and Supplies Dealers,41349
2024-11-01,Clothing and Clothing Access. Stores,25483
2024-11-01,Electronics and Appliance Stores,7497
2024-11-01,Food and Beverage Stores,83430
2024-11-01,Furniture and Home Furnishings Stores,11347
2024-11-01,Gasoline Stations,51173
2024-11-01,General Merchandise Stores,75926
2024-11-01,Health and Personal Care Stores,38085
2024-11-01,Miscellaneous Store Retailers,13261
2024-11-01,Motor Vehicle and Parts Dealers,139565
2024-11-01,Nonstore Retailers,121383
2024-11-01,Retail Trade Total,616344
2024-11-01,"Retail and food services sales, total",711853
2024-11-01,Retail sales and food services excl motor vehicle and parts,572288
2024-11-01,"Sporting Goods, Hobby, Musical Instrument, and Book Stores",7845
2024-11-01,Store(Offline),494961
2024-10-01,Building Mat. and Garden Equip. and Supplies Dealers,41587
2024-10-01,Clothing and Clothing Access. Stores,25520
2024-10-01,Electronics and Appliance Stores,7455
2024-10-01,Food and Beverage Stores,83557
2024-10-01,Furniture and Home Furnishings Stores,11194
2024-10-01,Gasoline Stations,51326
2024-10-01,General Merchandise Stores,75964
2024-10-01,Health and Personal Care Stores,38196
2024-10-01,Miscellaneous Store Retailers,13835
2024-10-01,Motor Vehicle and Parts Dealers,135603
2024-10-01,Nonstore Retailers,120660
2024-10-01,Retail Trade Total,612772
2024-10-01,"Retail and food services sales, total",708290
2024-10-01,Retail sales and food services excl motor vehicle and parts,572687
2024-10-01,"Sporting Goods, Hobby, Musical Instrument, and Book Stores",7875
2024-10-01,Store(Offline),492112
2024-09-01,Building Mat. and Garden Equip. and Supplies Dealers,41140
2024-09-01,Clothing and Clothing Access. Stores,25330
2024-09-01,Electronics and Appliance Stores,7253
2024-09-01,Food and Beverage Stores,83361
2024-09-01,Furniture and Home Furnishings Stores,11356
2024-09-01,Gasoline Stations,51209
2024-09-01,General Merchandise Stores,75958
2024-09-01,Health and Personal Care Stores,38360
2024-09-01,Miscellaneous Store Retailers,13902
2024-09-01,Motor Vehicle and Parts Dealers,132259
2024-09-01,Nonstore Retailers,120673
2024-09-01,Retail Trade Total,608774
2024-09-01,"Retail and food services sales, total",703055
2024-09-01,Retail sales and food services excl motor vehicle and parts,570796
2024-09-01,"Sporting Goods, Hobby, Musical Instrument, and Book Stores",7973
2024-09-01,Store(Offline),488101
2024-08-01,Building Mat. and Garden Equip. and Supplies Dealers,40896
2024-08-01,Clothing and Clothing Access. Stores,24957
2024-08-01,Electronics and Appliance Stores,7504
2024-08-01,Food and Beverage Stores,82540
2024-08-01,Furniture and Home Furnishings Stores,11144
2024-08-01,Gasoline Stations,52126
2024-08-01,General Merchandise Stores,75258
2024-08-01,Health and Personal Care Stores,37678
2024-08-01,Miscellaneous Store Retailers,13594
2024-08-01,Motor Vehicle and Parts Dealers,132195
2024-08-01,Nonstore Retailers,117908
2024-08-01,Retail Trade Total,603601
2024-08-01,"Retail and food services sales, total",697039
2024-08-01,Retail sales and food services excl motor vehicle and parts,564844
2024-08-01,"Sporting Goods, Hobby, Musical Instrument, and Book Stores",7801
2024-08-01,Store(Offline),485693
2024-07-01,Building Mat. and Garden Equip. and Supplies Dealers,40925
2024-07-01,Clothing and Clothing Access. Stores,25279
2024-07-01,Electronics and Appliance Stores,7666
2024-07-01,Food and Beverage Stores,82951
2024-07-01,Furniture and Home Furnishings Stores,11079
2024-07-01,Gasoline Stations,52692
2024-07-01,General Merchandise Stores,75666
2024-07-01,Health and Personal Care Stores,37535
2024-07-01,Miscellaneous Store Retailers,13435
2024-07-01,Motor Vehicle and Parts Dealers,132828
2024-07-01,Nonstore Retailers,118001
2024-07-01,Retail Trade Total,605814
2024-07-01,"Retail and food services sales, total",698835
2024-07-01,Retail sales and food services excl motor vehicle and parts,566007
2024-07-01,"Sporting Goods, Hobby, Musical Instrument, and Book Stores",7757
2024-07-01,Store(Offline),487813
2024-06-01,Building Mat. and Garden Equip. and Supplies Dealers,40389
2024-06-01,Clothing and Clothing Access. Stores,25247
2024-06-01,Electronics and Appliance Stores,7636
2024-06-01,Food and Beverage Stores,82336
2024-06-01,Furniture and Home Furnishings Stores,10993
2024-06-01,Gasoline Stations,52657
2024-06-01,General Merchandise Stores,74990
2024-06-01,Health and Personal Care Stores,36021
2024-06-01,Miscellaneous Store Retailers,13474
2024-06-01,Motor Vehicle and Parts Dealers,128483
2024-06-01,Nonstore Retailers,119836
2024-06-01,Retail Trade Total,599979
2024-06-01,"Retail and food services sales, total",692449
2024-06-01,Retail sales and food services excl motor vehicle and parts,563966
2024-06-01,"Sporting Goods, Hobby, Musical Instrument, and Book Stores",7917
2024-06-01,Store(Offline),480143
2024-05-01,Building Mat. and Garden Equip. and Supplies Dealers,40171
2024-05-01,Clothing and Clothing Access. Stores,25212
2024-05-01,Electronics and Appliance Stores,7752
2024-05-01,Food and Beverage Stores,82078
2024-05-01,Furniture and Home Furnishings Stores,10860
2024-05-01,Gasoline Stations,53407
2024-05-01,General Merchandise Stores,75101
2024-05-01,Health and Personal Care Stores,36028
2024-05-01,Miscellaneous Store Retailers,13343
2024-05-01,Motor Vehicle and Parts Dealers,132640
2024-05-01,Nonstore Retailers,115904
2024-05-01,Retail Trade Total,600372
2024-05-01,"Retail and food services sales, total",692774
2024-05-01,Retail sales and food services excl motor vehicle and parts,560134
2024-05-01,"Sporting Goods, Hobby, Musical Instrument, and Book Stores",7876
2024-05-01,Store(Offline),484468
2024-04-01,Building Mat. and Garden Equip. and Supplies Dealers,39930
2024-04-01,Clothing and Clothing Access. Stores,24923
2024-04-01,Electronics and Appliance Stores,7667
2024-04-01,Food and Beverage Stores,82119
2024-04-01,Furniture and Home Furnishings Stores,10743
2024-04-01,Gasoline Stations,54570
2024-04-01,General Merchandise Stores,74834
2024-04-01,Health and Personal Care Stores,35778
2024-04-01,Miscellaneous Store Retailers,13582
2024-04-01,Motor Vehicle and Parts Dealers,129214
2024-04-01,Nonstore Retailers,114459
2024-04-01,Retail Trade Total,595676
2024-04-01,"Retail and food services sales, total",687602
2024-04-01,Retail sales and food services excl motor vehicle and parts,558388
2024-04-01,"Sporting Goods, Hobby, Musical Instrument, and Book Stores",7857
2024-04-01,Store(Offline),481217
2024-03-01,Building Mat. and Garden Equip. and Supplies Dealers,40219
2024-03-01,Clothing and Clothing Access. Stores,24241
2024-03-01,Electronics and Appliance Stores,7455
2024-03-01,Food and Beverage Stores,81569
2024-03-01,Furniture and Home Furnishings Stores,10610
2024-03-01,Gasoline Stations,53760
2024-03-01,General Merchandise Stores,74653
2024-03-01,Health and Personal Care Stores,35624
2024-03-01,Miscellaneous Store Retailers,13533
2024-03-01,Motor Vehicle and Parts Dealers,130215
2024-03-01,Nonstore Retailers,116194
2024-03-01,Retail Trade Total,595969
2024-03-01,"Retail and food services sales, total",687641
2024-03-01,Retail sales and food services excl motor vehicle and parts,557426
2024-03-01,"Sporting Goods, Hobby, Musical Instrument, and Book Stores",7896
2024-03-01,Store(Offline),479775
2024-02-01,Building Mat. and Garden Equip. and Supplies Dealers,40215
2024-02-01,Clothing and Clothing Access. Stores,25122
2024-02-01,Electronics and Appliance Stores,7769
2024-02-01,Food and Beverage Stores,81149
2024-02-01,Furniture and Home Furnishings Stores,10787
2024-02-01,Gasoline Stations,52755
2024-02-01,General Merchandise Stores,74640
2024-02-01,Health and Personal Care Stores,35765
2024-02-01,Miscellaneous Store Retailers,13337
2024-02-01,Motor Vehicle and Parts Dealers,131471
2024-02-01,Nonstore Retailers,112045
2024-02-01,Retail Trade Total,593206
2024-02-01,"Retail and food services sales, total",685280
2024-02-01,Retail sales and food services excl motor vehicle and parts,553809
2024-02-01,"Sporting Goods, Hobby, Musical Instrument, and Book Stores",8151
2024-02-01,Store(Offline),481161
2024-01-01,Building Mat. and Garden Equip. and Supplies Dealers,39535
2024-01-01,Clothing and Clothing Access. Stores,24838
2024-01-01,Electronics and Appliance Stores,7714
2024-01-01,Food and Beverage Stores,81086
2024-01-01,Furniture and Home Furnishings Stores,10864
2024-01-01,Gasoline Stations,51918
2024-01-01,General Merchandise Stores,73990
2024-01-01,Health and Personal Care Stores,35827
2024-01-01,Miscellaneous Store Retailers,13150
2024-01-01,Motor Vehicle and Parts Dealers,129356
2024-01-01,Nonstore Retailers,112623
2024-01-01,Retail Trade Total,588944
2024-01-01,"Retail and food services sales, total",680456
2024-01-01,Retail sales and food services excl motor vehicle and parts,551100
2024-01-01,"Sporting Goods, Hobby, Musical Instrument, and Book Stores",8043
2024-01-01,Store(Offline),476321
2023-12-01,Building Mat. and Garden Equip. and Supplies Dealers,40720
2023-12-01,Clothing and Clothing Access. Stores,25141
2023-12-01,Electronics and Appliance Stores,7136
2023-12-01,Food and Beverage Stores,81272
2023-12-01,Furniture and Home Furnishings Stores,10659
2023-12-01,Gasoline Stations,52958
2023-12-01,General Merchandise Stores,74434
2023-12-01,Health and Personal Care Stores,36210
2023-12-01,Miscellaneous Store Retailers,13220
2023-12-01,Motor Vehicle and Parts Dealers,130225
2023-12-01,Nonstore Retailers,114302
2023-12-01,Retail Trade Total,594256
2023-12-01,"Retail and food services sales, total",686277
2023-12-01,Retail sales and food services excl motor vehicle and parts,556052
2023-12-01,"Sporting Goods, Hobby, Musical Instrument, and Book Stores",7979
2023-12-01,Store(Offline),479954
2023-11-01,Building Mat. and Garden Equip. and Supplies Dealers,40323
2023-11-01,Clothing and Clothing Access. Stores,24838
2023-11-01,Electronics and Appliance Stores,7365
2023-11-01,Food and Beverage Stores,81530
2023-11-01,Furniture and Home Furnishings Stores,11052
2023-11-01,Gasoline Stations,53661
2023-11-01,General Merchandise Stores,73961
2023-11-01,Health and Personal Care Stores,37150
2023-11-01,Miscellaneous Store Retailers,13333
2023-11-01,Motor Vehicle and Parts Dealers,130084
2023-11-01,Nonstore Retailers,112097
2023-11-01,Retail Trade Total,593567
2023-11-01,"Retail and food services sales, total",685328
2023-11-01,Retail sales and food services excl motor vehicle and parts,555244
2023-11-01,"Sporting Goods, Hobby, Musical Instrument, and Book Stores",8173
2023-11-01,Store(Offline),481470
2023-10-01,Building Mat. and Garden Equip. and Supplies Dealers,40338
2023-10-01,Clothing and Clothing Access. Stores,24683
2023-10-01,Electronics and Appliance Stores,7629
2023-10-01,Food and Beverage Stores,81323
2023-10-01,Furniture and Home Furnishings Stores,10881
2023-10-01,Gasoline Stations,55631
2023-10-01,General Merchandise Stores,73829
2023-10-01,Health and Personal Care Stores,37298
2023-10-01,Miscellaneous Store Retailers,13196
2023-10-01,Motor Vehicle and Parts Dealers,130458
2023-10-01,Nonstore Retailers,112127
2023-10-01,Retail Trade Total,595517
2023-10-01,"Retail and food services sales, total",686148
2023-10-01,Retail sales and food services excl motor vehicle and parts,555690
2023-10-01,"Sporting Goods, Hobby, Musical Instrument, and Book Stores",8124
2023-10-01,Store(Offline),483390
2023-09-01,Building Mat. and Garden Equip. and Supplies Dealers,40631
2023-09-01,Clothing and Clothing Access. Stores,24811
2023-09-01,Electronics and Appliance Stores,7661
2023-09-01,Food and Beverage Stores,81235
2023-09-01,Furniture and Home Furnishings Stores,10971
2023-09-01,Gasoline Stations,57541
2023-09-01,General Merchandise Stores,73862
2023-09-01,Health and Personal Care Stores,36011
2023-09-01,Miscellaneous Store Retailers,13002
2023-09-01,Motor Vehicle and Parts Dealers,132828
2023-09-01,Nonstore Retailers,112267
2023-09-01,Retail Trade Total,598956
2023-09-01,"Retail and food services sales, total",689403
2023-09-01,Retail sales and food services excl motor vehicle and parts,556575
2023-09-01,"Sporting Goods, Hobby, Musical Instrument, and Book Stores",8136
2023-09-01,Store(Offline),486689
2023-08-01,Building Mat. and Garden Equip. and Supplies Dealers,40914
2023-08-01,Clothing and Clothing Access. Stores,25104
2023-08-01,Electronics and Appliance Stores,7571
2023-08-01,Food and Beverage Stores,81199
2023-08-01,Furniture and Home Furnishings Stores,11178
2023-08-01,Gasoline Stations,55750
2023-08-01,General Merchandise Stores,74113
2023-08-01,Health and Personal Care Stores,36097
2023-08-01,Miscellaneous Store Retailers,12359
2023-08-01,Motor Vehicle and Parts Dealers,131374
2023-08-01,Nonstore Retailers,111350
2023-08-01,Retail Trade Total,595191
2023-08-01,"Retail and food services sales, total",684755
2023-08-01,Retail sales and food services excl motor vehicle and parts,553381
2023-08-01,"Sporting Goods, Hobby, Musical Instrument, and Book Stores",8182
2023-08-01,Store(Offline),483841
2023-07-01,Building Mat. and Garden Equip. and Supplies Dealers,40702
2023-07-01,Clothing and Clothing Access. Stores,24718
2023-07-01,Electronics and Appliance Stores,7436
2023-07-01,Food and Beverage Stores,80666
2023-07-01,Furniture and Home Furnishings Stores,11194
2023-07-01,Gasoline Stations,52062
2023-07-01,General Merchandise Stores,73694
2023-07-01,Health and Personal Care Stores,35455
2023-07-01,Miscellaneous Store Retailers,12952
2023-07-01,Motor Vehicle and Parts Dealers,130481
2023-07-01,Nonstore Retailers,111468
2023-07-01,Retail Trade Total,589257
2023-07-01,"Retail and food services sales, total",678424
2023-07-01,Retail sales and food services excl motor vehicle and parts,547943
2023-07-01,"Sporting Goods, Hobby, Musical Instrument, and Book Stores",8429
2023-07-01,Store(Offline),477789
2023-06-01,Building Mat. and Garden Equip. and Supplies Dealers,40807
2023-06-01,Clothing and Clothing Access. Stores,24402
2023-06-01,Electronics and Appliance Stores,7610
2023-06-01,Food and Beverage Stores,80470
2023-06-01,Furniture and Home Furnishings Stores,11361
2023-06-01,Gasoline Stations,51924
2023-06-01,General Merchandise Stores,73449
2023-06-01,Health and Personal Care Stores,35734
2023-06-01,Miscellaneous Store Retailers,13233
2023-06-01,Motor Vehicle and Parts Dealers,132443
2023-06-01,Nonstore Retailers,109037
2023-06-01,Retail Trade Total,588670
2023-06-01,"Retail and food services sales, total",677117
2023-06-01,Retail sales and food services excl motor vehicle and parts,544674
2023-06-01,"Sporting Goods, Hobby, Musical Instrument, and Book Stores",8200
2023-06-01,Store(Offline),479633
2023-05-01,Building Mat. and Garden Equip. and Supplies Dealers,41622
2023-05-01,Clothing and Clothing Access. Stores,24290
2023-05-01,Electronics and Appliance Stores,7521
2023-05-01,Food and Beverage Stores,80658
2023-05-01,Furniture and Home Furnishings Stores,11293
2023-05-01,Gasoline Stations,52642
2023-05-01,General Merchandise Stores,72927
2023-05-01,Health and Personal Care Stores,35745
2023-05-01,Miscellaneous Store Retailers,12848
2023-05-01,Motor Vehicle and Parts Dealers,130110
2023-05-01,Nonstore Retailers,108412
2023-05-01,Retail Trade Total,586286
2023-05-01,"Retail and food services sales, total",673902
2023-05-01,Retail sales and food services excl motor vehicle and parts,543792
2023-05-01,"Sporting Goods, Hobby, Musical Instrument, and Book Stores",8218
2023-05-01,Store(Offline),477874
2023-04-01,Building Mat. and Garden Equip. and Supplies Dealers,40815
2023-04-01,Clothing and Clothing Access. Stores,24368
2023-04-01,Electronics and Appliance Stores,7533
2023-04-01,Food and Beverage Stores,80500
2023-04-01,Furniture and Home Furnishings Stores,11416
2023-04-01,Gasoline Stations,53966
2023-04-01,General Merchandise Stores,72852
2023-04-01,Health and Personal Care Stores,35493
2023-04-01,Miscellaneous Store Retailers,12874
2023-04-01,Motor Vehicle and Parts Dealers,127973
2023-04-01,Nonstore Retailers,107781
2023-04-01,Retail Trade Total,583874
2023-04-01,"Retail and food services sales, total",670494
2023-04-01,Retail sales and food services excl motor vehicle and parts,542521
2023-04-01,"Sporting Goods, Hobby, Musical Instrument, and Book Stores",8303
2023-04-01,Store(Offline),476093
2023-03-01,Building Mat. and Garden Equip. and Supplies Dealers,40431
2023-03-01,Clothing and Clothing Access. Stores,24410
2023-03-01,Electronics and Appliance Stores,7651
2023-03-01,Food and Beverage Stores,80761
2023-03-01,Furniture and Home Furnishings Stores,11588
2023-03-01,Gasoline Stations,54608
2023-03-01,General Merchandise Stores,71547
2023-03-01,Health and Personal Care Stores,35207
2023-03-01,Miscellaneous Store Retailers,12662
2023-03-01,Motor Vehicle and Parts Dealers,126396
2023-03-01,Nonstore Retailers,105376
2023-03-01,Retail Trade Total,578812
2023-03-01,"Retail and food services sales, total",665071
2023-03-01,Retail sales and food services excl motor vehicle and parts,538675
2023-03-01,"Sporting Goods, Hobby, Musical Instrument, and Book Stores",8175
2023-03-01,Store(Offline),473436
2023-02-01,Building Mat. and Garden Equip. and Supplies Dealers,42268
2023-02-01,Clothing and Clothing Access. Stores,24660
2023-02-01,Electronics and Appliance Stores,7641
2023-02-01,Food and Beverage Stores,81271
2023-02-01,Furniture and Home Furnishings Stores,11864
2023-02-01,Gasoline Stations,54810
2023-02-01,General Merchandise Stores,73923
2023-02-01,Health and Personal Care Stores,35070
2023-02-01,Miscellaneous Store Retailers,12777
2023-02-01,Motor Vehicle and Parts Dealers,128257
2023-02-01,Nonstore Retailers,105415
2023-02-01,Retail Trade Total,586165
2023-02-01,"Retail and food services sales, total",672152
2023-02-01,Retail sales and food services excl motor vehicle and parts,543895
2023-02-01,"Sporting Goods, Hobby, Musical Instrument, and Book Stores",8209
2023-02-01,Store(Offline),480750
2023-01-01,Building Mat. and Garden Equip. and Supplies Dealers,42941
2023-01-01,Clothing and Clothing Access. Stores,24950
2023-01-01,Electronics and Appliance Stores,7876
2023-01-01,Food and Beverage Stores,80632
2023-01-01,Furniture and Home Furnishings Stores,12652
2023-01-01,Gasoline Stations,56081
2023-01-01,General Merchandise Stores,73792
2023-01-01,Health and Personal Care Stores,34603
2023-01-01,Miscellaneous Store Retailers,13030
2023-01-01,Motor Vehicle and Parts Dealers,132373
2023-01-01,Nonstore Retailers,104751
2023-01-01,Retail Trade Total,591964
2023-01-01,"Retail and food services sales, total",680253
2023-01-01,Retail sales and food services excl motor vehicle and parts,547880
2023-01-01,"Sporting Goods, Hobby, Musical Instrument, and Book Stores",8283
2023-01-01,Store(Offline),487213
2022-12-01,Building Mat. and Garden Equip. and Supplies Dealers,41847
2022-12-01,Clothing and Clothing Access. Stores,24019
2022-12-01,Electronics and Appliance Stores,6890
2022-12-01,Food and Beverage Stores,80756
2022-12-01,Furniture and Home Furnishings Stores,11115
2022-12-01,Gasoline Stations,56216
2022-12-01,General Merchandise Stores,72843
2022-12-01,Health and Personal Care Stores,33098
2022-12-01,Miscellaneous Store Retailers,12469
2022-12-01,Motor Vehicle and Parts Dealers,119551
2022-12-01,Nonstore Retailers,101964
2022-12-01,Retail Trade Total,569119
2022-12-01,"Retail and food services sales, total",651763
2022-12-01,Retail sales and food services excl motor vehicle and parts,532212
2022-12-01,"Sporting Goods, Hobby, Musical Instrument, and Book Stores",8351
2022-12-01,Store(Offline),467155
2022-11-01,Building Mat. and Garden Equip. and Supplies Dealers,41459
2022-11-01,Clothing and Clothing Access. Stores,24512
2022-11-01,Electronics and Appliance Stores,7044
2022-11-01,Food and Beverage Stores,81086
2022-11-01,Furniture and Home Furnishings Stores,11473
2022-11-01,Gasoline Stations,59425
2022-11-01,General Merchandise Stores,73436
2022-11-01,Health and Personal Care Stores,33896
2022-11-01,Miscellaneous Store Retailers,12552
2022-11-01,Motor Vehicle and Parts Dealers,123350
2022-11-01,Nonstore Retailers,99902
2022-11-01,Retail Trade Total,576356
2022-11-01,"Retail and food services sales, total",659458
2022-11-01,Retail sales and food services excl motor vehicle and parts,536108
2022-11-01,"Sporting Goods, Hobby, Musical Instrument, and Book Stores",8221
2022-11-01,Store(Offline),476454
2022-10-01,Building Mat. and Garden Equip. and Supplies Dealers,42724
2022-10-01,Clothing and Clothing Access. Stores,24713
2022-10-01,Electronics and Appliance Stores,7639
2022-10-01,Food and Beverage Stores,80825
2022-10-01,Furniture and Home Furnishings Stores,11961
2022-10-01,Gasoline Stations,60362
2022-10-01,General Merchandise Stores,73137
2022-10-01,Health and Personal Care Stores,33673
2022-10-01,Miscellaneous Store Retailers,12790
2022-10-01,Motor Vehicle and Parts Dealers,126809
2022-10-01,Nonstore Retailers,102031
2022-10-01,Retail Trade Total,585006
2022-10-01,"Retail and food services sales, total",668671
2022-10-01,Retail sales and food services excl motor vehicle and parts,541862
2022-10-01,"Sporting Goods, Hobby, Musical Instrument, and Book Stores",8342
2022-10-01,Store(Offline),482975
2022-09-01,Building Mat. and Garden Equip. and Supplies Dealers,42510
2022-09-01,Clothing and Clothing Access. Stores,24693
2022-09-01,Electronics and Appliance Stores,7722
2022-09-01,Food and Beverage Stores,80001
2022-09-01,Furniture and Home Furnishings Stores,11665
2022-09-01,Gasoline Stations,59157
2022-09-01,General Merchandise Stores,73133
2022-09-01,Health and Personal Care Stores,33529
2022-09-01,Miscellaneous Store Retailers,12846
2022-09-01,Motor Vehicle and Parts Dealers,124363
2022-09-01,Nonstore Retailers,101526
2022-09-01,Retail Trade Total,579446
2022-09-01,"Retail and food services sales, total",661854
2022-09-01,Retail sales and food services excl motor vehicle and parts,537491
2022-09-01,"Sporting Goods, Hobby, Musical Instrument, and Book Stores",8301
2022-09-01,Store(Offline),477920
2022-08-01,Building Mat. and Garden Equip. and Supplies Dealers,42823
2022-08-01,Clothing and Clothing Access. Stores,24499
2022-08-01,Electronics and Appliance Stores,7764
2022-08-01,Food and Beverage Stores,79571
2022-08-01,Furniture and Home Furnishings Stores,11776
2022-08-01,Gasoline Stations,60942
2022-08-01,General Merchandise Stores,72571
2022-08-01,Health and Personal Care Stores,33318
2022-08-01,Miscellaneous Store Retailers,13141
2022-08-01,Motor Vehicle and Parts Dealers,125193
2022-08-01,Nonstore Retailers,101283
2022-08-01,Retail Trade Total,581196
2022-08-01,"Retail and food services sales, total",663566
2022-08-01,Retail sales and food services excl motor vehicle and parts,538373
2022-08-01,"Sporting Goods, Hobby, Musical Instrument, and Book Stores",8315
2022-08-01,Store(Offline),479913
2022-07-01,Building Mat. and Garden Equip. and Supplies Dealers,42405
2022-07-01,Clothing and Clothing Access. Stores,24136
2022-07-01,Electronics and Appliance Stores,7803
2022-07-01,Food and Beverage Stores,79013
2022-07-01,Furniture and Home Furnishings Stores,11631
2022-07-01,Gasoline Stations,65773
2022-07-01,General Merchandise Stores,71928
2022-07-01,Health and Personal Care Stores,33431
2022-07-01,Miscellaneous Store Retailers,12984
2022-07-01,Motor Vehicle and Parts Dealers,121670
2022-07-01,Nonstore Retailers,100236
2022-07-01,Retail Trade Total,579267
2022-07-01,"Retail and food services sales, total",659550
2022-07-01,Retail sales and food services excl motor vehicle and parts,537880
2022-07-01,"Sporting Goods, Hobby, Musical Instrument, and Book Stores",8257
2022-07-01,Store(Offline),479031
2022-06-01,Building Mat. and Garden Equip. and Supplies Dealers,42396
2022-06-01,Clothing and Clothing Access. Stores,24674
2022-06-01,Electronics and Appliance Stores,7760
2022-06-01,Food and Beverage Stores,79558
2022-06-01,Furniture and Home Furnishings Stores,11772
2022-06-01,Gasoline Stations,67974
2022-06-01,General Merchandise Stores,72976
2022-06-01,Health and Personal Care Stores,33212
2022-06-01,Miscellaneous Store Retailers,13215
2022-06-01,Motor Vehicle and Parts Dealers,124585
2022-06-01,Nonstore Retailers,99221
2022-06-01,Retail Trade Total,585556
2022-06-01,"Retail and food services sales, total",666113
2022-06-01,Retail sales and food services excl motor vehicle and parts,541528
2022-06-01,"Sporting Goods, Hobby, Musical Instrument, and Book Stores",8213
2022-06-01,Store(Offline),486335
2022-05-01,Building Mat. and Garden Equip. and Supplies Dealers,42483
2022-05-01,Clothing and Clothing Access. Stores,24530
2022-05-01,Electronics and Appliance Stores,7881
2022-05-01,Food and Beverage Stores,78595
2022-05-01,Furniture and Home Furnishings Stores,11953
2022-05-01,Gasoline Stations,66444
2022-05-01,General Merchandise Stores,71625
2022-05-01,Health and Personal Care Stores,32656
2022-05-01,Miscellaneous Store Retailers,12894
2022-05-01,Motor Vehicle and Parts Dealers,123204
2022-05-01,Nonstore Retailers,99398
2022-05-01,Retail Trade Total,579844
2022-05-01,"Retail and food services sales, total",659847
2022-05-01,Retail sales and food services excl motor vehicle and parts,536643
2022-05-01,"Sporting Goods, Hobby, Musical Instrument, and Book Stores",8181
2022-05-01,Store(Offline),480446
2022-04-01,Building Mat. and Garden Equip. and Supplies Dealers,42862
2022-04-01,Clothing and Clothing Access. Stores,25103
2022-04-01,Electronics and Appliance Stores,8316
2022-04-01,Food and Beverage Stores,77749
2022-04-01,Furniture and Home Furnishings Stores,12199
2022-04-01,Gasoline Stations,63397
2022-04-01,General Merchandise Stores,70933
2022-04-01,Health and Personal Care Stores,32838
2022-04-01,Miscellaneous Store Retailers,12941
2022-04-01,Motor Vehicle and Parts Dealers,127991
2022-04-01,Nonstore Retailers,98399
2022-04-01,Retail Trade Total,580943
2022-04-01,"Retail and food services sales, total",660194
2022-04-01,Retail sales and food services excl motor vehicle and parts,532203
2022-04-01,"Sporting Goods, Hobby, Musical Instrument, and Book Stores",8215
2022-04-01,Store(Offline),482544
2022-03-01,Building Mat. and Garden Equip. and Supplies Dealers,42837
2022-03-01,Clothing and Clothing Access. Stores,25056
2022-03-01,Electronics and Appliance Stores,8118
2022-03-01,Food and Beverage Stores,77639
2022-03-01,Furniture and Home Furnishings Stores,11888
2022-03-01,Gasoline Stations,62953
2022-03-01,General Merchandise Stores,69665
2022-03-01,Health and Personal Care Stores,32553
2022-03-01,Miscellaneous Store Retailers,12875
2022-03-01,Motor Vehicle and Parts Dealers,125665
2022-03-01,Nonstore Retailers,96971
2022-03-01,Retail Trade Total,574485
2022-03-01,"Retail and food services sales, total",651027
2022-03-01,Retail sales and food services excl motor vehicle and parts,525362
2022-03-01,"Sporting Goods, Hobby, Musical Instrument, and Book Stores",8265
2022-03-01,Store(Offline),477514
2022-02-01,Building Mat. and Garden Equip. and Supplies Dealers,41952
2022-02-01,Clothing and Clothing Access. Stores,23910
2022-02-01,Electronics and Appliance Stores,7467
2022-02-01,Food and Beverage Stores,76833
2022-02-01,Furniture and Home Furnishings Stores,11645
2022-02-01,Gasoline Stations,55679
2022-02-01,General Merchandise Stores,69107
2022-02-01,Health and Personal Care Stores,32416
2022-02-01,Miscellaneous Store Retailers,12601
2022-02-01,Motor Vehicle and Parts Dealers,127230
2022-02-01,Nonstore Retailers,96745
2022-02-01,Retail Trade Total,563777
2022-02-01,"Retail and food services sales, total",638101
2022-02-01,Retail sales and food services excl motor vehicle and parts,510871
2022-02-01,"Sporting Goods, Hobby, Musical Instrument, and Book Stores",8192
2022-02-01,Store(Offline),467032
2022-01-01,Building Mat. and Garden Equip. and Supplies Dealers,42350
2022-01-01,Clothing and Clothing Access. Stores,23163
2022-01-01,Electronics and Appliance Stores,7293
2022-01-01,Food and Beverage Stores,76736
2022-01-01,Furniture and Home Furnishings Stores,11538
2022-01-01,Gasoline Stations,53402
2022-01-01,General Merchandise Stores,68025
2022-01-01,Health and Personal Care Stores,32664
2022-01-01,Miscellaneous Store Retailers,12460
2022-01-01,Motor Vehicle and Parts Dealers,127081
2022-01-01,Nonstore Retailers,97654
2022-01-01,Retail Trade Total,560257
2022-01-01,"Retail and food services sales, total",631509
2022-01-01,Retail sales and food services excl motor vehicle and parts,504428
2022-01-01,"Sporting Goods, Hobby, Musical Instrument, and Book Stores",7891
2022-01-01,Store(Offline),462603
2021-12-01,Building Mat. and Garden Equip. and Supplies Dealers,41064
2021-12-01,Clothing and Clothing Access. Stores,23938
2021-12-01,Electronics and Appliance Stores,7236
2021-12-01,Food and Beverage Stores,76176
2021-12-01,Furniture and Home Furnishings Stores,11167
2021-12-01,Gasoline Stations,54158
2021-12-01,General Merchandise Stores,67968
2021-12-01,Health and Personal Care Stores,32390
2021-12-01,Miscellaneous Store Retailers,12655
2021-12-01,Motor Vehicle and Parts Dealers,118762
2021-12-01,Nonstore Retailers,93678
2021-12-01,Retail Trade Total,547277
2021-12-01,"Retail and food services sales, total",619938
2021-12-01,Retail sales and food services excl motor vehicle and parts,501176
2021-12-01,"Sporting Goods, Hobby, Musical Instrument, and Book Stores",8085
2021-12-01,Store(Offline),453599
2021-11-01,Building Mat. and Garden Equip. and Supplies Dealers,40804
2021-11-01,Clothing and Clothing Access. Stores,25012
2021-11-01,Electronics and Appliance Stores,7309
2021-11-01,Food and Beverage Stores,75718
2021-11-01,Furniture and Home Furnishings Stores,11607
2021-11-01,Gasoline Stations,52811
2021-11-01,General Merchandise Stores,67806
2021-11-01,Health and Personal Care Stores,32490
2021-11-01,Miscellaneous Store Retailers,12725
2021-11-01,Motor Vehicle and Parts Dealers,121997
2021-11-01,Nonstore Retailers,94485
2021-11-01,Retail Trade Total,551082
2021-11-01,"Retail and food services sales, total",624874
2021-11-01,Retail sales and food services excl motor vehicle and parts,502877
2021-11-01,"Sporting Goods, Hobby, Musical Instrument, and Book Stores",8318
2021-11-01,Store(Offline),456597
2021-10-01,Building Mat. and Garden Equip. and Supplies Dealers,39698
2021-10-01,Clothing and Clothing Access. Stores,24412
2021-10-01,Electronics and Appliance Stores,8195
2021-10-01,Food and Beverage Stores,75494
2021-10-01,Furniture and Home Furnishings Stores,11763
2021-10-01,Gasoline Stations,51759
2021-10-01,General Merchandise Stores,67725
2021-10-01,Health and Personal Care Stores,32099
2021-10-01,Miscellaneous Store Retailers,12509
2021-10-01,Motor Vehicle and Parts Dealers,120015
2021-10-01,Nonstore Retailers,93607
2021-10-01,Retail Trade Total,545361
2021-10-01,"Retail and food services sales, total",618573
2021-10-01,Retail sales and food services excl motor vehicle and parts,498558
2021-10-01,"Sporting Goods, Hobby, Musical Instrument, and Book Stores",8085
2021-10-01,Store(Offline),451754
2021-09-01,Building Mat. and Garden Equip. and Supplies Dealers,38996
2021-09-01,Clothing and Clothing Access. Stores,24228
2021-09-01,Electronics and Appliance Stores,7725
2021-09-01,Food and Beverage Stores,75106
2021-09-01,Furniture and Home Furnishings Stores,11501
2021-09-01,Gasoline Stations,50625
2021-09-01,General Merchandise Stores,66849
2021-09-01,Health and Personal Care Stores,32183
2021-09-01,Miscellaneous Store Retailers,12370
2021-09-01,Motor Vehicle and Parts Dealers,118118
2021-09-01,Nonstore Retailers,90878
2021-09-01,Retail Trade Total,536651
2021-09-01,"Retail and food services sales, total",609671
2021-09-01,Retail sales and food services excl motor vehicle and parts,491553
2021-09-01,"Sporting Goods, Hobby, Musical Instrument, and Book Stores",8072
2021-09-01,Store(Offline),445773
2021-08-01,Building Mat. and Garden Equip. and Supplies Dealers,38760
2021-08-01,Clothing and Clothing Access. Stores,23905
2021-08-01,Electronics and Appliance Stores,7822
2021-08-01,Food and Beverage Stores,74945
2021-08-01,Furniture and Home Furnishings Stores,11464
2021-08-01,Gasoline Stations,48498
2021-08-01,General Merchandise Stores,66649
2021-08-01,Health and Personal Care Stores,32429
2021-08-01,Miscellaneous Store Retailers,12162
2021-08-01,Motor Vehicle and Parts Dealers,117047
2021-08-01,Nonstore Retailers,90676
2021-08-01,Retail Trade Total,532477
2021-08-01,"Retail and food services sales, total",605533
2021-08-01,Retail sales and food services excl motor vehicle and parts,488486
2021-08-01,"Sporting Goods, Hobby, Musical Instrument, and Book Stores",8120
2021-08-01,Store(Offline),441801
2021-07-01,Building Mat. and Garden Equip. and Supplies Dealers,38865
2021-07-01,Clothing and Clothing Access. Stores,24315
2021-07-01,Electronics and Appliance Stores,8099
2021-07-01,Food and Beverage Stores,73162
2021-07-01,Furniture and Home Furnishings Stores,11510
2021-07-01,Gasoline Stations,47333
2021-07-01,General Merchandise Stores,66235
2021-07-01,Health and Personal Care Stores,32225
2021-07-01,Miscellaneous Store Retailers,12147
2021-07-01,Motor Vehicle and Parts Dealers,120301
2021-07-01,Nonstore Retailers,86305
2021-07-01,Retail Trade Total,528600
2021-07-01,"Retail and food services sales, total",601817
2021-07-01,Retail sales and food services excl motor vehicle and parts,481516
2021-07-01,"Sporting Goods, Hobby, Musical Instrument, and Book Stores",8103
2021-07-01,Store(Offline),442295
2021-06-01,Building Mat. and Garden Equip. and Supplies Dealers,39712
2021-06-01,Clothing and Clothing Access. Stores,24979
2021-06-01,Electronics and Appliance Stores,8288
2021-06-01,Food and Beverage Stores,73707
2021-06-01,Furniture and Home Furnishings Stores,11488
2021-06-01,Gasoline Stations,46633
2021-06-01,General Merchandise Stores,66169
2021-06-01,Health and Personal Care Stores,32334
2021-06-01,Miscellaneous Store Retailers,11999
2021-06-01,Motor Vehicle and Parts Dealers,125068
2021-06-01,Nonstore Retailers,91456
2021-06-01,Retail Trade Total,540152
2021-06-01,"Retail and food services sales, total",611950
2021-06-01,Retail sales and food services excl motor vehicle and parts,486882
2021-06-01,"Sporting Goods, Hobby, Musical Instrument, and Book Stores",8319
2021-06-01,Store(Offline),448696
2021-05-01,Building Mat. and Garden Equip. and Supplies Dealers,40226
2021-05-01,Clothing and Clothing Access. Stores,24044
2021-05-01,Electronics and Appliance Stores,7940
2021-05-01,Food and Beverage Stores,72713
2021-05-01,Furniture and Home Furnishings Stores,11580
2021-05-01,Gasoline Stations,45439
2021-05-01,General Merchandise Stores,66266
2021-05-01,Health and Personal Care Stores,31321
2021-05-01,Miscellaneous Store Retailers,11344
2021-05-01,Motor Vehicle and Parts Dealers,128164
2021-05-01,Nonstore Retailers,89170
2021-05-01,Retail Trade Total,536589
2021-05-01,"Retail and food services sales, total",605282
2021-05-01,Retail sales and food services excl motor vehicle and parts,477118
2021-05-01,"Sporting Goods, Hobby, Musical Instrument, and Book Stores",8382
2021-05-01,Store(Offline),447419
2021-04-01,Building Mat. and Garden Equip. and Supplies Dealers,41953
2021-04-01,Clothing and Clothing Access. Stores,23453
2021-04-01,Electronics and Appliance Stores,8092
2021-04-01,Food and Beverage Stores,72105
2021-04-01,Furniture and Home Furnishings Stores,11779
2021-04-01,Gasoline Stations,44854
2021-04-01,General Merchandise Stores,66804
2021-04-01,Health and Personal Care Stores,31957
2021-04-01,Miscellaneous Store Retailers,11858
2021-04-01,Motor Vehicle and Parts Dealers,130966
2021-04-01,Nonstore Retailers,89701
2021-04-01,Retail Trade Total,542199
2021-04-01,"Retail and food services sales, total",608961
2021-04-01,Retail sales and food services excl motor vehicle and parts,477995
2021-04-01,"Sporting Goods, Hobby, Musical Instrument, and Book Stores",8677
2021-04-01,Store(Offline),452498
2021-03-01,Building Mat. and Garden Equip. and Supplies Dealers,41910
2021-03-01,Clothing and Clothing Access. Stores,23506
2021-03-01,Electronics and Appliance Stores,8059
2021-03-01,Food and Beverage Stores,71566
2021-03-01,Furniture and Home Furnishings Stores,11734
2021-03-01,Gasoline Stations,46295
2021-03-01,General Merchandise Stores,66423
2021-03-01,Health and Personal Care Stores,32090
2021-03-01,Miscellaneous Store Retailers,11903
2021-03-01,Motor Vehicle and Parts Dealers,127776
2021-03-01,Nonstore Retailers,89520
2021-03-01,Retail Trade Total,539607
2021-03-01,"Retail and food services sales, total",603581
2021-03-01,Retail sales and food services excl motor vehicle and parts,475805
2021-03-01,"Sporting Goods, Hobby, Musical Instrument, and Book Stores",8825
2021-03-01,Store(Offline),450087
2021-02-01,Building Mat. and Garden Equip. and Supplies Dealers,36716
2021-02-01,Clothing and Clothing Access. Stores,19154
2021-02-01,Electronics and Appliance Stores,6869
2021-02-01,Food and Beverage Stores,71138
2021-02-01,Furniture and Home Furnishings Stores,10900
2021-02-01,Gasoline Stations,41568
2021-02-01,General Merchandise Stores,61624
2021-02-01,Health and Personal Care Stores,29636
2021-02-01,Miscellaneous Store Retailers,10680
2021-02-01,Motor Vehicle and Parts Dealers,108890
2021-02-01,Nonstore Retailers,84342
2021-02-01,Retail Trade Total,488805
2021-02-01,"Retail and food services sales, total",544891
2021-02-01,Retail sales and food services excl motor vehicle and parts,436001
2021-02-01,"Sporting Goods, Hobby, Musical Instrument, and Book Stores",7288
2021-02-01,Store(Offline),404463
2021-01-01,Building Mat. and Garden Equip. and Supplies Dealers,38530
2021-01-01,Clothing and Clothing Access. Stores,20099
2021-01-01,Electronics and Appliance Stores,7143
2021-01-01,Food and Beverage Stores,70898
2021-01-01,Furniture and Home Furnishings Stores,11555
2021-01-01,Gasoline Stations,40778
2021-01-01,General Merchandise Stores,64518
2021-01-01,Health and Personal Care Stores,29812
2021-01-01,Miscellaneous Store Retailers,10879
2021-01-01,Motor Vehicle and Parts Dealers,112757
2021-01-01,Nonstore Retailers,86557
2021-01-01,Retail Trade Total,501604
2021-01-01,"Retail and food services sales, total",559230
2021-01-01,Retail sales and food services excl motor vehicle and parts,446473
2021-01-01,"Sporting Goods, Hobby, Musical Instrument, and Book Stores",8078
2021-01-01,Store(Offline),415047
2020-12-01,Building Mat. and Garden Equip. and Supplies Dealers,36208
2020-12-01,Clothing and Clothing Access. Stores,19382
2020-12-01,Electronics and Appliance Stores,6315
2020-12-01,Food and Beverage Stores,69704
2020-12-01,Furniture and Home Furnishings Stores,10373
2020-12-01,Gasoline Stations,38762
2020-12-01,General Merchandise Stores,60844
2020-12-01,Health and Personal Care Stores,29717
2020-12-01,Miscellaneous Store Retailers,11013
2020-12-01,Motor Vehicle and Parts Dealers,109545
2020-12-01,Nonstore Retailers,86766
2020-12-01,Retail Trade Total,485949
2020-12-01,"Retail and food services sales, total",538548
2020-12-01,Retail sales and food services excl motor vehicle and parts,429003
2020-12-01,"Sporting Goods, Hobby, Musical Instrument, and Book Stores",7320
2020-12-01,Store(Offline),399183
2020-11-01,Building Mat. and Garden Equip. and Supplies Dealers,36236
2020-11-01,Clothing and Clothing Access. Stores,18596
2020-11-01,Electronics and Appliance Stores,6598
2020-11-01,Food and Beverage Stores,69946
2020-11-01,Furniture and Home Furnishings Stores,10188
2020-11-01,Gasoline Stations,35460
2020-11-01,General Merchandise Stores,60752
2020-11-01,Health and Personal Care Stores,29583
2020-11-01,Miscellaneous Store Retailers,10440
2020-11-01,Motor Vehicle and Parts Dealers,107494
2020-11-01,Nonstore Retailers,85531
2020-11-01,Retail Trade Total,478079
2020-11-01,"Retail and food services sales, total",533941
2020-11-01,Retail sales and food services excl motor vehicle and parts,426447
2020-11-01,"Sporting Goods, Hobby, Musical Instrument, and Book Stores",7255
2020-11-01,Store(Offline),392548
2020-10-01,Building Mat. and Garden Equip. and Supplies Dealers,36025
2020-10-01,Clothing and Clothing Access. Stores,19565
2020-10-01,Electronics and Appliance Stores,6870
2020-10-01,Food and Beverage Stores,69109
2020-10-01,Furniture and Home Furnishings Stores,10457
2020-10-01,Gasoline Stations,36464
2020-10-01,General Merchandise Stores,61057
2020-10-01,Health and Personal Care Stores,29987
2020-10-01,Miscellaneous Store Retailers,10351
2020-10-01,Motor Vehicle and Parts Dealers,108681
2020-10-01,Nonstore Retailers,84825
2020-10-01,Retail Trade Total,480763
2020-10-01,"Retail and food services sales, total",539114
2020-10-01,Retail sales and food services excl motor vehicle and parts,430433
2020-10-01,"Sporting Goods, Hobby, Musical Instrument, and Book Stores",7372
2020-10-01,Store(Offline),395938
2020-09-01,Building Mat. and Garden Equip. and Supplies Dealers,36584
2020-09-01,Clothing and Clothing Access. Stores,20047
2020-09-01,Electronics and Appliance Stores,6451
2020-09-01,Food and Beverage Stores,69533
2020-09-01,Furniture and Home Furnishings Stores,10576
2020-09-01,Gasoline Stations,36720
2020-09-01,General Merchandise Stores,61576
2020-09-01,Health and Personal Care Stores,30012
2020-09-01,Miscellaneous Store Retailers,10277
2020-09-01,Motor Vehicle and Parts Dealers,109319
2020-09-01,Nonstore Retailers,84138
2020-09-01,Retail Trade Total,482702
2020-09-01,"Retail and food services sales, total",541302
2020-09-01,Retail sales and food services excl motor vehicle and parts,431983
2020-09-01,"Sporting Goods, Hobby, Musical Instrument, and Book Stores",7469
2020-09-01,Store(Offline),398564
2020-08-01,Building Mat. and Garden Equip. and Supplies Dealers,36148
2020-08-01,Clothing and Clothing Access. Stores,17692
2020-08-01,Electronics and Appliance Stores,6644
2020-08-01,Food and Beverage Stores,69584
2020-08-01,Furniture and Home Furnishings Stores,10493
2020-08-01,Gasoline Stations,36279
2020-08-01,General Merchandise Stores,59991
2020-08-01,Health and Personal Care Stores,29524
2020-08-01,Miscellaneous Store Retailers,10196
2020-08-01,Motor Vehicle and Parts Dealers,105564
2020-08-01,Nonstore Retailers,84574
2020-08-01,Retail Trade Total,473696
2020-08-01,"Retail and food services sales, total",530735
2020-08-01,Retail sales and food services excl motor vehicle and parts,425171
2020-08-01,"Sporting Goods, Hobby, Musical Instrument, and Book Stores",7007
2020-08-01,Store(Offline),389122
2020-07-01,Building Mat. and Garden Equip. and Supplies Dealers,35761
2020-07-01,Clothing and Clothing Access. Stores,17379
2020-07-01,Electronics and Appliance Stores,6529
2020-07-01,Food and Beverage Stores,70602
2020-07-01,Furniture and Home Furnishings Stores,10012
2020-07-01,Gasoline Stations,35422
2020-07-01,General Merchandise Stores,61224
2020-07-01,Health and Personal Care Stores,30081
2020-07-01,Miscellaneous Store Retailers,10023
2020-07-01,Motor Vehicle and Parts Dealers,104887
2020-07-01,Nonstore Retailers,82421
2020-07-01,Retail Trade Total,471873
2020-07-01,"Retail and food services sales, total",526304
2020-07-01,Retail sales and food services excl motor vehicle and parts,421417
2020-07-01,"Sporting Goods, Hobby, Musical Instrument, and Book Stores",7532
2020-07-01,Store(Offline),389452
2020-06-01,Building Mat. and Garden Equip. and Supplies Dealers,36303
2020-06-01,Clothing and Clothing Access. Stores,16725
2020-06-01,Electronics and Appliance Stores,5731
2020-06-01,Food and Beverage Stores,70404
2020-06-01,Furniture and Home Furnishings Stores,9717
2020-06-01,Gasoline Stations,33786
2020-06-01,General Merchandise Stores,61339
2020-06-01,Health and Personal Care Stores,28472
2020-06-01,Miscellaneous Store Retailers,9535
2020-06-01,Motor Vehicle and Parts Dealers,105134
2020-06-01,Nonstore Retailers,80871
2020-06-01,Retail Trade Total,465800
2020-06-01,"Retail and food services sales, total",518038
2020-06-01,Retail sales and food services excl motor vehicle and parts,412904
2020-06-01,"Sporting Goods, Hobby, Musical Instrument, and Book Stores",7783
2020-06-01,Store(Offline),384929
2020-05-01,Building Mat. and Garden Equip. and Supplies Dealers,35988
2020-05-01,Clothing and Clothing Access. Stores,8051
2020-05-01,Electronics and Appliance Stores,4065
2020-05-01,Food and Beverage Stores,71627
2020-05-01,Furniture and Home Furnishings Stores,7023
2020-05-01,Gasoline Stations,29975
2020-05-01,General Merchandise Stores,60729
2020-05-01,Health and Personal Care Stores,26601
2020-05-01,Miscellaneous Store Retailers,7804
2020-05-01,Motor Vehicle and Parts Dealers,96823
2020-05-01,Nonstore Retailers,83106
2020-05-01,Retail Trade Total,437957
2020-05-01,"Retail and food services sales, total",478449
2020-05-01,Retail sales and food services excl motor vehicle and parts,381626
2020-05-01,"Sporting Goods, Hobby, Musical Instrument, and Book Stores",6165
2020-05-01,Store(Offline),354851
2020-04-01,Building Mat. and Garden Equip. and Supplies Dealers,31576
2020-04-01,Clothing and Clothing Access. Stores,2733
2020-04-01,Electronics and Appliance Stores,3297
2020-04-01,Food and Beverage Stores,70473
2020-04-01,Furniture and Home Furnishings Stores,3885
2020-04-01,Gasoline Stations,26904
2020-04-01,General Merchandise Stores,55848
2020-04-01,Health and Personal Care Stores,26149
2020-04-01,Miscellaneous Store Retailers,6290
2020-04-01,Motor Vehicle and Parts Dealers,64335
2020-04-01,Nonstore Retailers,75270
2020-04-01,Retail Trade Total,370296
2020-04-01,"Retail and food services sales, total",401028
2020-04-01,Retail sales and food services excl motor vehicle and parts,336693
2020-04-01,"Sporting Goods, Hobby, Musical Instrument, and Book Stores",3536
2020-04-01,Store(Offline),295026
2020-03-01,Building Mat. and Garden Equip. and Supplies Dealers,31761
2020-03-01,Clothing and Clothing Access. Stores,11074
2020-03-01,Electronics and Appliance Stores,5915
2020-03-01,Food and Beverage Stores,81129
2020-03-01,Furniture and Home Furnishings Stores,7819
2020-03-01,Gasoline Stations,34937
2020-03-01,General Merchandise Stores,62265
2020-03-01,Health and Personal Care Stores,30701
2020-03-01,Miscellaneous Store Retailers,8655
2020-03-01,Motor Vehicle and Parts Dealers,74573
2020-03-01,Nonstore Retailers,66854
2020-03-01,Retail Trade Total,420954
2020-03-01,"Retail and food services sales, total",468324
2020-03-01,Retail sales and food services excl motor vehicle and parts,393751
2020-03-01,"Sporting Goods, Hobby, Musical Instrument, and Book Stores",5271
2020-03-01,Store(Offline),354100
2020-02-01,Building Mat. and Garden Equip. and Supplies Dealers,31846
2020-02-01,Clothing and Clothing Access. Stores,22039
2020-02-01,Electronics and Appliance Stores,7215
2020-02-01,Food and Beverage Stores,64173
2020-02-01,Furniture and Home Furnishings Stores,10025
2020-02-01,Gasoline Stations,41373
2020-02-01,General Merchandise Stores,60606
2020-02-01,Health and Personal Care Stores,29230
2020-02-01,Miscellaneous Store Retailers,10329
2020-02-01,Motor Vehicle and Parts Dealers,101452
2020-02-01,Nonstore Retailers,63299
2020-02-01,Retail Trade Total,447972
2020-02-01,"Retail and food services sales, total",515330
2020-02-01,Retail sales and food services excl motor vehicle and parts,413878
2020-02-01,"Sporting Goods, Hobby, Musical Instrument, and Book Stores",6385
2020-02-01,Store(Offline),384673
2020-01-01,Building Mat. and Garden Equip. and Supplies Dealers,31869
2020-01-01,Clothing and Clothing Access. Stores,22198
2020-01-01,Electronics and Appliance Stores,7309
2020-01-01,Food and Beverage Stores,64016
2020-01-01,Furniture and Home Furnishings Stores,10193
2020-01-01,Gasoline Stations,43191
2020-01-01,General Merchandise Stores,60010
2020-01-01,Health and Personal Care Stores,28935
2020-01-01,Miscellaneous Store Retailers,10333
2020-01-01,Motor Vehicle and Parts Dealers,100852
2020-01-01,Nonstore Retailers,62449
2020-01-01,Retail Trade Total,447774
2020-01-01,"Retail and food services sales, total",515119
2020-01-01,Retail sales and food services excl motor vehicle and parts,414267
2020-01-01,"Sporting Goods, Hobby, Musical Instrument, and Book Stores",6419
2020-01-01,Store(Offline),385325
2019-12-01,Building Mat. and Garden Equip. and Supplies Dealers,31358
2019-12-01,Clothing and Clothing Access. Stores,22475
2019-12-01,Electronics and Appliance Stores,7442
2019-12-01,Food and Beverage Stores,64688
2019-12-01,Furniture and Home Furnishings Stores,9978
2019-12-01,Gasoline Stations,44040
2019-12-01,General Merchandise Stores,61028
2019-12-01,Health and Personal Care Stores,28126
2019-12-01,Miscellaneous Store Retailers,10100
2019-12-01,Motor Vehicle and Parts Dealers,102252
2019-12-01,Nonstore Retailers,61752
2019-12-01,Retail Trade Total,449643
2019-12-01,"Retail and food services sales, total",515866
2019-12-01,Retail sales and food services excl motor vehicle and parts,413614
2019-12-01,"Sporting Goods, Hobby, Musical Instrument, and Book Stores",6404
2019-12-01,Store(Offline),387891
2019-11-01,Building Mat. and Garden Equip. and Supplies Dealers,30895
2019-11-01,Clothing and Clothing Access. Stores,21674
2019-11-01,Electronics and Appliance Stores,7420
2019-11-01,Food and Beverage Stores,64286
2019-11-01,Furniture and Home Furnishings Stores,9981
2019-11-01,Gasoline Stations,42782
2019-11-01,General Merchandise Stores,60371
2019-11-01,Health and Personal Care Stores,28465
2019-11-01,Miscellaneous Store Retailers,10280
2019-11-01,Motor Vehicle and Parts Dealers,104489
2019-11-01,Nonstore Retailers,62194
2019-11-01,Retail Trade Total,449040
2019-11-01,"Retail and food services sales, total",514215
2019-11-01,Retail sales and food services excl motor vehicle and parts,409726
2019-11-01,"Sporting Goods, Hobby, Musical Instrument, and Book Stores",6203
2019-11-01,Store(Offline),386846
2019-10-01,Building Mat. and Garden Equip. and Supplies Dealers,30876
2019-10-01,Clothing and Clothing Access. Stores,21693
2019-10-01,Electronics and Appliance Stores,7392
2019-10-01,Food and Beverage Stores,64094
2019-10-01,Furniture and Home Furnishings Stores,9918
2019-10-01,Gasoline Stations,42908
2019-10-01,General Merchandise Stores,59602
2019-10-01,Health and Personal Care Stores,28704
2019-10-01,Miscellaneous Store Retailers,10094
2019-10-01,Motor Vehicle and Parts Dealers,101871
2019-10-01,Nonstore Retailers,62048
2019-10-01,Retail Trade Total,445627
2019-10-01,"Retail and food services sales, total",510648
2019-10-01,Retail sales and food services excl motor vehicle and parts,408777
2019-10-01,"Sporting Goods, Hobby, Musical Instrument, and Book Stores",6427
2019-10-01,Store(Offline),383579
2019-09-01,Building Mat. and Garden Equip. and Supplies Dealers,30945
2019-09-01,Clothing and Clothing Access. Stores,21645
2019-09-01,Electronics and Appliance Stores,7455
2019-09-01,Food and Beverage Stores,64250
2019-09-01,Furniture and Home Furnishings Stores,10045
2019-09-01,Gasoline Stations,42480
2019-09-01,General Merchandise Stores,59258
2019-09-01,Health and Personal Care Stores,28425
2019-09-01,Miscellaneous Store Retailers,9951
2019-09-01,Motor Vehicle and Parts Dealers,101747
2019-09-01,Nonstore Retailers,61977
2019-09-01,Retail Trade Total,444555
2019-09-01,"Retail and food services sales, total",509282
2019-09-01,Retail sales and food services excl motor vehicle and parts,407535
2019-09-01,"Sporting Goods, Hobby, Musical Instrument, and Book Stores",6377
2019-09-01,Store(Offline),382578
2019-08-01,Building Mat. and Garden Equip. and Supplies Dealers,31270
2019-08-01,Clothing and Clothing Access. Stores,21882
2019-08-01,Electronics and Appliance Stores,7455
2019-08-01,Food and Beverage Stores,64829
2019-08-01,Furniture and Home Furnishings Stores,9897
2019-08-01,Gasoline Stations,42757
2019-08-01,General Merchandise Stores,59690
2019-08-01,Health and Personal Care Stores,28493
2019-08-01,Miscellaneous Store Retailers,10023
2019-08-01,Motor Vehicle and Parts Dealers,104265
2019-08-01,Nonstore Retailers,61553
2019-08-01,Retail Trade Total,448519
2019-08-01,"Retail and food services sales, total",512561
2019-08-01,Retail sales and food services excl motor vehicle and parts,408296
2019-08-01,"Sporting Goods, Hobby, Musical Instrument, and Book Stores",6405
2019-08-01,Store(Offline),386966
2019-07-01,Building Mat. and Garden Equip. and Supplies Dealers,30915
2019-07-01,Clothing and Clothing Access. Stores,21862
2019-07-01,Electronics and Appliance Stores,7487
2019-07-01,Food and Beverage Stores,64700
2019-07-01,Furniture and Home Furnishings Stores,9917
2019-07-01,Gasoline Stations,42748
2019-07-01,General Merchandise Stores,60016
2019-07-01,Health and Personal Care Stores,28497
2019-07-01,Miscellaneous Store Retailers,9842
2019-07-01,Motor Vehicle and Parts Dealers,101891
2019-07-01,Nonstore Retailers,61085
2019-07-01,Retail Trade Total,445304
2019-07-01,"Retail and food services sales, total",509091
2019-07-01,Retail sales and food services excl motor vehicle and parts,407200
2019-07-01,"Sporting Goods, Hobby, Musical Instrument, and Book Stores",6344
2019-07-01,Store(Offline),384219
2019-06-01,Building Mat. and Garden Equip. and Supplies Dealers,30417
2019-06-01,Clothing and Clothing Access. Stores,21582
2019-06-01,Electronics and Appliance Stores,7477
2019-06-01,Food and Beverage Stores,64087
2019-06-01,Furniture and Home Furnishings Stores,9891
2019-06-01,Gasoline Stations,42168
2019-06-01,General Merchandise Stores,59281
2019-06-01,Health and Personal Care Stores,28636
2019-06-01,Miscellaneous Store Retailers,9947
2019-06-01,Motor Vehicle and Parts Dealers,101400
2019-06-01,Nonstore Retailers,60778
2019-06-01,Retail Trade Total,442116
2019-06-01,"Retail and food services sales, total",505251
2019-06-01,Retail sales and food services excl motor vehicle and parts,403851
2019-06-01,"Sporting Goods, Hobby, Musical Instrument, and Book Stores",6452
2019-06-01,Store(Offline),381338
2019-05-01,Building Mat. and Garden Equip. and Supplies Dealers,30423
2019-05-01,Clothing and Clothing Access. Stores,21580
2019-05-01,Electronics and Appliance Stores,7517
2019-05-01,Food and Beverage Stores,63678
2019-05-01,Furniture and Home Furnishings Stores,9839
2019-05-01,Gasoline Stations,43834
2019-05-01,General Merchandise Stores,59100
2019-05-01,Health and Personal Care Stores,28791
2019-05-01,Miscellaneous Store Retailers,9962
2019-05-01,Motor Vehicle and Parts Dealers,101343
2019-05-01,Nonstore Retailers,60039
2019-05-01,Retail Trade Total,442514
2019-05-01,"Retail and food services sales, total",504741
2019-05-01,Retail sales and food services excl motor vehicle and parts,403398
2019-05-01,"Sporting Goods, Hobby, Musical Instrument, and Book Stores",6408
2019-05-01,Store(Offline),382475
2019-04-01,Building Mat. and Garden Equip. and Supplies Dealers,30643
2019-04-01,Clothing and Clothing Access. Stores,21771
2019-04-01,Electronics and Appliance Stores,7353
2019-04-01,Food and Beverage Stores,63689
2019-04-01,Furniture and Home Furnishings Stores,9765
2019-04-01,Gasoline Stations,44430
2019-04-01,General Merchandise Stores,59110
2019-04-01,Health and Personal Care Stores,28584
2019-04-01,Miscellaneous Store Retailers,9799
2019-04-01,Motor Vehicle and Parts Dealers,99558
2019-04-01,Nonstore Retailers,56648
2019-04-01,Retail Trade Total,437735
2019-04-01,"Retail and food services sales, total",499343
2019-04-01,Retail sales and food services excl motor vehicle and parts,399785
2019-04-01,"Sporting Goods, Hobby, Musical Instrument, and Book Stores",6385
2019-04-01,Store(Offline),381087
2019-03-01,Building Mat. and Garden Equip. and Supplies Dealers,30625
2019-03-01,Clothing and Clothing Access. Stores,21833
2019-03-01,Electronics and Appliance Stores,7548
2019-03-01,Food and Beverage Stores,63417
2019-03-01,Furniture and Home Furnishings Stores,9708
2019-03-01,Gasoline Stations,43173
2019-03-01,General Merchandise Stores,59302
2019-03-01,Health and Personal Care Stores,28653
2019-03-01,Miscellaneous Store Retailers,9623
2019-03-01,Motor Vehicle and Parts Dealers,101705
2019-03-01,Nonstore Retailers,56344
2019-03-01,Retail Trade Total,438196
2019-03-01,"Retail and food services sales, total",499292
2019-03-01,Retail sales and food services excl motor vehicle and parts,397587
2019-03-01,"Sporting Goods, Hobby, Musical Instrument, and Book Stores",6265
2019-03-01,Store(Offline),381852
2019-02-01,Building Mat. and Garden Equip. and Supplies Dealers,30290
2019-02-01,Clothing and Clothing Access. Stores,21504
2019-02-01,Electronics and Appliance Stores,7509
2019-02-01,Food and Beverage Stores,62322
2019-02-01,Furniture and Home Furnishings Stores,9595
2019-02-01,Gasoline Stations,41418
2019-02-01,General Merchandise Stores,58544
2019-02-01,Health and Personal Care Stores,28763
2019-02-01,Miscellaneous Store Retailers,9518
2019-02-01,Motor Vehicle and Parts Dealers,98970
2019-02-01,Nonstore Retailers,56531
2019-02-01,Retail Trade Total,431194
2019-02-01,"Retail and food services sales, total",491751
2019-02-01,Retail sales and food services excl motor vehicle and parts,392781
2019-02-01,"Sporting Goods, Hobby, Musical Instrument, and Book Stores",6230
2019-02-01,Store(Offline),374663
2019-01-01,Building Mat. and Garden Equip. and Supplies Dealers,31817
2019-01-01,Clothing and Clothing Access. Stores,21463
2019-01-01,Electronics and Appliance Stores,7604
2019-01-01,Food and Beverage Stores,63542
2019-01-01,Furniture and Home Furnishings Stores,9580
2019-01-01,Gasoline Stations,39843
2019-01-01,General Merchandise Stores,58583
2019-01-01,Health and Personal Care Stores,28419
2019-01-01,Miscellaneous Store Retailers,9387
2019-01-01,Motor Vehicle and Parts Dealers,97739
2019-01-01,Nonstore Retailers,56103
2019-01-01,Retail Trade Total,430246
2019-01-01,"Retail and food services sales, total",490440
2019-01-01,Retail sales and food services excl motor vehicle and parts,392701
2019-01-01,"Sporting Goods, Hobby, Musical Instrument, and Book Stores",6166
2019-01-01,Store(Offline),374143
2018-12-01,Building Mat. and Garden Equip. and Supplies Dealers,30713
2018-12-01,Clothing and Clothing Access. Stores,21565
2018-12-01,Electronics and Appliance Stores,7548
2018-12-01,Food and Beverage Stores,62625
2018-12-01,Furniture and Home Furnishings Stores,9839
2018-12-01,Gasoline Stations,40956
2018-12-01,General Merchandise Stores,60450
2018-12-01,Health and Personal Care Stores,27554
2018-12-01,Miscellaneous Store Retailers,9591
2018-12-01,Motor Vehicle and Parts Dealers,100620
2018-12-01,Nonstore Retailers,51416
2018-12-01,Retail Trade Total,428932
2018-12-01,"Retail and food services sales, total",489113
2018-12-01,Retail sales and food services excl motor vehicle and parts,388493
2018-12-01,"Sporting Goods, Hobby, Musical Instrument, and Book Stores",6055
2018-12-01,Store(Offline),377516
2018-11-01,Building Mat. and Garden Equip. and Supplies Dealers,30743
2018-11-01,Clothing and Clothing Access. Stores,21895
2018-11-01,Electronics and Appliance Stores,7649
2018-11-01,Food and Beverage Stores,62620
2018-11-01,Furniture and Home Furnishings Stores,9727
2018-11-01,Gasoline Stations,43449
2018-11-01,General Merchandise Stores,60150
2018-11-01,Health and Personal Care Stores,28760
2018-11-01,Miscellaneous Store Retailers,9758
2018-11-01,Motor Vehicle and Parts Dealers,99709
2018-11-01,Nonstore Retailers,57991
2018-11-01,Retail Trade Total,438612
2018-11-01,"Retail and food services sales, total",498854
2018-11-01,Retail sales and food services excl motor vehicle and parts,399145
2018-11-01,"Sporting Goods, Hobby, Musical Instrument, and Book Stores",6161
2018-11-01,Store(Offline),380621
2018-10-01,Building Mat. and Garden Equip. and Supplies Dealers,31386
2018-10-01,Clothing and Clothing Access. Stores,21841
2018-10-01,Electronics and Appliance Stores,7684
2018-10-01,Food and Beverage Stores,62440
2018-10-01,Furniture and Home Furnishings Stores,9707
2018-10-01,Gasoline Stations,45827
2018-10-01,General Merchandise Stores,58847
2018-10-01,Health and Personal Care Stores,28240
2018-10-01,Miscellaneous Store Retailers,9774
2018-10-01,Motor Vehicle and Parts Dealers,98586
2018-10-01,Nonstore Retailers,55451
2018-10-01,Retail Trade Total,435894
2018-10-01,"Retail and food services sales, total",496416
2018-10-01,Retail sales and food services excl motor vehicle and parts,397830
2018-10-01,"Sporting Goods, Hobby, Musical Instrument, and Book Stores",6111
2018-10-01,Store(Offline),380443
2018-09-01,Building Mat. and Garden Equip. and Supplies Dealers,30883
2018-09-01,Clothing and Clothing Access. Stores,21405
2018-09-01,Electronics and Appliance Stores,7649
2018-09-01,Food and Beverage Stores,62220
2018-09-01,Furniture and Home Furnishings Stores,9676
2018-09-01,Gasoline Stations,44136
2018-09-01,General Merchandise Stores,58557
2018-09-01,Health and Personal Care Stores,27963
2018-09-01,Miscellaneous Store Retailers,9553
2018-09-01,Motor Vehicle and Parts Dealers,98044
2018-09-01,Nonstore Retailers,55239
2018-09-01,Retail Trade Total,431438
2018-09-01,"Retail and food services sales, total",491507
2018-09-01,Retail sales and food services excl motor vehicle and parts,393463
2018-09-01,"Sporting Goods, Hobby, Musical Instrument, and Book Stores",6113
2018-09-01,Store(Offline),376199
2018-08-01,Building Mat. and Garden Equip. and Supplies Dealers,30714
2018-08-01,Clothing and Clothing Access. Stores,21516
2018-08-01,Electronics and Appliance Stores,7792
2018-08-01,Food and Beverage Stores,61825
2018-08-01,Furniture and Home Furnishings Stores,9676
2018-08-01,Gasoline Stations,44634
2018-08-01,General Merchandise Stores,58682
2018-08-01,Health and Personal Care Stores,28105
2018-08-01,Miscellaneous Store Retailers,9531
2018-08-01,Motor Vehicle and Parts Dealers,98656
2018-08-01,Nonstore Retailers,54696
2018-08-01,Retail Trade Total,432031
2018-08-01,"Retail and food services sales, total",493445
2018-08-01,Retail sales and food services excl motor vehicle and parts,394789
2018-08-01,"Sporting Goods, Hobby, Musical Instrument, and Book Stores",6204
2018-08-01,Store(Offline),377335
2018-07-01,Building Mat. and Garden Equip. and Supplies Dealers,31095
2018-07-01,Clothing and Clothing Access. Stores,21947
2018-07-01,Electronics and Appliance Stores,7737
2018-07-01,Food and Beverage Stores,61984
2018-07-01,Furniture and Home Furnishings Stores,9811
2018-07-01,Gasoline Stations,43909
2018-07-01,General Merchandise Stores,58409
2018-07-01,Health and Personal Care Stores,27854
2018-07-01,Miscellaneous Store Retailers,9360
2018-07-01,Motor Vehicle and Parts Dealers,99315
2018-07-01,Nonstore Retailers,54383
2018-07-01,Retail Trade Total,432070
2018-07-01,"Retail and food services sales, total",493142
2018-07-01,Retail sales and food services excl motor vehicle and parts,393827
2018-07-01,"Sporting Goods, Hobby, Musical Instrument, and Book Stores",6266
2018-07-01,Store(Offline),377687
2018-06-01,Building Mat. and Garden Equip. and Supplies Dealers,30962
2018-06-01,Clothing and Clothing Access. Stores,21628
2018-06-01,Electronics and Appliance Stores,7828
2018-06-01,Food and Beverage Stores,61637
2018-06-01,Furniture and Home Furnishings Stores,9760
2018-06-01,Gasoline Stations,43721
2018-06-01,General Merchandise Stores,58154
2018-06-01,Health and Personal Care Stores,27714
2018-06-01,Miscellaneous Store Retailers,9689
2018-06-01,Motor Vehicle and Parts Dealers,98841
2018-06-01,Nonstore Retailers,53515
2018-06-01,Retail Trade Total,430008
2018-06-01,"Retail and food services sales, total",490228
2018-06-01,Retail sales and food services excl motor vehicle and parts,391387
2018-06-01,"Sporting Goods, Hobby, Musical Instrument, and Book Stores",6559
2018-06-01,Store(Offline),376493
2018-05-01,Building Mat. and Garden Equip. and Supplies Dealers,30464
2018-05-01,Clothing and Clothing Access. Stores,22172
2018-05-01,Electronics and Appliance Stores,7791
2018-05-01,Food and Beverage Stores,61824
2018-05-01,Furniture and Home Furnishings Stores,9718
2018-05-01,Gasoline Stations,43955
2018-05-01,General Merchandise Stores,59161
2018-05-01,Health and Personal Care Stores,28029
2018-05-01,Miscellaneous Store Retailers,9748
2018-05-01,Motor Vehicle and Parts Dealers,99291
2018-05-01,Nonstore Retailers,53427
2018-05-01,Retail Trade Total,432340
2018-05-01,"Retail and food services sales, total",491960
2018-05-01,Retail sales and food services excl motor vehicle and parts,392669
2018-05-01,"Sporting Goods, Hobby, Musical Instrument, and Book Stores",6760
2018-05-01,Store(Offline),378913
2018-04-01,Building Mat. and Garden Equip. and Supplies Dealers,29637
2018-04-01,Clothing and Clothing Access. Stores,21458
2018-04-01,Electronics and Appliance Stores,7825
2018-04-01,Food and Beverage Stores,61725
2018-04-01,Furniture and Home Furnishings Stores,9799
2018-04-01,Gasoline Stations,42962
2018-04-01,General Merchandise Stores,57257
2018-04-01,Health and Personal Care Stores,27542
2018-04-01,Miscellaneous Store Retailers,9561
2018-04-01,Motor Vehicle and Parts Dealers,98390
2018-04-01,Nonstore Retailers,52970
2018-04-01,Retail Trade Total,425899
2018-04-01,"Retail and food services sales, total",484154
2018-04-01,Retail sales and food services excl motor vehicle and parts,385764
2018-04-01,"Sporting Goods, Hobby, Musical Instrument, and Book Stores",6773
2018-04-01,Store(Offline),372929
2018-03-01,Building Mat. and Garden Equip. and Supplies Dealers,29427
2018-03-01,Clothing and Clothing Access. Stores,21144
2018-03-01,Electronics and Appliance Stores,7752
2018-03-01,Food and Beverage Stores,61612
2018-03-01,Furniture and Home Furnishings Stores,9673
2018-03-01,Gasoline Stations,42824
2018-03-01,General Merchandise Stores,58257
2018-03-01,Health and Personal Care Stores,27273
2018-03-01,Miscellaneous Store Retailers,9512
2018-03-01,Motor Vehicle and Parts Dealers,98338
2018-03-01,Nonstore Retailers,52430
2018-03-01,Retail Trade Total,425087
2018-03-01,"Retail and food services sales, total",484110
2018-03-01,Retail sales and food services excl motor vehicle and parts,385772
2018-03-01,"Sporting Goods, Hobby, Musical Instrument, and Book Stores",6845
2018-03-01,Store(Offline),372657
2018-02-01,Building Mat. and Garden Equip. and Supplies Dealers,29754
2018-02-01,Clothing and Clothing Access. Stores,21771
2018-02-01,Electronics and Appliance Stores,7826
2018-02-01,Food and Beverage Stores,61438
2018-02-01,Furniture and Home Furnishings Stores,9657
2018-02-01,Gasoline Stations,43090
2018-02-01,General Merchandise Stores,58548
2018-02-01,Health and Personal Care Stores,27097
2018-02-01,Miscellaneous Store Retailers,9679
2018-02-01,Motor Vehicle and Parts Dealers,98170
2018-02-01,Nonstore Retailers,51683
2018-02-01,Retail Trade Total,425507
2018-02-01,"Retail and food services sales, total",484031
2018-02-01,Retail sales and food services excl motor vehicle and parts,385861
2018-02-01,"Sporting Goods, Hobby, Musical Instrument, and Book Stores",6794
2018-02-01,Store(Offline),373824
2018-01-01,Building Mat. and Garden Equip. and Supplies Dealers,28805
2018-01-01,Clothing and Clothing Access. Stores,21245
2018-01-01,Electronics and Appliance Stores,7725
2018-01-01,Food and Beverage Stores,61133
2018-01-01,Furniture and Home Furnishings Stores,9633
2018-01-01,Gasoline Stations,42765
2018-01-01,General Merchandise Stores,58362
2018-01-01,Health and Personal Care Stores,27252
2018-01-01,Miscellaneous Store Retailers,9727
2018-01-01,Motor Vehicle and Parts Dealers,98428
2018-01-01,Nonstore Retailers,51630
2018-01-01,Retail Trade Total,423202
2018-01-01,"Retail and food services sales, total",481414
2018-01-01,Retail sales and food services excl motor vehicle and parts,382986
2018-01-01,"Sporting Goods, Hobby, Musical Instrument, and Book Stores",6497
2018-01-01,Store(Offline),371572
2017-12-01,Building Mat. and Garden Equip. and Supplies Dealers,29848
2017-12-01,Clothing and Clothing Access. Stores,21213
2017-12-01,Electronics and Appliance Stores,7685
2017-12-01,Food and Beverage Stores,61701
2017-12-01,Furniture and Home Furnishings Stores,9834
2017-12-01,Gasoline Stations,42631
2017-12-01,General Merchandise Stores,58118
2017-12-01,Health and Personal Care Stores,27236
2017-12-01,Miscellaneous Store Retailers,9586
2017-12-01,Motor Vehicle and Parts Dealers,99075
2017-12-01,Nonstore Retailers,51829
2017-12-01,Retail Trade Total,425545
2017-12-01,"Retail and food services sales, total",483586
2017-12-01,Retail sales and food services excl motor vehicle and parts,384511
2017-12-01,"Sporting Goods, Hobby, Musical Instrument, and Book Stores",6789
2017-12-01,Store(Offline),373716
2017-11-01,Building Mat. and Garden Equip. and Supplies Dealers,29817
2017-11-01,Clothing and Clothing Access. Stores,21447
2017-11-01,Electronics and Appliance Stores,7782
2017-11-01,Food and Beverage Stores,61008
2017-11-01,Furniture and Home Furnishings Stores,9711
2017-11-01,Gasoline Stations,41745
2017-11-01,General Merchandise Stores,57819
2017-11-01,Health and Personal Care Stores,27385
2017-11-01,Miscellaneous Store Retailers,9490
2017-11-01,Motor Vehicle and Parts Dealers,99233
2017-11-01,Nonstore Retailers,50970
2017-11-01,Retail Trade Total,423224
2017-11-01,"Retail and food services sales, total",480949
2017-11-01,Retail sales and food services excl motor vehicle and parts,381716
2017-11-01,"Sporting Goods, Hobby, Musical Instrument, and Book Stores",6817
2017-11-01,Store(Offline),372254
2017-10-01,Building Mat. and Garden Equip. and Supplies Dealers,29325
2017-10-01,Clothing and Clothing Access. Stores,21197
2017-10-01,Electronics and Appliance Stores,7592
2017-10-01,Food and Beverage Stores,60973
2017-10-01,Furniture and Home Furnishings Stores,9609
2017-10-01,Gasoline Stations,40735
2017-10-01,General Merchandise Stores,57841
2017-10-01,Health and Personal Care Stores,27240
2017-10-01,Miscellaneous Store Retailers,9262
2017-10-01,Motor Vehicle and Parts Dealers,100056
2017-10-01,Nonstore Retailers,48440
2017-10-01,Retail Trade Total,418999
2017-10-01,"Retail and food services sales, total",476107
2017-10-01,Retail sales and food services excl motor vehicle and parts,376051
2017-10-01,"Sporting Goods, Hobby, Musical Instrument, and Book Stores",6729
2017-10-01,Store(Offline),370559
2017-09-01,Building Mat. and Garden Equip. and Supplies Dealers,29783
2017-09-01,Clothing and Clothing Access. Stores,21294
2017-09-01,Electronics and Appliance Stores,7536
2017-09-01,Food and Beverage Stores,60750
2017-09-01,Furniture and Home Furnishings Stores,9346
2017-09-01,Gasoline Stations,40734
2017-09-01,General Merchandise Stores,58242
2017-09-01,Health and Personal Care Stores,27068
2017-09-01,Miscellaneous Store Retailers,9270
2017-09-01,Motor Vehicle and Parts Dealers,99355
2017-09-01,Nonstore Retailers,48930
2017-09-01,Retail Trade Total,419021
2017-09-01,"Retail and food services sales, total",475724
2017-09-01,Retail sales and food services excl motor vehicle and parts,376369
2017-09-01,"Sporting Goods, Hobby, Musical Instrument, and Book Stores",6713
2017-09-01,Store(Offline),370091
2017-08-01,Building Mat. and Garden Equip. and Supplies Dealers,28700
2017-08-01,Clothing and Clothing Access. Stores,21186
2017-08-01,Electronics and Appliance Stores,7469
2017-08-01,Food and Beverage Stores,60129
2017-08-01,Furniture and Home Furnishings Stores,9390
2017-08-01,Gasoline Stations,38539
2017-08-01,General Merchandise Stores,57461
2017-08-01,Health and Personal Care Stores,26985
2017-08-01,Miscellaneous Store Retailers,9152
2017-08-01,Motor Vehicle and Parts Dealers,95539
2017-08-01,Nonstore Retailers,48419
2017-08-01,Retail Trade Total,409606
2017-08-01,"Retail and food services sales, total",466020
2017-08-01,Retail sales and food services excl motor vehicle and parts,370481
2017-08-01,"Sporting Goods, Hobby, Musical Instrument, and Book Stores",6637
2017-08-01,Store(Offline),361187
2017-07-01,Building Mat. and Garden Equip. and Supplies Dealers,28732
2017-07-01,Clothing and Clothing Access. Stores,21073
2017-07-01,Electronics and Appliance Stores,7474
2017-07-01,Food and Beverage Stores,59772
2017-07-01,Furniture and Home Furnishings Stores,9316
2017-07-01,Gasoline Stations,37358
2017-07-01,General Merchandise Stores,57399
2017-07-01,Health and Personal Care Stores,26714
2017-07-01,Miscellaneous Store Retailers,9200
2017-07-01,Motor Vehicle and Parts Dealers,97361
2017-07-01,Nonstore Retailers,48145
2017-07-01,Retail Trade Total,409113
2017-07-01,"Retail and food services sales, total",465089
2017-07-01,Retail sales and food services excl motor vehicle and parts,367728
2017-07-01,"Sporting Goods, Hobby, Musical Instrument, and Book Stores",6569
2017-07-01,Store(Offline),360968
2017-06-01,Building Mat. and Garden Equip. and Supplies Dealers,28571
2017-06-01,Clothing and Clothing Access. Stores,21201
2017-06-01,Electronics and Appliance Stores,7543
2017-06-01,Food and Beverage Stores,59797
2017-06-01,Furniture and Home Furnishings Stores,9373
2017-06-01,Gasoline Stations,37374
2017-06-01,General Merchandise Stores,57723
2017-06-01,Health and Personal Care Stores,26668
2017-06-01,Miscellaneous Store Retailers,9016
2017-06-01,Motor Vehicle and Parts Dealers,97254
2017-06-01,Nonstore Retailers,47858
2017-06-01,Retail Trade Total,409067
2017-06-01,"Retail and food services sales, total",465130
2017-06-01,Retail sales and food services excl motor vehicle and parts,367876
2017-06-01,"Sporting Goods, Hobby, Musical Instrument, and Book Stores",6689
2017-06-01,Store(Offline),361209
2017-05-01,Building Mat. and Garden Equip. and Supplies Dealers,28534
2017-05-01,Clothing and Clothing Access. Stores,21057
2017-05-01,Electronics and Appliance Stores,7622
2017-05-01,Food and Beverage Stores,59935
2017-05-01,Furniture and Home Furnishings Stores,9285
2017-05-01,Gasoline Stations,38039
2017-05-01,General Merchandise Stores,56327
2017-05-01,Health and Personal Care Stores,26452
2017-05-01,Miscellaneous Store Retailers,9044
2017-05-01,Motor Vehicle and Parts Dealers,96227
2017-05-01,Nonstore Retailers,47403
2017-05-01,Retail Trade Total,406609
2017-05-01,"Retail and food services sales, total",462754
2017-05-01,Retail sales and food services excl motor vehicle and parts,366527
2017-05-01,"Sporting Goods, Hobby, Musical Instrument, and Book Stores",6684
2017-05-01,Store(Offline),359206
2017-04-01,Building Mat. and Garden Equip. and Supplies Dealers,28835
2017-04-01,Clothing and Clothing Access. Stores,21292
2017-04-01,Electronics and Appliance Stores,7771
2017-04-01,Food and Beverage Stores,59909
2017-04-01,Furniture and Home Furnishings Stores,9204
2017-04-01,Gasoline Stations,39603
2017-04-01,General Merchandise Stores,57431
2017-04-01,Health and Personal Care Stores,26376
2017-04-01,Miscellaneous Store Retailers,9194
2017-04-01,Motor Vehicle and Parts Dealers,95953
2017-04-01,Nonstore Retailers,46803
2017-04-01,Retail Trade Total,409134
2017-04-01,"Retail and food services sales, total",465276
2017-04-01,Retail sales and food services excl motor vehicle and parts,369323
2017-04-01,"Sporting Goods, Hobby, Musical Instrument, and Book Stores",6763
2017-04-01,Store(Offline),362331
2017-03-01,Building Mat. and Garden Equip. and Supplies Dealers,28506
2017-03-01,Clothing and Clothing Access. Stores,21246
2017-03-01,Electronics and Appliance Stores,7685
2017-03-01,Food and Beverage Stores,59722
2017-03-01,Furniture and Home Furnishings Stores,9352
2017-03-01,Gasoline Stations,39843
2017-03-01,General Merchandise Stores,57406
2017-03-01,Health and Personal Care Stores,26174
2017-03-01,Miscellaneous Store Retailers,9163
2017-03-01,Motor Vehicle and Parts Dealers,95402
2017-03-01,Nonstore Retailers,46412
2017-03-01,Retail Trade Total,407630
2017-03-01,"Retail and food services sales, total",463674
2017-03-01,Retail sales and food services excl motor vehicle and parts,368272
2017-03-01,"Sporting Goods, Hobby, Musical Instrument, and Book Stores",6719
2017-03-01,Store(Offline),361218
2017-02-01,Building Mat. and Garden Equip. and Supplies Dealers,28684
2017-02-01,Clothing and Clothing Access. Stores,21101
2017-02-01,Electronics and Appliance Stores,7505
2017-02-01,Food and Beverage Stores,59290
2017-02-01,Furniture and Home Furnishings Stores,9287
2017-02-01,Gasoline Stations,40144
2017-02-01,General Merchandise Stores,57141
2017-02-01,Health and Personal Care Stores,26015
2017-02-01,Miscellaneous Store Retailers,9227
2017-02-01,Motor Vehicle and Parts Dealers,97227
2017-02-01,Nonstore Retailers,45735
2017-02-01,Retail Trade Total,408155
2017-02-01,"Retail and food services sales, total",464284
2017-02-01,Retail sales and food services excl motor vehicle and parts,367057
2017-02-01,"Sporting Goods, Hobby, Musical Instrument, and Book Stores",6799
2017-02-01,Store(Offline),362420
2017-01-01,Building Mat. and Garden Equip. and Supplies Dealers,28260
2017-01-01,Clothing and Clothing Access. Stores,21488
2017-01-01,Electronics and Appliance Stores,7583
2017-01-01,Food and Beverage Stores,58898
2017-01-01,Furniture and Home Furnishings Stores,9291
2017-01-01,Gasoline Stations,39807
2017-01-01,General Merchandise Stores,57887
2017-01-01,Health and Personal Care Stores,25711
2017-01-01,Miscellaneous Store Retailers,9075
2017-01-01,Motor Vehicle and Parts Dealers,97827
2017-01-01,Nonstore Retailers,45523
2017-01-01,Retail Trade Total,408269
2017-01-01,"Retail and food services sales, total",464412
2017-01-01,Retail sales and food services excl motor vehicle and parts,366585
2017-01-01,"Sporting Goods, Hobby, Musical Instrument, and Book Stores",6919
2017-01-01,Store(Offline),362746
2016-12-01,Building Mat. and Garden Equip. and Supplies Dealers,27950
2016-12-01,Clothing and Clothing Access. Stores,21374
2016-12-01,Electronics and Appliance Stores,7488
2016-12-01,Food and Beverage Stores,58787
2016-12-01,Furniture and Home Furnishings Stores,9138
2016-12-01,Gasoline Stations,39288
2016-12-01,General Merchandise Stores,56249
2016-12-01,Health and Personal Care Stores,25687
2016-12-01,Miscellaneous Store Retailers,9132
2016-12-01,Motor Vehicle and Parts Dealers,97895
2016-12-01,Nonstore Retailers,45319
2016-12-01,Retail Trade Total,405114
2016-12-01,"Retail and food services sales, total",459305
2016-12-01,Retail sales and food services excl motor vehicle and parts,361410
2016-12-01,"Sporting Goods, Hobby, Musical Instrument, and Book Stores",6807
2016-12-01,Store(Offline),359795
2016-11-01,Building Mat. and Garden Equip. and Supplies Dealers,28030
2016-11-01,Clothing and Clothing Access. Stores,20927
2016-11-01,Electronics and Appliance Stores,7423
2016-11-01,Food and Beverage Stores,58485
2016-11-01,Furniture and Home Furnishings Stores,9161
2016-11-01,Gasoline Stations,37388
2016-11-01,General Merchandise Stores,56488
2016-11-01,Health and Personal Care Stores,25604
2016-11-01,Miscellaneous Store Retailers,8963
2016-11-01,Motor Vehicle and Parts Dealers,95220
2016-11-01,Nonstore Retailers,44295
2016-11-01,Retail Trade Total,398680
2016-11-01,"Retail and food services sales, total",453892
2016-11-01,Retail sales and food services excl motor vehicle and parts,358672
2016-11-01,"Sporting Goods, Hobby, Musical Instrument, and Book Stores",6696
2016-11-01,Store(Offline),354385
2016-10-01,Building Mat. and Garden Equip. and Supplies Dealers,27853
2016-10-01,Clothing and Clothing Access. Stores,21165
2016-10-01,Electronics and Appliance Stores,7519
2016-10-01,Food and Beverage Stores,58433
2016-10-01,Furniture and Home Furnishings Stores,9171
2016-10-01,Gasoline Stations,37800
2016-10-01,General Merchandise Stores,56647
2016-10-01,Health and Personal Care Stores,25356
2016-10-01,Miscellaneous Store Retailers,9305
2016-10-01,Motor Vehicle and Parts Dealers,95532
2016-10-01,Nonstore Retailers,44042
2016-10-01,Retail Trade Total,399637
2016-10-01,"Retail and food services sales, total",453847
2016-10-01,Retail sales and food services excl motor vehicle and parts,358315
2016-10-01,"Sporting Goods, Hobby, Musical Instrument, and Book Stores",6814
2016-10-01,Store(Offline),355595
2016-09-01,Building Mat. and Garden Equip. and Supplies Dealers,27836
2016-09-01,Clothing and Clothing Access. Stores,21347
2016-09-01,Electronics and Appliance Stores,7605
2016-09-01,Food and Beverage Stores,58190
2016-09-01,Furniture and Home Furnishings Stores,9340
2016-09-01,Gasoline Stations,36774
2016-09-01,General Merchandise Stores,56116
2016-09-01,Health and Personal Care Stores,26166
2016-09-01,Miscellaneous Store Retailers,9166
2016-09-01,Motor Vehicle and Parts Dealers,95834
2016-09-01,Nonstore Retailers,43645
2016-09-01,Retail Trade Total,398797
2016-09-01,"Retail and food services sales, total",453056
2016-09-01,Retail sales and food services excl motor vehicle and parts,357222
2016-09-01,"Sporting Goods, Hobby, Musical Instrument, and Book Stores",6778
2016-09-01,Store(Offline),355152
2016-08-01,Building Mat. and Garden Equip. and Supplies Dealers,27655
2016-08-01,Clothing and Clothing Access. Stores,21215
2016-08-01,Electronics and Appliance Stores,7890
2016-08-01,Food and Beverage Stores,57747
2016-08-01,Furniture and Home Furnishings Stores,9120
2016-08-01,Gasoline Stations,35836
2016-08-01,General Merchandise Stores,56701
2016-08-01,Health and Personal Care Stores,26147
2016-08-01,Miscellaneous Store Retailers,8924
2016-08-01,Motor Vehicle and Parts Dealers,95070
2016-08-01,Nonstore Retailers,43235
2016-08-01,Retail Trade Total,396293
2016-08-01,"Retail and food services sales, total",449946
2016-08-01,Retail sales and food services excl motor vehicle and parts,354876
2016-08-01,"Sporting Goods, Hobby, Musical Instrument, and Book Stores",6753
2016-08-01,Store(Offline),353058
2016-07-01,Building Mat. and Garden Equip. and Supplies Dealers,27843
2016-07-01,Clothing and Clothing Access. Stores,20903
2016-07-01,Electronics and Appliance Stores,7820
2016-07-01,Food and Beverage Stores,57519
2016-07-01,Furniture and Home Furnishings Stores,9151
2016-07-01,Gasoline Stations,36720
2016-07-01,General Merchandise Stores,56756
2016-07-01,Health and Personal Care Stores,26250
2016-07-01,Miscellaneous Store Retailers,9002
2016-07-01,Motor Vehicle and Parts Dealers,94683
2016-07-01,Nonstore Retailers,42959
2016-07-01,Retail Trade Total,396545
2016-07-01,"Retail and food services sales, total",449789
2016-07-01,Retail sales and food services excl motor vehicle and parts,355106
2016-07-01,"Sporting Goods, Hobby, Musical Instrument, and Book Stores",6939
2016-07-01,Store(Offline),353586
2016-06-01,Building Mat. and Garden Equip. and Supplies Dealers,28143
2016-06-01,Clothing and Clothing Access. Stores,21099
2016-06-01,Electronics and Appliance Stores,7770
2016-06-01,Food and Beverage Stores,57815
2016-06-01,Furniture and Home Furnishings Stores,9213
2016-06-01,Gasoline Stations,37040
2016-06-01,General Merchandise Stores,57016
2016-06-01,Health and Personal Care Stores,26256
2016-06-01,Miscellaneous Store Retailers,9032
2016-06-01,Motor Vehicle and Parts Dealers,93454
2016-06-01,Nonstore Retailers,43012
2016-06-01,Retail Trade Total,397113
2016-06-01,"Retail and food services sales, total",450237
2016-06-01,Retail sales and food services excl motor vehicle and parts,356783
2016-06-01,"Sporting Goods, Hobby, Musical Instrument, and Book Stores",7263
2016-06-01,Store(Offline),354101
2016-05-01,Building Mat. and Garden Equip. and Supplies Dealers,27334
2016-05-01,Clothing and Clothing Access. Stores,20965
2016-05-01,Electronics and Appliance Stores,7798
2016-05-01,Food and Beverage Stores,57457
2016-05-01,Furniture and Home Furnishings Stores,9061
2016-05-01,Gasoline Stations,35911
2016-05-01,General Merchandise Stores,56600
2016-05-01,Health and Personal Care Stores,26146
2016-05-01,Miscellaneous Store Retailers,8963
2016-05-01,Motor Vehicle and Parts Dealers,92706
2016-05-01,Nonstore Retailers,42392
2016-05-01,Retail Trade Total,392299
2016-05-01,"Retail and food services sales, total",445490
2016-05-01,Retail sales and food services excl motor vehicle and parts,352784
2016-05-01,"Sporting Goods, Hobby, Musical Instrument, and Book Stores",6966
2016-05-01,Store(Offline),349907
2016-04-01,Building Mat. and Garden Equip. and Supplies Dealers,27785
2016-04-01,Clothing and Clothing Access. Stores,20855
2016-04-01,Electronics and Appliance Stores,7773
2016-04-01,Food and Beverage Stores,57213
2016-04-01,Furniture and Home Furnishings Stores,9014
2016-04-01,Gasoline Stations,35090
2016-04-01,General Merchandise Stores,56952
2016-04-01,Health and Personal Care Stores,26170
2016-04-01,Miscellaneous Store Retailers,9103
2016-04-01,Motor Vehicle and Parts Dealers,92488
2016-04-01,Nonstore Retailers,41743
2016-04-01,Retail Trade Total,391112
2016-04-01,"Retail and food services sales, total",444254
2016-04-01,Retail sales and food services excl motor vehicle and parts,351766
2016-04-01,"Sporting Goods, Hobby, Musical Instrument, and Book Stores",6926
2016-04-01,Store(Offline),349369
2016-03-01,Building Mat. and Garden Equip. and Supplies Dealers,28714
2016-03-01,Clothing and Clothing Access. Stores,20918
2016-03-01,Electronics and Appliance Stores,7764
2016-03-01,Food and Beverage Stores,56589
2016-03-01,Furniture and Home Furnishings Stores,9026
2016-03-01,Gasoline Stations,34051
2016-03-01,General Merchandise Stores,56884
2016-03-01,Health and Personal Care Stores,25974
2016-03-01,Miscellaneous Store Retailers,9004
2016-03-01,Motor Vehicle and Parts Dealers,92065
2016-03-01,Nonstore Retailers,41024
2016-03-01,Retail Trade Total,388998
2016-03-01,"Retail and food services sales, total",441856
2016-03-01,Retail sales and food services excl motor vehicle and parts,349791
2016-03-01,"Sporting Goods, Hobby, Musical Instrument, and Book Stores",6985
2016-03-01,Store(Offline),347974
